
Tue Apr 28 2026 11:26:26:969 GMT-0600 (Mountain Daylight Time) -- Binary semantic version is v8.9.29
Tue Apr 28 2026 11:26:26:969 GMT-0600 (Mountain Daylight Time) -- Setting output as extra verbose with request parsing
Tue Apr 28 2026 11:26:30:885 GMT-0600 (Mountain Daylight Time) -- Starting configuration console on http://localhost:45454
Tue Apr 28 2026 11:26:32:832 GMT-0600 (Mountain Daylight Time) -- [SUCCESS] You can now access your local server(s) in our remote browser

Tue Apr 28 2026 11:26:34:207 GMT-0600 (Mountain Daylight Time) -- undefined
Tue Apr 28 2026 11:26:36:853 GMT-0600 (Mountain Daylight Time) -- Connecting to BrowserStack using WebSocket protocol...
Tue Apr 28 2026 11:26:36:853 GMT-0600 (Mountain Daylight Time) -- Platform supports WebSocket connections.

Tue Apr 28 2026 11:26:36:961 GMT-0600 (Mountain Daylight Time) -- Press Ctrl-C to exit



Tue Apr 28 2026 11:32:05:330 GMT-0600 (Mountain Daylight Time) -- Binary semantic version is v8.9.29
Tue Apr 28 2026 11:32:05:330 GMT-0600 (Mountain Daylight Time) -- Setting output as extra verbose with request parsing
Tue Apr 28 2026 11:32:08:328 GMT-0600 (Mountain Daylight Time) -- Starting configuration console on http://localhost:45454
Tue Apr 28 2026 11:32:10:280 GMT-0600 (Mountain Daylight Time) -- [SUCCESS] You can now access your local server(s) in our remote browser

Tue Apr 28 2026 11:32:11:661 GMT-0600 (Mountain Daylight Time) -- undefined
Tue Apr 28 2026 11:32:14:286 GMT-0600 (Mountain Daylight Time) -- Connecting to BrowserStack using WebSocket protocol...
Tue Apr 28 2026 11:32:14:286 GMT-0600 (Mountain Daylight Time) -- Platform supports WebSocket connections.

Tue Apr 28 2026 11:32:14:387 GMT-0600 (Mountain Daylight Time) -- Press Ctrl-C to exit



Tue Apr 28 2026 11:42:54:756 GMT-0600 (Mountain Daylight Time) -- Binary semantic version is v8.9.29
Tue Apr 28 2026 11:42:54:756 GMT-0600 (Mountain Daylight Time) -- Setting output as extra verbose with request parsing
Tue Apr 28 2026 11:42:57:698 GMT-0600 (Mountain Daylight Time) -- Starting configuration console on http://localhost:45454
Tue Apr 28 2026 11:42:59:845 GMT-0600 (Mountain Daylight Time) -- [SUCCESS] You can now access your local server(s) in our remote browser

Tue Apr 28 2026 11:43:01:226 GMT-0600 (Mountain Daylight Time) -- undefined
Tue Apr 28 2026 11:43:03:871 GMT-0600 (Mountain Daylight Time) -- Connecting to BrowserStack using WebSocket protocol...
Tue Apr 28 2026 11:43:03:871 GMT-0600 (Mountain Daylight Time) -- Platform supports WebSocket connections.

Tue Apr 28 2026 11:43:03:979 GMT-0600 (Mountain Daylight Time) -- Press Ctrl-C to exit



Tue Apr 28 2026 11:49:26:467 GMT-0600 (Mountain Daylight Time) -- Binary semantic version is v8.9.29
Tue Apr 28 2026 11:49:26:467 GMT-0600 (Mountain Daylight Time) -- Setting output as extra verbose with request parsing
Tue Apr 28 2026 11:49:29:389 GMT-0600 (Mountain Daylight Time) -- Starting configuration console on http://localhost:45454
Tue Apr 28 2026 11:49:31:299 GMT-0600 (Mountain Daylight Time) -- [SUCCESS] You can now access your local server(s) in our remote browser

Tue Apr 28 2026 11:49:32:705 GMT-0600 (Mountain Daylight Time) -- undefined
Tue Apr 28 2026 11:49:35:344 GMT-0600 (Mountain Daylight Time) -- Connecting to BrowserStack using WebSocket protocol...
Tue Apr 28 2026 11:49:35:344 GMT-0600 (Mountain Daylight Time) -- Platform supports WebSocket connections.

Tue Apr 28 2026 11:49:35:456 GMT-0600 (Mountain Daylight Time) -- Press Ctrl-C to exit


Tue Apr 28 2026 11:50:06:477 GMT-0600 (Mountain Daylight Time) -- Request to: csi-tst.avotech.com:443
Tue Apr 28 2026 11:50:06:477 GMT-0600 (Mountain Daylight Time) -- [PARSING HANDSHAKE][11][5087956] Handshake request to csi-tst.avotech.com:443
Tue Apr 28 2026 11:50:06:478 GMT-0600 (Mountain Daylight Time) -- Connecting to: csi-tst.avotech.com:443
Tue Apr 28 2026 11:50:07:342 GMT-0600 (Mountain Daylight Time) -- csi-tst.avotech.com:443 socket connected.
Tue Apr 28 2026 11:50:07:343 GMT-0600 (Mountain Daylight Time) -- Connected to: 43.198.163.205
Tue Apr 28 2026 11:50:08:155 GMT-0600 (Mountain Daylight Time) -- Writing 1312 bytes response from: csi-tst.avotech.com:443
Tue Apr 28 2026 11:50:08:156 GMT-0600 (Mountain Daylight Time) -- Writing 2082 bytes response from: csi-tst.avotech.com:443
Tue Apr 28 2026 11:50:09:35 GMT-0600 (Mountain Daylight Time) -- Writing 241 bytes response from: csi-tst.avotech.com:443
Tue Apr 28 2026 11:50:09:534 GMT-0600 (Mountain Daylight Time) -- Writing 31 bytes response from: csi-tst.avotech.com:443
Tue Apr 28 2026 11:50:09:549 GMT-0600 (Mountain Daylight Time) -- Writing 943 bytes response from: csi-tst.avotech.com:443
Tue Apr 28 2026 11:50:09:550 GMT-0600 (Mountain Daylight Time) -- Writing 1064 bytes response from: csi-tst.avotech.com:443
Tue Apr 28 2026 11:50:10:601 GMT-0600 (Mountain Daylight Time) -- Writing 1312 bytes response from: csi-tst.avotech.com:443
Tue Apr 28 2026 11:50:12:588 GMT-0600 (Mountain Daylight Time) -- Writing 19149 bytes response from: csi-tst.avotech.com:443
Tue Apr 28 2026 11:50:12:600 GMT-0600 (Mountain Daylight Time) -- Writing 1312 bytes response from: csi-tst.avotech.com:443
Tue Apr 28 2026 11:50:13:582 GMT-0600 (Mountain Daylight Time) -- Writing 2624 bytes response from: csi-tst.avotech.com:443
Tue Apr 28 2026 11:50:13:583 GMT-0600 (Mountain Daylight Time) -- Writing 11808 bytes response from: csi-tst.avotech.com:443
Tue Apr 28 2026 11:50:13:630 GMT-0600 (Mountain Daylight Time) -- Writing 1312 bytes response from: csi-tst.avotech.com:443
Tue Apr 28 2026 11:50:13:636 GMT-0600 (Mountain Daylight Time) -- Writing 1312 bytes response from: csi-tst.avotech.com:443
Tue Apr 28 2026 11:50:14:77 GMT-0600 (Mountain Daylight Time) -- Writing 1312 bytes response from: csi-tst.avotech.com:443
Tue Apr 28 2026 11:50:14:78 GMT-0600 (Mountain Daylight Time) -- Writing 1312 bytes response from: csi-tst.avotech.com:443
Tue Apr 28 2026 11:50:14:120 GMT-0600 (Mountain Daylight Time) -- Writing 2624 bytes response from: csi-tst.avotech.com:443
Tue Apr 28 2026 11:50:14:758 GMT-0600 (Mountain Daylight Time) -- Writing 2624 bytes response from: csi-tst.avotech.com:443
Tue Apr 28 2026 11:50:15:81 GMT-0600 (Mountain Daylight Time) -- Writing 9184 bytes response from: csi-tst.avotech.com:443
Tue Apr 28 2026 11:50:15:123 GMT-0600 (Mountain Daylight Time) -- Writing 1312 bytes response from: csi-tst.avotech.com:443
Tue Apr 28 2026 11:50:16:67 GMT-0600 (Mountain Daylight Time) -- Writing 5248 bytes response from: csi-tst.avotech.com:443
Tue Apr 28 2026 11:50:16:563 GMT-0600 (Mountain Daylight Time) -- Writing 3936 bytes response from: csi-tst.avotech.com:443
Tue Apr 28 2026 11:50:16:670 GMT-0600 (Mountain Daylight Time) -- Writing 1312 bytes response from: csi-tst.avotech.com:443
Tue Apr 28 2026 11:50:17:60 GMT-0600 (Mountain Daylight Time) -- Writing 1312 bytes response from: csi-tst.avotech.com:443
Tue Apr 28 2026 11:50:17:109 GMT-0600 (Mountain Daylight Time) -- Writing 1312 bytes response from: csi-tst.avotech.com:443
Tue Apr 28 2026 11:50:17:221 GMT-0600 (Mountain Daylight Time) -- Writing 1312 bytes response from: csi-tst.avotech.com:443
Tue Apr 28 2026 11:50:17:221 GMT-0600 (Mountain Daylight Time) -- Writing 1312 bytes response from: csi-tst.avotech.com:443
Tue Apr 28 2026 11:50:17:610 GMT-0600 (Mountain Daylight Time) -- Writing 2624 bytes response from: csi-tst.avotech.com:443
Tue Apr 28 2026 11:50:18:340 GMT-0600 (Mountain Daylight Time) -- Writing 3936 bytes response from: csi-tst.avotech.com:443
Tue Apr 28 2026 11:50:18:840 GMT-0600 (Mountain Daylight Time) -- Writing 2624 bytes response from: csi-tst.avotech.com:443
Tue Apr 28 2026 11:50:19:337 GMT-0600 (Mountain Daylight Time) -- Writing 2624 bytes response from: csi-tst.avotech.com:443
Tue Apr 28 2026 11:50:19:338 GMT-0600 (Mountain Daylight Time) -- Writing 1312 bytes response from: csi-tst.avotech.com:443
Tue Apr 28 2026 11:50:19:831 GMT-0600 (Mountain Daylight Time) -- Writing 1312 bytes response from: csi-tst.avotech.com:443
Tue Apr 28 2026 11:50:19:832 GMT-0600 (Mountain Daylight Time) -- Writing 1312 bytes response from: csi-tst.avotech.com:443
Tue Apr 28 2026 11:50:19:882 GMT-0600 (Mountain Daylight Time) -- Writing 2624 bytes response from: csi-tst.avotech.com:443
Tue Apr 28 2026 11:50:20:331 GMT-0600 (Mountain Daylight Time) -- Writing 1312 bytes response from: csi-tst.avotech.com:443
Tue Apr 28 2026 11:50:20:332 GMT-0600 (Mountain Daylight Time) -- Writing 1312 bytes response from: csi-tst.avotech.com:443
Tue Apr 28 2026 11:50:21:883 GMT-0600 (Mountain Daylight Time) -- Writing 7872 bytes response from: csi-tst.avotech.com:443
Tue Apr 28 2026 11:50:22:380 GMT-0600 (Mountain Daylight Time) -- Writing 2624 bytes response from: csi-tst.avotech.com:443
Tue Apr 28 2026 11:50:22:879 GMT-0600 (Mountain Daylight Time) -- Writing 1312 bytes response from: csi-tst.avotech.com:443
Tue Apr 28 2026 11:50:22:880 GMT-0600 (Mountain Daylight Time) -- Writing 2624 bytes response from: csi-tst.avotech.com:443
Tue Apr 28 2026 11:50:23:374 GMT-0600 (Mountain Daylight Time) -- Writing 2624 bytes response from: csi-tst.avotech.com:443
Tue Apr 28 2026 11:50:24:0 GMT-0600 (Mountain Daylight Time) -- Writing 5248 bytes response from: csi-tst.avotech.com:443
Tue Apr 28 2026 11:50:24:368 GMT-0600 (Mountain Daylight Time) -- Writing 1312 bytes response from: csi-tst.avotech.com:443
Tue Apr 28 2026 11:50:24:493 GMT-0600 (Mountain Daylight Time) -- Writing 1312 bytes response from: csi-tst.avotech.com:443
Tue Apr 28 2026 11:50:24:868 GMT-0600 (Mountain Daylight Time) -- Writing 1312 bytes response from: csi-tst.avotech.com:443
Tue Apr 28 2026 11:50:24:868 GMT-0600 (Mountain Daylight Time) -- Writing 1312 bytes response from: csi-tst.avotech.com:443
Tue Apr 28 2026 11:50:25:32 GMT-0600 (Mountain Daylight Time) -- Writing 1312 bytes response from: csi-tst.avotech.com:443
Tue Apr 28 2026 11:50:25:365 GMT-0600 (Mountain Daylight Time) -- Writing 1312 bytes response from: csi-tst.avotech.com:443
Tue Apr 28 2026 11:50:25:365 GMT-0600 (Mountain Daylight Time) -- Writing 1312 bytes response from: csi-tst.avotech.com:443
Tue Apr 28 2026 11:50:26:201 GMT-0600 (Mountain Daylight Time) -- Writing 6560 bytes response from: csi-tst.avotech.com:443
Tue Apr 28 2026 11:50:26:570 GMT-0600 (Mountain Daylight Time) -- Writing 1312 bytes response from: csi-tst.avotech.com:443
Tue Apr 28 2026 11:50:26:697 GMT-0600 (Mountain Daylight Time) -- Writing 1312 bytes response from: csi-tst.avotech.com:443
Tue Apr 28 2026 11:50:27:118 GMT-0600 (Mountain Daylight Time) -- Writing 2624 bytes response from: csi-tst.avotech.com:443
Tue Apr 28 2026 11:50:27:239 GMT-0600 (Mountain Daylight Time) -- Writing 1312 bytes response from: csi-tst.avotech.com:443
Tue Apr 28 2026 11:50:27:611 GMT-0600 (Mountain Daylight Time) -- Writing 2624 bytes response from: csi-tst.avotech.com:443
Tue Apr 28 2026 11:50:27:779 GMT-0600 (Mountain Daylight Time) -- Writing 1312 bytes response from: csi-tst.avotech.com:443
Tue Apr 28 2026 11:50:27:779 GMT-0600 (Mountain Daylight Time) -- Writing 1312 bytes response from: csi-tst.avotech.com:443
Tue Apr 28 2026 11:50:28:105 GMT-0600 (Mountain Daylight Time) -- Writing 2624 bytes response from: csi-tst.avotech.com:443
Tue Apr 28 2026 11:50:28:274 GMT-0600 (Mountain Daylight Time) -- Writing 2624 bytes response from: csi-tst.avotech.com:443
Tue Apr 28 2026 11:50:28:602 GMT-0600 (Mountain Daylight Time) -- Writing 1312 bytes response from: csi-tst.avotech.com:443
Tue Apr 28 2026 11:50:28:603 GMT-0600 (Mountain Daylight Time) -- Writing 1312 bytes response from: csi-tst.avotech.com:443
Tue Apr 28 2026 11:50:28:770 GMT-0600 (Mountain Daylight Time) -- Writing 2624 bytes response from: csi-tst.avotech.com:443
Tue Apr 28 2026 11:50:29:97 GMT-0600 (Mountain Daylight Time) -- Writing 2624 bytes response from: csi-tst.avotech.com:443
Tue Apr 28 2026 11:50:29:270 GMT-0600 (Mountain Daylight Time) -- Writing 1312 bytes response from: csi-tst.avotech.com:443
Tue Apr 28 2026 11:50:29:271 GMT-0600 (Mountain Daylight Time) -- Writing 1312 bytes response from: csi-tst.avotech.com:443
Tue Apr 28 2026 11:50:29:590 GMT-0600 (Mountain Daylight Time) -- Writing 1312 bytes response from: csi-tst.avotech.com:443
Tue Apr 28 2026 11:50:29:590 GMT-0600 (Mountain Daylight Time) -- Writing 1312 bytes response from: csi-tst.avotech.com:443
Tue Apr 28 2026 11:50:29:764 GMT-0600 (Mountain Daylight Time) -- Writing 2624 bytes response from: csi-tst.avotech.com:443
Tue Apr 28 2026 11:50:29:770 GMT-0600 (Mountain Daylight Time) -- Writing 1312 bytes response from: csi-tst.avotech.com:443
Tue Apr 28 2026 11:50:30:86 GMT-0600 (Mountain Daylight Time) -- Writing 2624 bytes response from: csi-tst.avotech.com:443
Tue Apr 28 2026 11:50:30:86 GMT-0600 (Mountain Daylight Time) -- Writing 2624 bytes response from: csi-tst.avotech.com:443
Tue Apr 28 2026 11:50:30:802 GMT-0600 (Mountain Daylight Time) -- Writing 10496 bytes response from: csi-tst.avotech.com:443

Tue Apr 28 2026 13:30:22:723 GMT-0600 (Mountain Daylight Time) -- Binary semantic version is v8.9.29
Tue Apr 28 2026 13:30:22:723 GMT-0600 (Mountain Daylight Time) -- Setting output as extra verbose with request parsing
Tue Apr 28 2026 13:30:25:871 GMT-0600 (Mountain Daylight Time) -- Starting configuration console on http://localhost:45454
Tue Apr 28 2026 13:30:27:886 GMT-0600 (Mountain Daylight Time) -- [SUCCESS] You can now access your local server(s) in our remote browser

Tue Apr 28 2026 13:30:29:281 GMT-0600 (Mountain Daylight Time) -- undefined
Tue Apr 28 2026 13:30:32:124 GMT-0600 (Mountain Daylight Time) -- Connecting to BrowserStack using WebSocket protocol...
Tue Apr 28 2026 13:30:32:124 GMT-0600 (Mountain Daylight Time) -- Platform supports WebSocket connections.

Tue Apr 28 2026 13:30:32:232 GMT-0600 (Mountain Daylight Time) -- Press Ctrl-C to exit



Tue Apr 28 2026 13:54:55:957 GMT-0600 (Mountain Daylight Time) -- Binary semantic version is v8.9.29
Tue Apr 28 2026 13:54:55:958 GMT-0600 (Mountain Daylight Time) -- Setting output as extra verbose with request parsing
Tue Apr 28 2026 13:54:58:982 GMT-0600 (Mountain Daylight Time) -- Starting configuration console on http://localhost:45454
Tue Apr 28 2026 13:55:00:966 GMT-0600 (Mountain Daylight Time) -- [SUCCESS] You can now access your local server(s) in our remote browser

Tue Apr 28 2026 13:55:02:362 GMT-0600 (Mountain Daylight Time) -- undefined
Tue Apr 28 2026 13:55:05:225 GMT-0600 (Mountain Daylight Time) -- Connecting to BrowserStack using WebSocket protocol...
Tue Apr 28 2026 13:55:05:225 GMT-0600 (Mountain Daylight Time) -- Platform supports WebSocket connections.

Tue Apr 28 2026 13:55:05:330 GMT-0600 (Mountain Daylight Time) -- Press Ctrl-C to exit



Tue Apr 28 2026 14:00:18:674 GMT-0600 (Mountain Daylight Time) -- Binary semantic version is v8.9.29
Tue Apr 28 2026 14:00:18:674 GMT-0600 (Mountain Daylight Time) -- Setting output as extra verbose with request parsing
Tue Apr 28 2026 14:00:21:646 GMT-0600 (Mountain Daylight Time) -- Starting configuration console on http://localhost:45454
Tue Apr 28 2026 14:00:23:747 GMT-0600 (Mountain Daylight Time) -- [SUCCESS] You can now access your local server(s) in our remote browser

Tue Apr 28 2026 14:00:25:119 GMT-0600 (Mountain Daylight Time) -- undefined
Tue Apr 28 2026 14:00:28:8 GMT-0600 (Mountain Daylight Time) -- Connecting to BrowserStack using WebSocket protocol...
Tue Apr 28 2026 14:00:28:8 GMT-0600 (Mountain Daylight Time) -- Platform supports WebSocket connections.

Tue Apr 28 2026 14:00:28:120 GMT-0600 (Mountain Daylight Time) -- Press Ctrl-C to exit



Tue Apr 28 2026 14:11:02:132 GMT-0600 (Mountain Daylight Time) -- Binary semantic version is v8.9.29
Tue Apr 28 2026 14:11:02:132 GMT-0600 (Mountain Daylight Time) -- Setting output as extra verbose with request parsing
Tue Apr 28 2026 14:11:05:76 GMT-0600 (Mountain Daylight Time) -- Starting configuration console on http://localhost:45454
Tue Apr 28 2026 14:11:07:57 GMT-0600 (Mountain Daylight Time) -- [SUCCESS] You can now access your local server(s) in our remote browser

Tue Apr 28 2026 14:11:08:460 GMT-0600 (Mountain Daylight Time) -- undefined
Tue Apr 28 2026 14:11:11:166 GMT-0600 (Mountain Daylight Time) -- Connecting to BrowserStack using WebSocket protocol...
Tue Apr 28 2026 14:11:11:166 GMT-0600 (Mountain Daylight Time) -- Platform supports WebSocket connections.

Tue Apr 28 2026 14:11:11:267 GMT-0600 (Mountain Daylight Time) -- Press Ctrl-C to exit



Mon May 04 2026 09:35:04:393 GMT-0600 (Mountain Daylight Time) -- Binary semantic version is v8.9.29
Mon May 04 2026 09:35:04:393 GMT-0600 (Mountain Daylight Time) -- Setting output as extra verbose with request parsing
Mon May 04 2026 09:35:07:663 GMT-0600 (Mountain Daylight Time) -- Starting configuration console on http://localhost:45454
Mon May 04 2026 09:35:07:679 GMT-0600 (Mountain Daylight Time) -- [SUCCESS] You can now access your local server(s) in our remote browser

Mon May 04 2026 09:35:07:971 GMT-0600 (Mountain Daylight Time) -- Connecting to BrowserStack using WebSocket protocol...
Mon May 04 2026 09:35:07:971 GMT-0600 (Mountain Daylight Time) -- Platform supports WebSocket connections.

Mon May 04 2026 09:35:08:88 GMT-0600 (Mountain Daylight Time) -- Press Ctrl-C to exit



Mon May 04 2026 11:56:07:141 GMT-0600 (Mountain Daylight Time) -- Binary semantic version is v8.9.29
Mon May 04 2026 11:56:07:141 GMT-0600 (Mountain Daylight Time) -- Setting output as extra verbose with request parsing
Mon May 04 2026 11:56:10:417 GMT-0600 (Mountain Daylight Time) -- Starting configuration console on http://localhost:45454
Mon May 04 2026 11:56:12:394 GMT-0600 (Mountain Daylight Time) -- [SUCCESS] You can now access your local server(s) in our remote browser

Mon May 04 2026 11:56:13:791 GMT-0600 (Mountain Daylight Time) -- undefined
Mon May 04 2026 11:56:16:482 GMT-0600 (Mountain Daylight Time) -- Connecting to BrowserStack using WebSocket protocol...
Mon May 04 2026 11:56:16:482 GMT-0600 (Mountain Daylight Time) -- Platform supports WebSocket connections.

Mon May 04 2026 11:56:16:593 GMT-0600 (Mountain Daylight Time) -- Press Ctrl-C to exit



Mon May 04 2026 13:57:50:665 GMT-0600 (Mountain Daylight Time) -- Binary semantic version is v8.9.29
Mon May 04 2026 13:57:50:666 GMT-0600 (Mountain Daylight Time) -- Setting output as extra verbose with request parsing
Mon May 04 2026 13:57:53:869 GMT-0600 (Mountain Daylight Time) -- Starting configuration console on http://localhost:45454
Mon May 04 2026 13:57:56:133 GMT-0600 (Mountain Daylight Time) -- [SUCCESS] You can now access your local server(s) in our remote browser

Mon May 04 2026 13:57:57:525 GMT-0600 (Mountain Daylight Time) -- undefined
Mon May 04 2026 13:58:00:341 GMT-0600 (Mountain Daylight Time) -- Connecting to BrowserStack using WebSocket protocol...
Mon May 04 2026 13:58:00:341 GMT-0600 (Mountain Daylight Time) -- Platform supports WebSocket connections.

Mon May 04 2026 13:58:00:450 GMT-0600 (Mountain Daylight Time) -- Press Ctrl-C to exit



Mon May 04 2026 14:19:38:359 GMT-0600 (Mountain Daylight Time) -- Binary semantic version is v8.9.29
Mon May 04 2026 14:19:38:359 GMT-0600 (Mountain Daylight Time) -- Setting output as extra verbose with request parsing
Mon May 04 2026 14:19:41:560 GMT-0600 (Mountain Daylight Time) -- Starting configuration console on http://localhost:45454
Mon May 04 2026 14:19:43:588 GMT-0600 (Mountain Daylight Time) -- [SUCCESS] You can now access your local server(s) in our remote browser

Mon May 04 2026 14:19:44:948 GMT-0600 (Mountain Daylight Time) -- undefined
Mon May 04 2026 14:19:47:749 GMT-0600 (Mountain Daylight Time) -- Connecting to BrowserStack using WebSocket protocol...
Mon May 04 2026 14:19:47:749 GMT-0600 (Mountain Daylight Time) -- Platform supports WebSocket connections.

Mon May 04 2026 14:19:47:855 GMT-0600 (Mountain Daylight Time) -- Press Ctrl-C to exit



Tue May 05 2026 03:33:06:740 GMT-0600 (Mountain Daylight Time) -- Binary semantic version is v8.9.30
Tue May 05 2026 03:33:06:740 GMT-0600 (Mountain Daylight Time) -- Setting output as extra verbose with request parsing
Tue May 05 2026 03:33:09:963 GMT-0600 (Mountain Daylight Time) -- Starting configuration console on http://localhost:45454
Tue May 05 2026 03:33:09:963 GMT-0600 (Mountain Daylight Time) -- [SUCCESS] You can now access your local server(s) in our remote browser

Tue May 05 2026 03:33:10:291 GMT-0600 (Mountain Daylight Time) -- Connecting to BrowserStack using WebSocket protocol...
Tue May 05 2026 03:33:10:292 GMT-0600 (Mountain Daylight Time) -- Platform supports WebSocket connections.

Tue May 05 2026 03:33:10:398 GMT-0600 (Mountain Daylight Time) -- Press Ctrl-C to exit


Tue May 05 2026 03:33:11:824 GMT-0600 (Mountain Daylight Time) -- undefined
Tue May 05 2026 03:33:12:811 GMT-0600 (Mountain Daylight Time) -- undefined

Tue May 05 2026 10:16:55:869 GMT-0600 (Mountain Daylight Time) -- Binary semantic version is v8.9.30
Tue May 05 2026 10:16:55:869 GMT-0600 (Mountain Daylight Time) -- Setting output as extra verbose with request parsing
Tue May 05 2026 10:16:59:309 GMT-0600 (Mountain Daylight Time) -- Starting configuration console on http://localhost:45454
Tue May 05 2026 10:16:59:329 GMT-0600 (Mountain Daylight Time) -- [SUCCESS] You can now access your local server(s) in our remote browser

Tue May 05 2026 10:16:59:436 GMT-0600 (Mountain Daylight Time) -- Connecting to BrowserStack using WebSocket protocol...
Tue May 05 2026 10:16:59:436 GMT-0600 (Mountain Daylight Time) -- Platform supports WebSocket connections.

Tue May 05 2026 10:16:59:547 GMT-0600 (Mountain Daylight Time) -- Press Ctrl-C to exit



Tue May 05 2026 10:27:41:644 GMT-0600 (Mountain Daylight Time) -- Binary semantic version is v8.9.30
Tue May 05 2026 10:27:41:644 GMT-0600 (Mountain Daylight Time) -- Setting output as extra verbose with request parsing
Tue May 05 2026 10:27:44:568 GMT-0600 (Mountain Daylight Time) -- [SUCCESS] You can now access your local server(s) in our remote browser

Tue May 05 2026 10:27:44:608 GMT-0600 (Mountain Daylight Time) -- Starting configuration console on http://localhost:45454
Tue May 05 2026 10:27:44:746 GMT-0600 (Mountain Daylight Time) -- Connecting to BrowserStack using WebSocket protocol...
Tue May 05 2026 10:27:44:746 GMT-0600 (Mountain Daylight Time) -- Platform supports WebSocket connections.

Tue May 05 2026 10:27:44:859 GMT-0600 (Mountain Daylight Time) -- Press Ctrl-C to exit



Wed May 06 2026 12:59:06:630 GMT-0600 (Mountain Daylight Time) -- Binary semantic version is v8.9.30
Wed May 06 2026 12:59:06:630 GMT-0600 (Mountain Daylight Time) -- Setting output as extra verbose with request parsing
Wed May 06 2026 12:59:09:850 GMT-0600 (Mountain Daylight Time) -- Starting configuration console on http://localhost:45454
Wed May 06 2026 12:59:11:835 GMT-0600 (Mountain Daylight Time) -- [SUCCESS] You can now access your local server(s) in our remote browser

Wed May 06 2026 12:59:13:223 GMT-0600 (Mountain Daylight Time) -- undefined
Wed May 06 2026 12:59:15:916 GMT-0600 (Mountain Daylight Time) -- Connecting to BrowserStack using WebSocket protocol...
Wed May 06 2026 12:59:15:916 GMT-0600 (Mountain Daylight Time) -- Platform supports WebSocket connections.

Wed May 06 2026 12:59:16:17 GMT-0600 (Mountain Daylight Time) -- Press Ctrl-C to exit



Wed May 06 2026 13:22:35:82 GMT-0600 (Mountain Daylight Time) -- Binary semantic version is v8.9.30
Wed May 06 2026 13:22:35:82 GMT-0600 (Mountain Daylight Time) -- Setting output as extra verbose with request parsing
Wed May 06 2026 13:22:38:26 GMT-0600 (Mountain Daylight Time) -- Starting configuration console on http://localhost:45454
Wed May 06 2026 13:22:40:106 GMT-0600 (Mountain Daylight Time) -- [SUCCESS] You can now access your local server(s) in our remote browser

Wed May 06 2026 13:22:41:476 GMT-0600 (Mountain Daylight Time) -- undefined
Wed May 06 2026 13:22:44:227 GMT-0600 (Mountain Daylight Time) -- Connecting to BrowserStack using WebSocket protocol...
Wed May 06 2026 13:22:44:227 GMT-0600 (Mountain Daylight Time) -- Platform supports WebSocket connections.

Wed May 06 2026 13:22:44:336 GMT-0600 (Mountain Daylight Time) -- Press Ctrl-C to exit



Mon May 11 2026 10:36:05:28 GMT-0600 (Mountain Daylight Time) -- Binary semantic version is v8.9.30
Mon May 11 2026 10:36:05:28 GMT-0600 (Mountain Daylight Time) -- Setting output as extra verbose with request parsing
Mon May 11 2026 10:36:08:484 GMT-0600 (Mountain Daylight Time) -- Starting configuration console on http://localhost:45454
Mon May 11 2026 10:36:10:385 GMT-0600 (Mountain Daylight Time) -- [SUCCESS] You can now access your local server(s) in our remote browser

Mon May 11 2026 10:36:11:782 GMT-0600 (Mountain Daylight Time) -- undefined
Mon May 11 2026 10:36:14:328 GMT-0600 (Mountain Daylight Time) -- Connecting to BrowserStack using WebSocket protocol...
Mon May 11 2026 10:36:14:329 GMT-0600 (Mountain Daylight Time) -- Platform supports WebSocket connections.

Mon May 11 2026 10:36:14:444 GMT-0600 (Mountain Daylight Time) -- Press Ctrl-C to exit



Mon May 11 2026 10:37:30:909 GMT-0600 (Mountain Daylight Time) -- Binary semantic version is v8.9.30
Mon May 11 2026 10:37:30:910 GMT-0600 (Mountain Daylight Time) -- Setting output as extra verbose with request parsing
Mon May 11 2026 10:37:33:899 GMT-0600 (Mountain Daylight Time) -- Starting configuration console on http://localhost:45454
Mon May 11 2026 10:37:35:477 GMT-0600 (Mountain Daylight Time) -- [SUCCESS] You can now access your local server(s) in our remote browser

Mon May 11 2026 10:37:36:357 GMT-0600 (Mountain Daylight Time) -- Connecting to BrowserStack using WebSocket protocol...
Mon May 11 2026 10:37:36:358 GMT-0600 (Mountain Daylight Time) -- Platform supports WebSocket connections.

Mon May 11 2026 10:37:36:460 GMT-0600 (Mountain Daylight Time) -- Press Ctrl-C to exit



Mon May 11 2026 10:44:54:618 GMT-0600 (Mountain Daylight Time) -- Binary semantic version is v8.9.30
Mon May 11 2026 10:44:54:618 GMT-0600 (Mountain Daylight Time) -- Setting output as extra verbose with request parsing
Mon May 11 2026 10:44:57:633 GMT-0600 (Mountain Daylight Time) -- Starting configuration console on http://localhost:45454
Mon May 11 2026 10:44:59:632 GMT-0600 (Mountain Daylight Time) -- [SUCCESS] You can now access your local server(s) in our remote browser

Mon May 11 2026 10:45:01:30 GMT-0600 (Mountain Daylight Time) -- undefined
Mon May 11 2026 10:45:03:582 GMT-0600 (Mountain Daylight Time) -- Connecting to BrowserStack using WebSocket protocol...
Mon May 11 2026 10:45:03:582 GMT-0600 (Mountain Daylight Time) -- Platform supports WebSocket connections.

Mon May 11 2026 10:45:03:686 GMT-0600 (Mountain Daylight Time) -- Press Ctrl-C to exit


Mon May 11 2026 10:56:43:705 GMT-0600 (Mountain Daylight Time) -- 29 repeaters connected out of 30
Mon May 11 2026 10:56:43:707 GMT-0600 (Mountain Daylight Time) -- Connection closed by remote host.
Mon May 11 2026 10:56:45:459 GMT-0600 (Mountain Daylight Time) -- 28 repeaters connected out of 30
Mon May 11 2026 10:56:45:459 GMT-0600 (Mountain Daylight Time) -- Connection closed by remote host.
Mon May 11 2026 10:56:49:136 GMT-0600 (Mountain Daylight Time) -- Connecting to BrowserStack using WebSocket protocol...
Mon May 11 2026 10:56:49:136 GMT-0600 (Mountain Daylight Time) -- Platform supports WebSocket connections.

Mon May 11 2026 10:56:49:243 GMT-0600 (Mountain Daylight Time) -- Press Ctrl-C to exit


Mon May 11 2026 11:00:06:137 GMT-0600 (Mountain Daylight Time) -- undefined
Mon May 11 2026 11:00:32:670 GMT-0600 (Mountain Daylight Time) -- 29 repeaters connected out of 30
Mon May 11 2026 11:00:32:670 GMT-0600 (Mountain Daylight Time) -- Connection closed by remote host.
Mon May 11 2026 11:00:36:378 GMT-0600 (Mountain Daylight Time) -- Connecting to BrowserStack using WebSocket protocol...
Mon May 11 2026 11:00:36:378 GMT-0600 (Mountain Daylight Time) -- Platform supports WebSocket connections.

Mon May 11 2026 11:00:36:479 GMT-0600 (Mountain Daylight Time) -- Press Ctrl-C to exit


Mon May 11 2026 11:00:46:277 GMT-0600 (Mountain Daylight Time) -- 29 repeaters connected out of 30
Mon May 11 2026 11:00:46:277 GMT-0600 (Mountain Daylight Time) -- Connection closed by remote host.
Mon May 11 2026 11:00:49:634 GMT-0600 (Mountain Daylight Time) -- Connecting to BrowserStack using WebSocket protocol...
Mon May 11 2026 11:00:49:634 GMT-0600 (Mountain Daylight Time) -- Platform supports WebSocket connections.

Mon May 11 2026 11:00:49:735 GMT-0600 (Mountain Daylight Time) -- Press Ctrl-C to exit


Mon May 11 2026 11:00:52:323 GMT-0600 (Mountain Daylight Time) -- 29 repeaters connected out of 30
Mon May 11 2026 11:00:52:324 GMT-0600 (Mountain Daylight Time) -- Connection closed by remote host.
Mon May 11 2026 11:00:54:823 GMT-0600 (Mountain Daylight Time) -- 28 repeaters connected out of 30
Mon May 11 2026 11:00:54:824 GMT-0600 (Mountain Daylight Time) -- Connection closed by remote host.
Mon May 11 2026 11:01:00:93 GMT-0600 (Mountain Daylight Time) -- Connecting to BrowserStack using WebSocket protocol...
Mon May 11 2026 11:01:00:93 GMT-0600 (Mountain Daylight Time) -- Platform supports WebSocket connections.

Mon May 11 2026 11:01:00:208 GMT-0600 (Mountain Daylight Time) -- Press Ctrl-C to exit



Wed Jun 17 2026 07:44:51:726 GMT-0600 (Mountain Daylight Time) -- Binary semantic version is v8.9.32
Wed Jun 17 2026 07:44:51:726 GMT-0600 (Mountain Daylight Time) -- Setting output as extra verbose with request parsing
Wed Jun 17 2026 07:44:55:665 GMT-0600 (Mountain Daylight Time) -- Starting configuration console on http://localhost:45454
Wed Jun 17 2026 07:44:58:210 GMT-0600 (Mountain Daylight Time) -- Error in establishing connection.
Wed Jun 17 2026 07:44:58:210 GMT-0600 (Mountain Daylight Time) -- getaddrinfo ENOTFOUND repeater-local-004-dcp-use2a-prod.browserstack.com repeater-local-004-dcp-use2a-prod.browserstack.com:443
Wed Jun 17 2026 07:44:58:211 GMT-0600 (Mountain Daylight Time) -- 0 repeaters connected out of 30
Wed Jun 17 2026 07:44:58:211 GMT-0600 (Mountain Daylight Time) -- Resetting connection for 20616 as connected repeaters count is below threshold.
Wed Jun 17 2026 07:44:58:218 GMT-0600 (Mountain Daylight Time) -- Connection closed by remote host.
Wed Jun 17 2026 07:44:58:815 GMT-0600 (Mountain Daylight Time) -- 0 repeaters connected out of 30
Wed Jun 17 2026 07:44:58:815 GMT-0600 (Mountain Daylight Time) -- Connection closed by remote host.
Wed Jun 17 2026 07:44:59:119 GMT-0600 (Mountain Daylight Time) -- [SUCCESS] You can now access your local server(s) in our remote browser

Wed Jun 17 2026 07:44:59:157 GMT-0600 (Mountain Daylight Time) -- Error in establishing connection.
Wed Jun 17 2026 07:44:59:157 GMT-0600 (Mountain Daylight Time) -- getaddrinfo ENOTFOUND repeater-local-003-dcp-use3b-prod.browserstack.com repeater-local-003-dcp-use3b-prod.browserstack.com:443
Wed Jun 17 2026 07:44:59:157 GMT-0600 (Mountain Daylight Time) -- 1 repeaters connected out of 30
Wed Jun 17 2026 07:44:59:157 GMT-0600 (Mountain Daylight Time) -- Connection closed by remote host.
Wed Jun 17 2026 07:44:59:873 GMT-0600 (Mountain Daylight Time) -- undefined
Wed Jun 17 2026 07:44:59:911 GMT-0600 (Mountain Daylight Time) -- 2 repeaters connected out of 30
Wed Jun 17 2026 07:44:59:911 GMT-0600 (Mountain Daylight Time) -- Connection closed by remote host.
Wed Jun 17 2026 07:45:00:251 GMT-0600 (Mountain Daylight Time) -- Error in establishing connection.
Wed Jun 17 2026 07:45:00:251 GMT-0600 (Mountain Daylight Time) -- getaddrinfo ENOTFOUND repeater-local-015-dcp-use3b-prod.browserstack.com repeater-local-015-dcp-use3b-prod.browserstack.com:443
Wed Jun 17 2026 07:45:00:251 GMT-0600 (Mountain Daylight Time) -- 2 repeaters connected out of 30
Wed Jun 17 2026 07:45:00:251 GMT-0600 (Mountain Daylight Time) -- Connection closed by remote host.
Wed Jun 17 2026 07:45:00:575 GMT-0600 (Mountain Daylight Time) -- 2 repeaters connected out of 30
Wed Jun 17 2026 07:45:00:575 GMT-0600 (Mountain Daylight Time) -- Connection closed by remote host.
Wed Jun 17 2026 07:45:00:609 GMT-0600 (Mountain Daylight Time) -- 1 repeaters connected out of 30
Wed Jun 17 2026 07:45:00:609 GMT-0600 (Mountain Daylight Time) -- Connection closed by remote host.
Wed Jun 17 2026 07:45:01:221 GMT-0600 (Mountain Daylight Time) -- undefined
Wed Jun 17 2026 07:45:01:282 GMT-0600 (Mountain Daylight Time) -- Error in establishing connection.
Wed Jun 17 2026 07:45:01:282 GMT-0600 (Mountain Daylight Time) -- getaddrinfo ENOTFOUND repeater-local-011-ec2-use1c-prod.browserstack.com repeater-local-011-ec2-use1c-prod.browserstack.com:443
Wed Jun 17 2026 07:45:01:283 GMT-0600 (Mountain Daylight Time) -- 3 repeaters connected out of 30
Wed Jun 17 2026 07:45:01:283 GMT-0600 (Mountain Daylight Time) -- Connection closed by remote host.
Wed Jun 17 2026 07:45:03:962 GMT-0600 (Mountain Daylight Time) -- 13 repeaters connected out of 30
Wed Jun 17 2026 07:45:03:962 GMT-0600 (Mountain Daylight Time) -- Connection closed by remote host.
Wed Jun 17 2026 07:45:03:962 GMT-0600 (Mountain Daylight Time) -- Error in establishing connection.
Wed Jun 17 2026 07:45:03:962 GMT-0600 (Mountain Daylight Time) -- getaddrinfo ENOTFOUND repeater-local-015-dcp-use3b-prod.browserstack.com repeater-local-015-dcp-use3b-prod.browserstack.com:80
Wed Jun 17 2026 07:45:03:962 GMT-0600 (Mountain Daylight Time) -- 12 repeaters connected out of 30
Wed Jun 17 2026 07:45:03:962 GMT-0600 (Mountain Daylight Time) -- Connection closed by remote host.
Wed Jun 17 2026 07:45:03:963 GMT-0600 (Mountain Daylight Time) -- 11 repeaters connected out of 30
Wed Jun 17 2026 07:45:03:963 GMT-0600 (Mountain Daylight Time) -- Connection closed by remote host.
Wed Jun 17 2026 07:45:03:963 GMT-0600 (Mountain Daylight Time) -- 10 repeaters connected out of 30
Wed Jun 17 2026 07:45:03:963 GMT-0600 (Mountain Daylight Time) -- Connection closed by remote host.
Wed Jun 17 2026 07:45:03:963 GMT-0600 (Mountain Daylight Time) -- Error in establishing connection.
Wed Jun 17 2026 07:45:03:963 GMT-0600 (Mountain Daylight Time) -- getaddrinfo ENOTFOUND repeater-local-011-ec2-use1c-prod.browserstack.com repeater-local-011-ec2-use1c-prod.browserstack.com:80
Wed Jun 17 2026 07:45:03:963 GMT-0600 (Mountain Daylight Time) -- 9 repeaters connected out of 30
Wed Jun 17 2026 07:45:03:963 GMT-0600 (Mountain Daylight Time) -- Connection closed by remote host.
Wed Jun 17 2026 07:45:04:78 GMT-0600 (Mountain Daylight Time) -- 8 repeaters connected out of 30
Wed Jun 17 2026 07:45:04:78 GMT-0600 (Mountain Daylight Time) -- Connection closed by remote host.
Wed Jun 17 2026 07:45:04:78 GMT-0600 (Mountain Daylight Time) -- Error in establishing connection.
Wed Jun 17 2026 07:45:04:78 GMT-0600 (Mountain Daylight Time) -- getaddrinfo ENOTFOUND repeater-local-015-dcp-use3b-prod.browserstack.com repeater-local-015-dcp-use3b-prod.browserstack.com:443
Wed Jun 17 2026 07:45:04:79 GMT-0600 (Mountain Daylight Time) -- 7 repeaters connected out of 30
Wed Jun 17 2026 07:45:04:79 GMT-0600 (Mountain Daylight Time) -- Connection closed by remote host.
Wed Jun 17 2026 07:45:04:182 GMT-0600 (Mountain Daylight Time) -- Error in establishing connection.
Wed Jun 17 2026 07:45:04:182 GMT-0600 (Mountain Daylight Time) -- getaddrinfo ENOTFOUND repeater-local-015-dcp-use3b-prod.browserstack.com repeater-local-015-dcp-use3b-prod.browserstack.com:80
Wed Jun 17 2026 07:45:04:182 GMT-0600 (Mountain Daylight Time) -- 6 repeaters connected out of 30
Wed Jun 17 2026 07:45:04:182 GMT-0600 (Mountain Daylight Time) -- Connection closed by remote host.
Wed Jun 17 2026 07:45:04:289 GMT-0600 (Mountain Daylight Time) -- Error in establishing connection.
Wed Jun 17 2026 07:45:04:289 GMT-0600 (Mountain Daylight Time) -- getaddrinfo ENOTFOUND repeater-local-015-dcp-use3b-prod.browserstack.com repeater-local-015-dcp-use3b-prod.browserstack.com:443
Wed Jun 17 2026 07:45:04:289 GMT-0600 (Mountain Daylight Time) -- 7 repeaters connected out of 30
Wed Jun 17 2026 07:45:04:289 GMT-0600 (Mountain Daylight Time) -- Connection closed by remote host.
Wed Jun 17 2026 07:45:04:399 GMT-0600 (Mountain Daylight Time) -- 6 repeaters connected out of 30
Wed Jun 17 2026 07:45:04:399 GMT-0600 (Mountain Daylight Time) -- Connection closed by remote host.
Wed Jun 17 2026 07:45:04:399 GMT-0600 (Mountain Daylight Time) -- 5 repeaters connected out of 30
Wed Jun 17 2026 07:45:04:399 GMT-0600 (Mountain Daylight Time) -- Connection closed by remote host.
Wed Jun 17 2026 07:45:04:399 GMT-0600 (Mountain Daylight Time) -- Error in establishing connection.
Wed Jun 17 2026 07:45:04:399 GMT-0600 (Mountain Daylight Time) -- getaddrinfo ENOTFOUND repeater-local-011-ec2-use1c-prod.browserstack.com repeater-local-011-ec2-use1c-prod.browserstack.com:443
Wed Jun 17 2026 07:45:04:399 GMT-0600 (Mountain Daylight Time) -- 4 repeaters connected out of 30
Wed Jun 17 2026 07:45:04:400 GMT-0600 (Mountain Daylight Time) -- Connection closed by remote host.
Wed Jun 17 2026 07:45:04:506 GMT-0600 (Mountain Daylight Time) -- Error in establishing connection.
Wed Jun 17 2026 07:45:04:506 GMT-0600 (Mountain Daylight Time) -- getaddrinfo ENOTFOUND repeater-local-011-ec2-use1c-prod.browserstack.com repeater-local-011-ec2-use1c-prod.browserstack.com:80
Wed Jun 17 2026 07:45:04:506 GMT-0600 (Mountain Daylight Time) -- 3 repeaters connected out of 30
Wed Jun 17 2026 07:45:04:506 GMT-0600 (Mountain Daylight Time) -- Connection closed by remote host.
Wed Jun 17 2026 07:45:04:615 GMT-0600 (Mountain Daylight Time) -- Error in establishing connection.
Wed Jun 17 2026 07:45:04:615 GMT-0600 (Mountain Daylight Time) -- getaddrinfo ENOTFOUND repeater-local-011-ec2-use1c-prod.browserstack.com repeater-local-011-ec2-use1c-prod.browserstack.com:443
Wed Jun 17 2026 07:45:04:615 GMT-0600 (Mountain Daylight Time) -- 2 repeaters connected out of 30
Wed Jun 17 2026 07:45:04:615 GMT-0600 (Mountain Daylight Time) -- Connection closed by remote host.
Wed Jun 17 2026 07:45:04:724 GMT-0600 (Mountain Daylight Time) -- Error in establishing connection.
Wed Jun 17 2026 07:45:04:724 GMT-0600 (Mountain Daylight Time) -- getaddrinfo ENOTFOUND repeater-local-015-dcp-use3b-prod.browserstack.com repeater-local-015-dcp-use3b-prod.browserstack.com:80
Wed Jun 17 2026 07:45:04:724 GMT-0600 (Mountain Daylight Time) -- 1 repeaters connected out of 30
Wed Jun 17 2026 07:45:04:724 GMT-0600 (Mountain Daylight Time) -- Connection closed by remote host.
Wed Jun 17 2026 07:45:04:724 GMT-0600 (Mountain Daylight Time) -- 0 repeaters connected out of 30
Wed Jun 17 2026 07:45:04:724 GMT-0600 (Mountain Daylight Time) -- Connection closed by remote host.
Wed Jun 17 2026 07:45:04:724 GMT-0600 (Mountain Daylight Time) -- 0 repeaters connected out of 30
Wed Jun 17 2026 07:45:04:724 GMT-0600 (Mountain Daylight Time) -- Connection closed by remote host.
Wed Jun 17 2026 07:45:04:724 GMT-0600 (Mountain Daylight Time) -- Error in establishing connection.
Wed Jun 17 2026 07:45:04:725 GMT-0600 (Mountain Daylight Time) -- getaddrinfo ENOTFOUND repeater-local-011-ec2-use1c-prod.browserstack.com repeater-local-011-ec2-use1c-prod.browserstack.com:80
Wed Jun 17 2026 07:45:04:725 GMT-0600 (Mountain Daylight Time) -- 0 repeaters connected out of 30
Wed Jun 17 2026 07:45:04:725 GMT-0600 (Mountain Daylight Time) -- Connection closed by remote host.
Wed Jun 17 2026 07:45:04:832 GMT-0600 (Mountain Daylight Time) -- Error in establishing connection.
Wed Jun 17 2026 07:45:04:832 GMT-0600 (Mountain Daylight Time) -- getaddrinfo ENOTFOUND repeater-local-015-dcp-use3b-prod.browserstack.com repeater-local-015-dcp-use3b-prod.browserstack.com:443
Wed Jun 17 2026 07:45:04:832 GMT-0600 (Mountain Daylight Time) -- 0 repeaters connected out of 30
Wed Jun 17 2026 07:45:04:833 GMT-0600 (Mountain Daylight Time) -- Connection closed by remote host.
Wed Jun 17 2026 07:45:04:937 GMT-0600 (Mountain Daylight Time) -- Error in establishing connection.
Wed Jun 17 2026 07:45:04:937 GMT-0600 (Mountain Daylight Time) -- getaddrinfo ENOTFOUND repeater-local-015-dcp-use3b-prod.browserstack.com repeater-local-015-dcp-use3b-prod.browserstack.com:80
Wed Jun 17 2026 07:45:04:937 GMT-0600 (Mountain Daylight Time) -- 0 repeaters connected out of 30
Wed Jun 17 2026 07:45:04:937 GMT-0600 (Mountain Daylight Time) -- Connection closed by remote host.
Wed Jun 17 2026 07:45:05:39 GMT-0600 (Mountain Daylight Time) -- Error in establishing connection.
Wed Jun 17 2026 07:45:05:39 GMT-0600 (Mountain Daylight Time) -- getaddrinfo ENOTFOUND repeater-local-015-dcp-use3b-prod.browserstack.com repeater-local-015-dcp-use3b-prod.browserstack.com:443
Wed Jun 17 2026 07:45:05:39 GMT-0600 (Mountain Daylight Time) -- 0 repeaters connected out of 30
Wed Jun 17 2026 07:45:05:39 GMT-0600 (Mountain Daylight Time) -- Connection closed by remote host.
Wed Jun 17 2026 07:45:05:151 GMT-0600 (Mountain Daylight Time) -- 0 repeaters connected out of 30
Wed Jun 17 2026 07:45:05:151 GMT-0600 (Mountain Daylight Time) -- Connection closed by remote host.
Wed Jun 17 2026 07:45:05:151 GMT-0600 (Mountain Daylight Time) -- 0 repeaters connected out of 30
Wed Jun 17 2026 07:45:05:151 GMT-0600 (Mountain Daylight Time) -- Connection closed by remote host.
Wed Jun 17 2026 07:45:05:151 GMT-0600 (Mountain Daylight Time) -- Error in establishing connection.
Wed Jun 17 2026 07:45:05:151 GMT-0600 (Mountain Daylight Time) -- getaddrinfo ENOTFOUND repeater-local-011-ec2-use1c-prod.browserstack.com repeater-local-011-ec2-use1c-prod.browserstack.com:443
Wed Jun 17 2026 07:45:05:151 GMT-0600 (Mountain Daylight Time) -- 0 repeaters connected out of 30
Wed Jun 17 2026 07:45:05:152 GMT-0600 (Mountain Daylight Time) -- Connection closed by remote host.
Wed Jun 17 2026 07:45:05:258 GMT-0600 (Mountain Daylight Time) -- Error in establishing connection.
Wed Jun 17 2026 07:45:05:258 GMT-0600 (Mountain Daylight Time) -- getaddrinfo ENOTFOUND repeater-local-011-ec2-use1c-prod.browserstack.com repeater-local-011-ec2-use1c-prod.browserstack.com:80
Wed Jun 17 2026 07:45:05:258 GMT-0600 (Mountain Daylight Time) -- 0 repeaters connected out of 30
Wed Jun 17 2026 07:45:05:258 GMT-0600 (Mountain Daylight Time) -- Connection closed by remote host.
Wed Jun 17 2026 07:45:05:366 GMT-0600 (Mountain Daylight Time) -- Error in establishing connection.
Wed Jun 17 2026 07:45:05:366 GMT-0600 (Mountain Daylight Time) -- getaddrinfo ENOTFOUND repeater-local-011-ec2-use1c-prod.browserstack.com repeater-local-011-ec2-use1c-prod.browserstack.com:443
Wed Jun 17 2026 07:45:05:367 GMT-0600 (Mountain Daylight Time) -- 0 repeaters connected out of 30
Wed Jun 17 2026 07:45:05:367 GMT-0600 (Mountain Daylight Time) -- Connection closed by remote host.
Wed Jun 17 2026 07:45:06:113 GMT-0600 (Mountain Daylight Time) -- Error in establishing connection.
Wed Jun 17 2026 07:45:06:113 GMT-0600 (Mountain Daylight Time) -- getaddrinfo ENOTFOUND repeater-local-011-ec2-use1c-prod.browserstack.com repeater-local-011-ec2-use1c-prod.browserstack.com:80
Wed Jun 17 2026 07:45:06:113 GMT-0600 (Mountain Daylight Time) -- 0 repeaters connected out of 30
Wed Jun 17 2026 07:45:06:113 GMT-0600 (Mountain Daylight Time) -- Connection closed by remote host.

Wed Jun 17 2026 07:54:19:645 GMT-0600 (Mountain Daylight Time) -- Binary semantic version is v8.9.32
Wed Jun 17 2026 07:54:19:645 GMT-0600 (Mountain Daylight Time) -- Setting output as extra verbose with request parsing
Wed Jun 17 2026 07:54:22:948 GMT-0600 (Mountain Daylight Time) -- Starting configuration console on http://localhost:45454
Wed Jun 17 2026 07:54:25:255 GMT-0600 (Mountain Daylight Time) -- Error in establishing connection.
Wed Jun 17 2026 07:54:25:256 GMT-0600 (Mountain Daylight Time) -- getaddrinfo ENOTFOUND repeater-local-001-dcp-use2a-prod.browserstack.com repeater-local-001-dcp-use2a-prod.browserstack.com:443
Wed Jun 17 2026 07:54:25:259 GMT-0600 (Mountain Daylight Time) -- 0 repeaters connected out of 30
Wed Jun 17 2026 07:54:25:259 GMT-0600 (Mountain Daylight Time) -- Resetting connection for 21016 as connected repeaters count is below threshold.
Wed Jun 17 2026 07:54:25:279 GMT-0600 (Mountain Daylight Time) -- Connection closed by remote host.
Wed Jun 17 2026 07:54:26:541 GMT-0600 (Mountain Daylight Time) -- [SUCCESS] You can now access your local server(s) in our remote browser

Wed Jun 17 2026 07:54:26:877 GMT-0600 (Mountain Daylight Time) -- 1 repeaters connected out of 30
Wed Jun 17 2026 07:54:26:877 GMT-0600 (Mountain Daylight Time) -- Connection closed by remote host.
Wed Jun 17 2026 07:54:27:301 GMT-0600 (Mountain Daylight Time) -- undefined
Wed Jun 17 2026 07:54:28:286 GMT-0600 (Mountain Daylight Time) -- undefined
Wed Jun 17 2026 07:54:30:713 GMT-0600 (Mountain Daylight Time) -- Error in establishing connection.
Wed Jun 17 2026 07:54:30:714 GMT-0600 (Mountain Daylight Time) -- getaddrinfo ENOTFOUND repeater-local-008-dcp-use3b-prod.browserstack.com repeater-local-008-dcp-use3b-prod.browserstack.com:443
Wed Jun 17 2026 07:54:30:714 GMT-0600 (Mountain Daylight Time) -- 22 repeaters connected out of 30
Wed Jun 17 2026 07:54:30:714 GMT-0600 (Mountain Daylight Time) -- Connection closed by remote host.
Wed Jun 17 2026 07:54:30:828 GMT-0600 (Mountain Daylight Time) -- Error in establishing connection.
Wed Jun 17 2026 07:54:30:828 GMT-0600 (Mountain Daylight Time) -- getaddrinfo ENOTFOUND repeater-local-008-dcp-use3b-prod.browserstack.com repeater-local-008-dcp-use3b-prod.browserstack.com:80
Wed Jun 17 2026 07:54:30:828 GMT-0600 (Mountain Daylight Time) -- 21 repeaters connected out of 30
Wed Jun 17 2026 07:54:30:829 GMT-0600 (Mountain Daylight Time) -- Connection closed by remote host.
Wed Jun 17 2026 07:54:30:939 GMT-0600 (Mountain Daylight Time) -- Error in establishing connection.
Wed Jun 17 2026 07:54:30:939 GMT-0600 (Mountain Daylight Time) -- getaddrinfo ENOTFOUND repeater-local-008-dcp-use3b-prod.browserstack.com repeater-local-008-dcp-use3b-prod.browserstack.com:443
Wed Jun 17 2026 07:54:30:939 GMT-0600 (Mountain Daylight Time) -- 20 repeaters connected out of 30
Wed Jun 17 2026 07:54:30:939 GMT-0600 (Mountain Daylight Time) -- Connection closed by remote host.
Wed Jun 17 2026 07:54:31:47 GMT-0600 (Mountain Daylight Time) -- Error in establishing connection.
Wed Jun 17 2026 07:54:31:47 GMT-0600 (Mountain Daylight Time) -- getaddrinfo ENOTFOUND repeater-local-008-dcp-use3b-prod.browserstack.com repeater-local-008-dcp-use3b-prod.browserstack.com:80
Wed Jun 17 2026 07:54:31:47 GMT-0600 (Mountain Daylight Time) -- 21 repeaters connected out of 30
Wed Jun 17 2026 07:54:31:47 GMT-0600 (Mountain Daylight Time) -- Connection closed by remote host.
Wed Jun 17 2026 07:54:31:154 GMT-0600 (Mountain Daylight Time) -- Error in establishing connection.
Wed Jun 17 2026 07:54:31:154 GMT-0600 (Mountain Daylight Time) -- getaddrinfo ENOTFOUND repeater-local-008-dcp-use3b-prod.browserstack.com repeater-local-008-dcp-use3b-prod.browserstack.com:443
Wed Jun 17 2026 07:54:31:154 GMT-0600 (Mountain Daylight Time) -- 20 repeaters connected out of 30
Wed Jun 17 2026 07:54:31:154 GMT-0600 (Mountain Daylight Time) -- Connection closed by remote host.
Wed Jun 17 2026 08:09:15:829 GMT-0600 (Mountain Daylight Time) -- 22 repeaters connected out of 30
Wed Jun 17 2026 08:09:15:830 GMT-0600 (Mountain Daylight Time) -- Connection closed by remote host.
Wed Jun 17 2026 08:09:26:741 GMT-0600 (Mountain Daylight Time) -- 21 repeaters connected out of 30
Wed Jun 17 2026 08:09:26:741 GMT-0600 (Mountain Daylight Time) -- Connection closed by remote host.
Wed Jun 17 2026 08:09:27:296 GMT-0600 (Mountain Daylight Time) -- undefined
Wed Jun 17 2026 08:09:27:454 GMT-0600 (Mountain Daylight Time) -- 20 repeaters connected out of 30
Wed Jun 17 2026 08:09:27:454 GMT-0600 (Mountain Daylight Time) -- Connection closed by remote host.
Wed Jun 17 2026 08:09:27:809 GMT-0600 (Mountain Daylight Time) -- 19 repeaters connected out of 30
Wed Jun 17 2026 08:09:27:810 GMT-0600 (Mountain Daylight Time) -- Connection closed by remote host.




















Wed Jun 17 2026 08:09:32:68 GMT-0600 (Mountain Daylight Time) -- 18 repeaters connected out of 30
Wed Jun 17 2026 08:09:32:69 GMT-0600 (Mountain Daylight Time) -- Connection closed by remote host.





Wed Jun 17 2026 08:09:39:668 GMT-0600 (Mountain Daylight Time) -- Error in establishing connection.
Wed Jun 17 2026 08:09:39:668 GMT-0600 (Mountain Daylight Time) -- getaddrinfo ENOTFOUND repeater-local-020-ec2-use1d-prod.browserstack.com repeater-local-020-ec2-use1d-prod.browserstack.com:443
Wed Jun 17 2026 08:09:39:668 GMT-0600 (Mountain Daylight Time) -- 17 repeaters connected out of 30
Wed Jun 17 2026 08:09:39:668 GMT-0600 (Mountain Daylight Time) -- Connection closed by remote host.
Wed Jun 17 2026 08:09:47:978 GMT-0600 (Mountain Daylight Time) -- 16 repeaters connected out of 30
Wed Jun 17 2026 08:09:47:978 GMT-0600 (Mountain Daylight Time) -- Connection closed by remote host.
Wed Jun 17 2026 08:09:51:519 GMT-0600 (Mountain Daylight Time) -- 15 repeaters connected out of 30
Wed Jun 17 2026 08:09:51:519 GMT-0600 (Mountain Daylight Time) -- Connection closed by remote host.
Wed Jun 17 2026 08:09:59:841 GMT-0600 (Mountain Daylight Time) -- 14 repeaters connected out of 30
Wed Jun 17 2026 08:09:59:841 GMT-0600 (Mountain Daylight Time) -- Connection closed by remote host.
Wed Jun 17 2026 08:10:02:742 GMT-0600 (Mountain Daylight Time) -- Error in establishing connection.
Wed Jun 17 2026 08:10:02:742 GMT-0600 (Mountain Daylight Time) -- getaddrinfo ENOTFOUND repeater-local-004-dcp-use3b-prod.browserstack.com repeater-local-004-dcp-use3b-prod.browserstack.com:443
Wed Jun 17 2026 08:10:02:742 GMT-0600 (Mountain Daylight Time) -- 13 repeaters connected out of 30
Wed Jun 17 2026 08:10:02:742 GMT-0600 (Mountain Daylight Time) -- Connection closed by remote host.
Wed Jun 17 2026 08:10:03:373 GMT-0600 (Mountain Daylight Time) -- 12 repeaters connected out of 30
Wed Jun 17 2026 08:10:03:373 GMT-0600 (Mountain Daylight Time) -- Connection closed by remote host.
Wed Jun 17 2026 08:10:04:702 GMT-0600 (Mountain Daylight Time) -- Error in establishing connection.
Wed Jun 17 2026 08:10:04:702 GMT-0600 (Mountain Daylight Time) -- getaddrinfo ENOTFOUND repeater-local-009-ec2-use1b-prod.browserstack.com repeater-local-009-ec2-use1b-prod.browserstack.com:443
Wed Jun 17 2026 08:10:04:702 GMT-0600 (Mountain Daylight Time) -- 11 repeaters connected out of 30
Wed Jun 17 2026 08:10:04:702 GMT-0600 (Mountain Daylight Time) -- Connection closed by remote host.
Wed Jun 17 2026 08:10:05:669 GMT-0600 (Mountain Daylight Time) -- 15 repeaters connected out of 30
Wed Jun 17 2026 08:10:05:669 GMT-0600 (Mountain Daylight Time) -- Connection closed by remote host.
Wed Jun 17 2026 08:10:07:333 GMT-0600 (Mountain Daylight Time) -- 22 repeaters connected out of 30
Wed Jun 17 2026 08:10:07:333 GMT-0600 (Mountain Daylight Time) -- Connection closed by remote host.
Wed Jun 17 2026 08:10:07:896 GMT-0600 (Mountain Daylight Time) -- 24 repeaters connected out of 30
Wed Jun 17 2026 08:10:07:896 GMT-0600 (Mountain Daylight Time) -- Connection closed by remote host.
Wed Jun 17 2026 08:10:07:970 GMT-0600 (Mountain Daylight Time) -- Error in establishing connection.
Wed Jun 17 2026 08:10:07:970 GMT-0600 (Mountain Daylight Time) -- getaddrinfo ENOTFOUND repeater-local-009-ec2-use1b-prod.browserstack.com repeater-local-009-ec2-use1b-prod.browserstack.com:80
Wed Jun 17 2026 08:10:07:970 GMT-0600 (Mountain Daylight Time) -- 23 repeaters connected out of 30
Wed Jun 17 2026 08:10:07:970 GMT-0600 (Mountain Daylight Time) -- Connection closed by remote host.
Wed Jun 17 2026 08:10:07:970 GMT-0600 (Mountain Daylight Time) -- 22 repeaters connected out of 30
Wed Jun 17 2026 08:10:07:970 GMT-0600 (Mountain Daylight Time) -- Connection closed by remote host.
Wed Jun 17 2026 08:10:07:970 GMT-0600 (Mountain Daylight Time) -- Error in establishing connection.
Wed Jun 17 2026 08:10:07:970 GMT-0600 (Mountain Daylight Time) -- getaddrinfo ENOTFOUND repeater-local-020-ec2-use1d-prod.browserstack.com repeater-local-020-ec2-use1d-prod.browserstack.com:80
Wed Jun 17 2026 08:10:07:970 GMT-0600 (Mountain Daylight Time) -- 21 repeaters connected out of 30
Wed Jun 17 2026 08:10:07:970 GMT-0600 (Mountain Daylight Time) -- Connection closed by remote host.
Wed Jun 17 2026 08:10:08:11 GMT-0600 (Mountain Daylight Time) -- Error in establishing connection.
Wed Jun 17 2026 08:10:08:11 GMT-0600 (Mountain Daylight Time) -- getaddrinfo ENOTFOUND repeater-local-003-dcp-use3b-prod.browserstack.com repeater-local-003-dcp-use3b-prod.browserstack.com:443
Wed Jun 17 2026 08:10:08:11 GMT-0600 (Mountain Daylight Time) -- 20 repeaters connected out of 30
Wed Jun 17 2026 08:10:08:11 GMT-0600 (Mountain Daylight Time) -- Connection closed by remote host.
Wed Jun 17 2026 08:10:08:73 GMT-0600 (Mountain Daylight Time) -- Error in establishing connection.
Wed Jun 17 2026 08:10:08:73 GMT-0600 (Mountain Daylight Time) -- getaddrinfo ENOTFOUND repeater-local-009-ec2-use1b-prod.browserstack.com repeater-local-009-ec2-use1b-prod.browserstack.com:443
Wed Jun 17 2026 08:10:08:73 GMT-0600 (Mountain Daylight Time) -- 19 repeaters connected out of 30
Wed Jun 17 2026 08:10:08:73 GMT-0600 (Mountain Daylight Time) -- Connection closed by remote host.
Wed Jun 17 2026 08:10:08:180 GMT-0600 (Mountain Daylight Time) -- Error in establishing connection.
Wed Jun 17 2026 08:10:08:180 GMT-0600 (Mountain Daylight Time) -- getaddrinfo ENOTFOUND repeater-local-009-ec2-use1b-prod.browserstack.com repeater-local-009-ec2-use1b-prod.browserstack.com:80
Wed Jun 17 2026 08:10:08:181 GMT-0600 (Mountain Daylight Time) -- 20 repeaters connected out of 30
Wed Jun 17 2026 08:10:08:181 GMT-0600 (Mountain Daylight Time) -- Connection closed by remote host.
Wed Jun 17 2026 08:10:08:287 GMT-0600 (Mountain Daylight Time) -- Error in establishing connection.
Wed Jun 17 2026 08:10:08:287 GMT-0600 (Mountain Daylight Time) -- getaddrinfo ENOTFOUND repeater-local-009-ec2-use1b-prod.browserstack.com repeater-local-009-ec2-use1b-prod.browserstack.com:443
Wed Jun 17 2026 08:10:08:287 GMT-0600 (Mountain Daylight Time) -- 19 repeaters connected out of 30
Wed Jun 17 2026 08:10:08:287 GMT-0600 (Mountain Daylight Time) -- Connection closed by remote host.
Wed Jun 17 2026 08:10:08:332 GMT-0600 (Mountain Daylight Time) -- Error in establishing connection.
Wed Jun 17 2026 08:10:08:333 GMT-0600 (Mountain Daylight Time) -- getaddrinfo ENOTFOUND repeater-local-003-dcp-use3b-prod.browserstack.com repeater-local-003-dcp-use3b-prod.browserstack.com:80
Wed Jun 17 2026 08:10:08:333 GMT-0600 (Mountain Daylight Time) -- 18 repeaters connected out of 30
Wed Jun 17 2026 08:10:08:333 GMT-0600 (Mountain Daylight Time) -- Connection closed by remote host.
Wed Jun 17 2026 08:10:08:395 GMT-0600 (Mountain Daylight Time) -- 17 repeaters connected out of 30
Wed Jun 17 2026 08:10:08:395 GMT-0600 (Mountain Daylight Time) -- Connection closed by remote host.
Wed Jun 17 2026 08:10:08:395 GMT-0600 (Mountain Daylight Time) -- Error in establishing connection.
Wed Jun 17 2026 08:10:08:395 GMT-0600 (Mountain Daylight Time) -- getaddrinfo ENOTFOUND repeater-local-020-ec2-use1d-prod.browserstack.com repeater-local-020-ec2-use1d-prod.browserstack.com:443
Wed Jun 17 2026 08:10:08:395 GMT-0600 (Mountain Daylight Time) -- 16 repeaters connected out of 30
Wed Jun 17 2026 08:10:08:395 GMT-0600 (Mountain Daylight Time) -- Connection closed by remote host.
Wed Jun 17 2026 08:10:08:501 GMT-0600 (Mountain Daylight Time) -- Error in establishing connection.
Wed Jun 17 2026 08:10:08:501 GMT-0600 (Mountain Daylight Time) -- getaddrinfo ENOTFOUND repeater-local-020-ec2-use1d-prod.browserstack.com repeater-local-020-ec2-use1d-prod.browserstack.com:80
Wed Jun 17 2026 08:10:08:501 GMT-0600 (Mountain Daylight Time) -- 17 repeaters connected out of 30
Wed Jun 17 2026 08:10:08:501 GMT-0600 (Mountain Daylight Time) -- Connection closed by remote host.
Wed Jun 17 2026 08:10:08:609 GMT-0600 (Mountain Daylight Time) -- Error in establishing connection.
Wed Jun 17 2026 08:10:08:609 GMT-0600 (Mountain Daylight Time) -- getaddrinfo ENOTFOUND repeater-local-020-ec2-use1d-prod.browserstack.com repeater-local-020-ec2-use1d-prod.browserstack.com:443
Wed Jun 17 2026 08:10:08:609 GMT-0600 (Mountain Daylight Time) -- 17 repeaters connected out of 30
Wed Jun 17 2026 08:10:08:610 GMT-0600 (Mountain Daylight Time) -- Connection closed by remote host.
Wed Jun 17 2026 08:10:08:655 GMT-0600 (Mountain Daylight Time) -- Error in establishing connection.
Wed Jun 17 2026 08:10:08:655 GMT-0600 (Mountain Daylight Time) -- getaddrinfo ENOTFOUND repeater-local-003-dcp-use3b-prod.browserstack.com repeater-local-003-dcp-use3b-prod.browserstack.com:443
Wed Jun 17 2026 08:10:08:655 GMT-0600 (Mountain Daylight Time) -- 16 repeaters connected out of 30
Wed Jun 17 2026 08:10:08:655 GMT-0600 (Mountain Daylight Time) -- Connection closed by remote host.
Wed Jun 17 2026 08:10:08:762 GMT-0600 (Mountain Daylight Time) -- Error in establishing connection.
Wed Jun 17 2026 08:10:08:762 GMT-0600 (Mountain Daylight Time) -- getaddrinfo ENOTFOUND repeater-local-003-dcp-use3b-prod.browserstack.com repeater-local-003-dcp-use3b-prod.browserstack.com:80
Wed Jun 17 2026 08:10:08:762 GMT-0600 (Mountain Daylight Time) -- 17 repeaters connected out of 30
Wed Jun 17 2026 08:10:08:762 GMT-0600 (Mountain Daylight Time) -- Connection closed by remote host.
Wed Jun 17 2026 08:10:08:869 GMT-0600 (Mountain Daylight Time) -- Error in establishing connection.
Wed Jun 17 2026 08:10:08:869 GMT-0600 (Mountain Daylight Time) -- getaddrinfo ENOTFOUND repeater-local-003-dcp-use3b-prod.browserstack.com repeater-local-003-dcp-use3b-prod.browserstack.com:443
Wed Jun 17 2026 08:10:08:869 GMT-0600 (Mountain Daylight Time) -- 16 repeaters connected out of 30
Wed Jun 17 2026 08:10:08:869 GMT-0600 (Mountain Daylight Time) -- Connection closed by remote host.
Wed Jun 17 2026 08:10:08:930 GMT-0600 (Mountain Daylight Time) -- Error in establishing connection.
Wed Jun 17 2026 08:10:08:930 GMT-0600 (Mountain Daylight Time) -- getaddrinfo ENOTFOUND repeater-local-009-ec2-use1b-prod.browserstack.com repeater-local-009-ec2-use1b-prod.browserstack.com:80
Wed Jun 17 2026 08:10:08:931 GMT-0600 (Mountain Daylight Time) -- 15 repeaters connected out of 30
Wed Jun 17 2026 08:10:08:931 GMT-0600 (Mountain Daylight Time) -- Connection closed by remote host.
Wed Jun 17 2026 08:10:08:931 GMT-0600 (Mountain Daylight Time) -- 14 repeaters connected out of 30
Wed Jun 17 2026 08:10:08:931 GMT-0600 (Mountain Daylight Time) -- Connection closed by remote host.
Wed Jun 17 2026 08:10:08:931 GMT-0600 (Mountain Daylight Time) -- Error in establishing connection.
Wed Jun 17 2026 08:10:08:931 GMT-0600 (Mountain Daylight Time) -- getaddrinfo ENOTFOUND repeater-local-020-ec2-use1d-prod.browserstack.com repeater-local-020-ec2-use1d-prod.browserstack.com:80
Wed Jun 17 2026 08:10:08:931 GMT-0600 (Mountain Daylight Time) -- 13 repeaters connected out of 30
Wed Jun 17 2026 08:10:08:931 GMT-0600 (Mountain Daylight Time) -- Connection closed by remote host.
Wed Jun 17 2026 08:10:08:977 GMT-0600 (Mountain Daylight Time) -- Error in establishing connection.
Wed Jun 17 2026 08:10:08:977 GMT-0600 (Mountain Daylight Time) -- getaddrinfo ENOTFOUND repeater-local-003-dcp-use3b-prod.browserstack.com repeater-local-003-dcp-use3b-prod.browserstack.com:80
Wed Jun 17 2026 08:10:08:977 GMT-0600 (Mountain Daylight Time) -- 12 repeaters connected out of 30
Wed Jun 17 2026 08:10:08:977 GMT-0600 (Mountain Daylight Time) -- Connection closed by remote host.
Wed Jun 17 2026 08:10:09:38 GMT-0600 (Mountain Daylight Time) -- Error in establishing connection.
Wed Jun 17 2026 08:10:09:38 GMT-0600 (Mountain Daylight Time) -- getaddrinfo ENOTFOUND repeater-local-009-ec2-use1b-prod.browserstack.com repeater-local-009-ec2-use1b-prod.browserstack.com:443
Wed Jun 17 2026 08:10:09:38 GMT-0600 (Mountain Daylight Time) -- 12 repeaters connected out of 30
Wed Jun 17 2026 08:10:09:38 GMT-0600 (Mountain Daylight Time) -- Connection closed by remote host.
Wed Jun 17 2026 08:10:09:145 GMT-0600 (Mountain Daylight Time) -- Error in establishing connection.
Wed Jun 17 2026 08:10:09:145 GMT-0600 (Mountain Daylight Time) -- getaddrinfo ENOTFOUND repeater-local-009-ec2-use1b-prod.browserstack.com repeater-local-009-ec2-use1b-prod.browserstack.com:80
Wed Jun 17 2026 08:10:09:145 GMT-0600 (Mountain Daylight Time) -- 11 repeaters connected out of 30
Wed Jun 17 2026 08:10:09:145 GMT-0600 (Mountain Daylight Time) -- Connection closed by remote host.
Wed Jun 17 2026 08:10:09:298 GMT-0600 (Mountain Daylight Time) -- Error in establishing connection.
Wed Jun 17 2026 08:10:09:298 GMT-0600 (Mountain Daylight Time) -- getaddrinfo ENOTFOUND repeater-local-003-dcp-use3b-prod.browserstack.com repeater-local-003-dcp-use3b-prod.browserstack.com:443
Wed Jun 17 2026 08:10:09:299 GMT-0600 (Mountain Daylight Time) -- 10 repeaters connected out of 30
Wed Jun 17 2026 08:10:09:299 GMT-0600 (Mountain Daylight Time) -- Connection closed by remote host.
Wed Jun 17 2026 08:10:09:413 GMT-0600 (Mountain Daylight Time) -- Error in establishing connection.
Wed Jun 17 2026 08:10:09:414 GMT-0600 (Mountain Daylight Time) -- getaddrinfo ENOTFOUND repeater-local-003-dcp-use3b-prod.browserstack.com repeater-local-003-dcp-use3b-prod.browserstack.com:80
Wed Jun 17 2026 08:10:09:414 GMT-0600 (Mountain Daylight Time) -- 9 repeaters connected out of 30
Wed Jun 17 2026 08:10:09:414 GMT-0600 (Mountain Daylight Time) -- Connection closed by remote host.
Wed Jun 17 2026 08:10:09:529 GMT-0600 (Mountain Daylight Time) -- Error in establishing connection.
Wed Jun 17 2026 08:10:09:529 GMT-0600 (Mountain Daylight Time) -- getaddrinfo ENOTFOUND repeater-local-003-dcp-use3b-prod.browserstack.com repeater-local-003-dcp-use3b-prod.browserstack.com:443
Wed Jun 17 2026 08:10:09:529 GMT-0600 (Mountain Daylight Time) -- 8 repeaters connected out of 30
Wed Jun 17 2026 08:10:09:529 GMT-0600 (Mountain Daylight Time) -- Connection closed by remote host.
Wed Jun 17 2026 08:10:09:576 GMT-0600 (Mountain Daylight Time) -- 7 repeaters connected out of 30
Wed Jun 17 2026 08:10:09:576 GMT-0600 (Mountain Daylight Time) -- Connection closed by remote host.
Wed Jun 17 2026 08:10:09:577 GMT-0600 (Mountain Daylight Time) -- Error in establishing connection.
Wed Jun 17 2026 08:10:09:577 GMT-0600 (Mountain Daylight Time) -- getaddrinfo ENOTFOUND repeater-local-020-ec2-use1d-prod.browserstack.com repeater-local-020-ec2-use1d-prod.browserstack.com:443
Wed Jun 17 2026 08:10:09:577 GMT-0600 (Mountain Daylight Time) -- 6 repeaters connected out of 30
Wed Jun 17 2026 08:10:09:577 GMT-0600 (Mountain Daylight Time) -- Connection closed by remote host.
Wed Jun 17 2026 08:10:09:681 GMT-0600 (Mountain Daylight Time) -- Error in establishing connection.
Wed Jun 17 2026 08:10:09:681 GMT-0600 (Mountain Daylight Time) -- getaddrinfo ENOTFOUND repeater-local-020-ec2-use1d-prod.browserstack.com repeater-local-020-ec2-use1d-prod.browserstack.com:80
Wed Jun 17 2026 08:10:09:681 GMT-0600 (Mountain Daylight Time) -- 5 repeaters connected out of 30
Wed Jun 17 2026 08:10:09:681 GMT-0600 (Mountain Daylight Time) -- Connection closed by remote host.
Wed Jun 17 2026 08:10:09:790 GMT-0600 (Mountain Daylight Time) -- Error in establishing connection.
Wed Jun 17 2026 08:10:09:790 GMT-0600 (Mountain Daylight Time) -- getaddrinfo ENOTFOUND repeater-local-020-ec2-use1d-prod.browserstack.com repeater-local-020-ec2-use1d-prod.browserstack.com:443
Wed Jun 17 2026 08:10:09:791 GMT-0600 (Mountain Daylight Time) -- 5 repeaters connected out of 30
Wed Jun 17 2026 08:10:09:791 GMT-0600 (Mountain Daylight Time) -- Connection closed by remote host.
Wed Jun 17 2026 08:10:09:850 GMT-0600 (Mountain Daylight Time) -- Error in establishing connection.
Wed Jun 17 2026 08:10:09:850 GMT-0600 (Mountain Daylight Time) -- getaddrinfo ENOTFOUND repeater-local-003-dcp-use3b-prod.browserstack.com repeater-local-003-dcp-use3b-prod.browserstack.com:80
Wed Jun 17 2026 08:10:09:850 GMT-0600 (Mountain Daylight Time) -- 4 repeaters connected out of 30
Wed Jun 17 2026 08:10:09:850 GMT-0600 (Mountain Daylight Time) -- Connection closed by remote host.
Wed Jun 17 2026 08:10:09:897 GMT-0600 (Mountain Daylight Time) -- 3 repeaters connected out of 30
Wed Jun 17 2026 08:10:09:897 GMT-0600 (Mountain Daylight Time) -- Connection closed by remote host.
Wed Jun 17 2026 08:10:09:897 GMT-0600 (Mountain Daylight Time) -- Error in establishing connection.
Wed Jun 17 2026 08:10:09:897 GMT-0600 (Mountain Daylight Time) -- getaddrinfo ENOTFOUND repeater-local-020-ec2-use1d-prod.browserstack.com repeater-local-020-ec2-use1d-prod.browserstack.com:80
Wed Jun 17 2026 08:10:09:897 GMT-0600 (Mountain Daylight Time) -- 2 repeaters connected out of 30
Wed Jun 17 2026 08:10:09:897 GMT-0600 (Mountain Daylight Time) -- Connection closed by remote host.
Wed Jun 17 2026 08:10:09:959 GMT-0600 (Mountain Daylight Time) -- Error in establishing connection.
Wed Jun 17 2026 08:10:09:962 GMT-0600 (Mountain Daylight Time) -- getaddrinfo ENOTFOUND repeater-local-003-dcp-use3b-prod.browserstack.com repeater-local-003-dcp-use3b-prod.browserstack.com:443
Wed Jun 17 2026 08:10:09:963 GMT-0600 (Mountain Daylight Time) -- 1 repeaters connected out of 30
Wed Jun 17 2026 08:10:09:963 GMT-0600 (Mountain Daylight Time) -- Connection closed by remote host.
Wed Jun 17 2026 08:10:10:67 GMT-0600 (Mountain Daylight Time) -- Error in establishing connection.
Wed Jun 17 2026 08:10:10:67 GMT-0600 (Mountain Daylight Time) -- getaddrinfo ENOTFOUND repeater-local-003-dcp-use3b-prod.browserstack.com repeater-local-003-dcp-use3b-prod.browserstack.com:80
Wed Jun 17 2026 08:10:10:67 GMT-0600 (Mountain Daylight Time) -- 0 repeaters connected out of 30
Wed Jun 17 2026 08:10:10:67 GMT-0600 (Mountain Daylight Time) -- Connection closed by remote host.
Wed Jun 17 2026 08:10:10:177 GMT-0600 (Mountain Daylight Time) -- Error in establishing connection.
Wed Jun 17 2026 08:10:10:177 GMT-0600 (Mountain Daylight Time) -- getaddrinfo ENOTFOUND repeater-local-003-dcp-use3b-prod.browserstack.com repeater-local-003-dcp-use3b-prod.browserstack.com:443
Wed Jun 17 2026 08:10:10:177 GMT-0600 (Mountain Daylight Time) -- 0 repeaters connected out of 30
Wed Jun 17 2026 08:10:10:177 GMT-0600 (Mountain Daylight Time) -- Connection closed by remote host.
Wed Jun 17 2026 08:10:10:231 GMT-0600 (Mountain Daylight Time) -- Error in establishing connection.
Wed Jun 17 2026 08:10:10:232 GMT-0600 (Mountain Daylight Time) -- getaddrinfo ENOTFOUND repeater-local-020-ec2-use1d-prod.browserstack.com repeater-local-020-ec2-use1d-prod.browserstack.com:443
Wed Jun 17 2026 08:10:10:232 GMT-0600 (Mountain Daylight Time) -- 0 repeaters connected out of 30
Wed Jun 17 2026 08:10:10:232 GMT-0600 (Mountain Daylight Time) -- Connection closed by remote host.
Wed Jun 17 2026 08:10:10:347 GMT-0600 (Mountain Daylight Time) -- Error in establishing connection.
Wed Jun 17 2026 08:10:10:347 GMT-0600 (Mountain Daylight Time) -- getaddrinfo ENOTFOUND repeater-local-020-ec2-use1d-prod.browserstack.com repeater-local-020-ec2-use1d-prod.browserstack.com:80
Wed Jun 17 2026 08:10:10:347 GMT-0600 (Mountain Daylight Time) -- 0 repeaters connected out of 30
Wed Jun 17 2026 08:10:10:347 GMT-0600 (Mountain Daylight Time) -- Connection closed by remote host.
Wed Jun 17 2026 08:10:10:456 GMT-0600 (Mountain Daylight Time) -- Error in establishing connection.
Wed Jun 17 2026 08:10:10:456 GMT-0600 (Mountain Daylight Time) -- getaddrinfo ENOTFOUND repeater-local-020-ec2-use1d-prod.browserstack.com repeater-local-020-ec2-use1d-prod.browserstack.com:443
Wed Jun 17 2026 08:10:10:456 GMT-0600 (Mountain Daylight Time) -- 0 repeaters connected out of 30
Wed Jun 17 2026 08:10:10:456 GMT-0600 (Mountain Daylight Time) -- Connection closed by remote host.
Wed Jun 17 2026 08:10:10:501 GMT-0600 (Mountain Daylight Time) -- Error in establishing connection.
Wed Jun 17 2026 08:10:10:501 GMT-0600 (Mountain Daylight Time) -- getaddrinfo ENOTFOUND repeater-local-003-dcp-use3b-prod.browserstack.com repeater-local-003-dcp-use3b-prod.browserstack.com:80
Wed Jun 17 2026 08:10:10:502 GMT-0600 (Mountain Daylight Time) -- 0 repeaters connected out of 30
Wed Jun 17 2026 08:10:10:502 GMT-0600 (Mountain Daylight Time) -- Connection closed by remote host.
Wed Jun 17 2026 08:10:10:564 GMT-0600 (Mountain Daylight Time) -- Error in establishing connection.
Wed Jun 17 2026 08:10:10:564 GMT-0600 (Mountain Daylight Time) -- getaddrinfo ENOTFOUND repeater-local-020-ec2-use1d-prod.browserstack.com repeater-local-020-ec2-use1d-prod.browserstack.com:80
Wed Jun 17 2026 08:10:10:564 GMT-0600 (Mountain Daylight Time) -- 0 repeaters connected out of 30
Wed Jun 17 2026 08:10:10:564 GMT-0600 (Mountain Daylight Time) -- Connection closed by remote host.
Wed Jun 17 2026 08:10:10:611 GMT-0600 (Mountain Daylight Time) -- Error in establishing connection.
Wed Jun 17 2026 08:10:10:611 GMT-0600 (Mountain Daylight Time) -- getaddrinfo ENOTFOUND repeater-local-003-dcp-use3b-prod.browserstack.com repeater-local-003-dcp-use3b-prod.browserstack.com:443
Wed Jun 17 2026 08:10:10:611 GMT-0600 (Mountain Daylight Time) -- 0 repeaters connected out of 30
Wed Jun 17 2026 08:10:10:611 GMT-0600 (Mountain Daylight Time) -- Connection closed by remote host.
Wed Jun 17 2026 08:10:10:720 GMT-0600 (Mountain Daylight Time) -- Error in establishing connection.
Wed Jun 17 2026 08:10:10:720 GMT-0600 (Mountain Daylight Time) -- getaddrinfo ENOTFOUND repeater-local-003-dcp-use3b-prod.browserstack.com repeater-local-003-dcp-use3b-prod.browserstack.com:80
Wed Jun 17 2026 08:10:10:720 GMT-0600 (Mountain Daylight Time) -- 0 repeaters connected out of 30
Wed Jun 17 2026 08:10:10:721 GMT-0600 (Mountain Daylight Time) -- Connection closed by remote host.
Wed Jun 17 2026 08:10:10:828 GMT-0600 (Mountain Daylight Time) -- Error in establishing connection.
Wed Jun 17 2026 08:10:10:828 GMT-0600 (Mountain Daylight Time) -- getaddrinfo ENOTFOUND repeater-local-003-dcp-use3b-prod.browserstack.com repeater-local-003-dcp-use3b-prod.browserstack.com:443
Wed Jun 17 2026 08:10:10:828 GMT-0600 (Mountain Daylight Time) -- 0 repeaters connected out of 30
Wed Jun 17 2026 08:10:10:829 GMT-0600 (Mountain Daylight Time) -- Connection closed by remote host.
Wed Jun 17 2026 08:10:10:891 GMT-0600 (Mountain Daylight Time) -- Error in establishing connection.
Wed Jun 17 2026 08:10:10:891 GMT-0600 (Mountain Daylight Time) -- getaddrinfo ENOTFOUND repeater-local-020-ec2-use1d-prod.browserstack.com repeater-local-020-ec2-use1d-prod.browserstack.com:443
Wed Jun 17 2026 08:10:10:891 GMT-0600 (Mountain Daylight Time) -- 0 repeaters connected out of 30
Wed Jun 17 2026 08:10:10:891 GMT-0600 (Mountain Daylight Time) -- Connection closed by remote host.
Wed Jun 17 2026 08:10:10:996 GMT-0600 (Mountain Daylight Time) -- Error in establishing connection.
Wed Jun 17 2026 08:10:10:996 GMT-0600 (Mountain Daylight Time) -- getaddrinfo ENOTFOUND repeater-local-020-ec2-use1d-prod.browserstack.com repeater-local-020-ec2-use1d-prod.browserstack.com:80
Wed Jun 17 2026 08:10:10:996 GMT-0600 (Mountain Daylight Time) -- 0 repeaters connected out of 30
Wed Jun 17 2026 08:10:10:997 GMT-0600 (Mountain Daylight Time) -- Connection closed by remote host.
Wed Jun 17 2026 08:10:11:105 GMT-0600 (Mountain Daylight Time) -- Error in establishing connection.
Wed Jun 17 2026 08:10:11:105 GMT-0600 (Mountain Daylight Time) -- getaddrinfo ENOTFOUND repeater-local-020-ec2-use1d-prod.browserstack.com repeater-local-020-ec2-use1d-prod.browserstack.com:443
Wed Jun 17 2026 08:10:11:105 GMT-0600 (Mountain Daylight Time) -- 0 repeaters connected out of 30
Wed Jun 17 2026 08:10:11:105 GMT-0600 (Mountain Daylight Time) -- Connection closed by remote host.
Wed Jun 17 2026 08:10:11:152 GMT-0600 (Mountain Daylight Time) -- Error in establishing connection.
Wed Jun 17 2026 08:10:11:152 GMT-0600 (Mountain Daylight Time) -- getaddrinfo ENOTFOUND repeater-local-003-dcp-use3b-prod.browserstack.com repeater-local-003-dcp-use3b-prod.browserstack.com:80
Wed Jun 17 2026 08:10:11:152 GMT-0600 (Mountain Daylight Time) -- 0 repeaters connected out of 30
Wed Jun 17 2026 08:10:11:152 GMT-0600 (Mountain Daylight Time) -- Connection closed by remote host.
Wed Jun 17 2026 08:10:11:215 GMT-0600 (Mountain Daylight Time) -- Error in establishing connection.
Wed Jun 17 2026 08:10:11:215 GMT-0600 (Mountain Daylight Time) -- getaddrinfo ENOTFOUND repeater-local-020-ec2-use1d-prod.browserstack.com repeater-local-020-ec2-use1d-prod.browserstack.com:80
Wed Jun 17 2026 08:10:11:216 GMT-0600 (Mountain Daylight Time) -- 0 repeaters connected out of 30
Wed Jun 17 2026 08:10:11:216 GMT-0600 (Mountain Daylight Time) -- Connection closed by remote host.
Wed Jun 17 2026 08:10:11:262 GMT-0600 (Mountain Daylight Time) -- Error in establishing connection.
Wed Jun 17 2026 08:10:11:262 GMT-0600 (Mountain Daylight Time) -- getaddrinfo ENOTFOUND repeater-local-003-dcp-use3b-prod.browserstack.com repeater-local-003-dcp-use3b-prod.browserstack.com:443
Wed Jun 17 2026 08:10:11:262 GMT-0600 (Mountain Daylight Time) -- 0 repeaters connected out of 30
Wed Jun 17 2026 08:10:11:262 GMT-0600 (Mountain Daylight Time) -- Connection closed by remote host.
Wed Jun 17 2026 08:10:11:371 GMT-0600 (Mountain Daylight Time) -- Error in establishing connection.
Wed Jun 17 2026 08:10:11:371 GMT-0600 (Mountain Daylight Time) -- getaddrinfo ENOTFOUND repeater-local-003-dcp-use3b-prod.browserstack.com repeater-local-003-dcp-use3b-prod.browserstack.com:80
Wed Jun 17 2026 08:10:11:371 GMT-0600 (Mountain Daylight Time) -- 0 repeaters connected out of 30
Wed Jun 17 2026 08:10:11:371 GMT-0600 (Mountain Daylight Time) -- Connection closed by remote host.
Wed Jun 17 2026 08:10:11:481 GMT-0600 (Mountain Daylight Time) -- Error in establishing connection.
Wed Jun 17 2026 08:10:11:481 GMT-0600 (Mountain Daylight Time) -- getaddrinfo ENOTFOUND repeater-local-003-dcp-use3b-prod.browserstack.com repeater-local-003-dcp-use3b-prod.browserstack.com:443
Wed Jun 17 2026 08:10:11:482 GMT-0600 (Mountain Daylight Time) -- 0 repeaters connected out of 30
Wed Jun 17 2026 08:10:11:482 GMT-0600 (Mountain Daylight Time) -- Connection closed by remote host.
Wed Jun 17 2026 08:10:11:544 GMT-0600 (Mountain Daylight Time) -- Error in establishing connection.
Wed Jun 17 2026 08:10:11:544 GMT-0600 (Mountain Daylight Time) -- getaddrinfo ENOTFOUND repeater-local-020-ec2-use1d-prod.browserstack.com repeater-local-020-ec2-use1d-prod.browserstack.com:443
Wed Jun 17 2026 08:10:11:544 GMT-0600 (Mountain Daylight Time) -- 0 repeaters connected out of 30
Wed Jun 17 2026 08:10:11:544 GMT-0600 (Mountain Daylight Time) -- Connection closed by remote host.
Wed Jun 17 2026 08:10:11:652 GMT-0600 (Mountain Daylight Time) -- Error in establishing connection.
Wed Jun 17 2026 08:10:11:652 GMT-0600 (Mountain Daylight Time) -- getaddrinfo ENOTFOUND repeater-local-020-ec2-use1d-prod.browserstack.com repeater-local-020-ec2-use1d-prod.browserstack.com:80
Wed Jun 17 2026 08:10:11:652 GMT-0600 (Mountain Daylight Time) -- 0 repeaters connected out of 30
Wed Jun 17 2026 08:10:11:652 GMT-0600 (Mountain Daylight Time) -- Connection closed by remote host.
Wed Jun 17 2026 08:10:11:760 GMT-0600 (Mountain Daylight Time) -- Error in establishing connection.
Wed Jun 17 2026 08:10:11:760 GMT-0600 (Mountain Daylight Time) -- getaddrinfo ENOTFOUND repeater-local-020-ec2-use1d-prod.browserstack.com repeater-local-020-ec2-use1d-prod.browserstack.com:443
Wed Jun 17 2026 08:10:11:760 GMT-0600 (Mountain Daylight Time) -- 0 repeaters connected out of 30
Wed Jun 17 2026 08:10:11:760 GMT-0600 (Mountain Daylight Time) -- Connection closed by remote host.
Wed Jun 17 2026 08:10:11:806 GMT-0600 (Mountain Daylight Time) -- Error in establishing connection.
Wed Jun 17 2026 08:10:11:806 GMT-0600 (Mountain Daylight Time) -- getaddrinfo ENOTFOUND repeater-local-003-dcp-use3b-prod.browserstack.com repeater-local-003-dcp-use3b-prod.browserstack.com:80
Wed Jun 17 2026 08:10:11:806 GMT-0600 (Mountain Daylight Time) -- 0 repeaters connected out of 30
Wed Jun 17 2026 08:10:11:806 GMT-0600 (Mountain Daylight Time) -- Connection closed by remote host.
Wed Jun 17 2026 08:10:11:868 GMT-0600 (Mountain Daylight Time) -- Error in establishing connection.
Wed Jun 17 2026 08:10:11:868 GMT-0600 (Mountain Daylight Time) -- getaddrinfo ENOTFOUND repeater-local-020-ec2-use1d-prod.browserstack.com repeater-local-020-ec2-use1d-prod.browserstack.com:80
Wed Jun 17 2026 08:10:11:869 GMT-0600 (Mountain Daylight Time) -- 0 repeaters connected out of 30
Wed Jun 17 2026 08:10:11:869 GMT-0600 (Mountain Daylight Time) -- Connection closed by remote host.
Wed Jun 17 2026 08:10:11:914 GMT-0600 (Mountain Daylight Time) -- Error in establishing connection.
Wed Jun 17 2026 08:10:11:914 GMT-0600 (Mountain Daylight Time) -- getaddrinfo ENOTFOUND repeater-local-003-dcp-use3b-prod.browserstack.com repeater-local-003-dcp-use3b-prod.browserstack.com:443
Wed Jun 17 2026 08:10:11:914 GMT-0600 (Mountain Daylight Time) -- 0 repeaters connected out of 30
Wed Jun 17 2026 08:10:11:914 GMT-0600 (Mountain Daylight Time) -- Connection closed by remote host.
Wed Jun 17 2026 08:10:12:21 GMT-0600 (Mountain Daylight Time) -- Error in establishing connection.
Wed Jun 17 2026 08:10:12:21 GMT-0600 (Mountain Daylight Time) -- getaddrinfo ENOTFOUND repeater-local-003-dcp-use3b-prod.browserstack.com repeater-local-003-dcp-use3b-prod.browserstack.com:80
Wed Jun 17 2026 08:10:12:21 GMT-0600 (Mountain Daylight Time) -- 0 repeaters connected out of 30
Wed Jun 17 2026 08:10:12:22 GMT-0600 (Mountain Daylight Time) -- Connection closed by remote host.
Wed Jun 17 2026 08:10:12:129 GMT-0600 (Mountain Daylight Time) -- Error in establishing connection.
Wed Jun 17 2026 08:10:12:129 GMT-0600 (Mountain Daylight Time) -- getaddrinfo ENOTFOUND repeater-local-003-dcp-use3b-prod.browserstack.com repeater-local-003-dcp-use3b-prod.browserstack.com:443
Wed Jun 17 2026 08:10:12:129 GMT-0600 (Mountain Daylight Time) -- 0 repeaters connected out of 30
Wed Jun 17 2026 08:10:12:129 GMT-0600 (Mountain Daylight Time) -- Connection closed by remote host.
Wed Jun 17 2026 08:10:12:191 GMT-0600 (Mountain Daylight Time) -- Error in establishing connection.
Wed Jun 17 2026 08:10:12:191 GMT-0600 (Mountain Daylight Time) -- getaddrinfo ENOTFOUND repeater-local-020-ec2-use1d-prod.browserstack.com repeater-local-020-ec2-use1d-prod.browserstack.com:443
Wed Jun 17 2026 08:10:12:191 GMT-0600 (Mountain Daylight Time) -- 0 repeaters connected out of 30
Wed Jun 17 2026 08:10:12:191 GMT-0600 (Mountain Daylight Time) -- Connection closed by remote host.
Wed Jun 17 2026 08:14:34:293 GMT-0600 (Mountain Daylight Time) -- 1 repeaters connected out of 30
Wed Jun 17 2026 08:14:34:293 GMT-0600 (Mountain Daylight Time) -- Connection closed by remote host.
Wed Jun 17 2026 08:14:34:639 GMT-0600 (Mountain Daylight Time) -- 0 repeaters connected out of 30
Wed Jun 17 2026 08:14:34:639 GMT-0600 (Mountain Daylight Time) -- Connection closed by remote host.
Wed Jun 17 2026 08:14:34:639 GMT-0600 (Mountain Daylight Time) -- 0 repeaters connected out of 30
Wed Jun 17 2026 08:14:34:639 GMT-0600 (Mountain Daylight Time) -- Connection closed by remote host.
Wed Jun 17 2026 08:14:35:873 GMT-0600 (Mountain Daylight Time) -- 0 repeaters connected out of 30
Wed Jun 17 2026 08:14:35:873 GMT-0600 (Mountain Daylight Time) -- Connection closed by remote host.
Wed Jun 17 2026 08:14:36:28 GMT-0600 (Mountain Daylight Time) -- 0 repeaters connected out of 30
Wed Jun 17 2026 08:14:36:28 GMT-0600 (Mountain Daylight Time) -- Connection closed by remote host.
Wed Jun 17 2026 08:14:38:533 GMT-0600 (Mountain Daylight Time) -- 0 repeaters connected out of 30
Wed Jun 17 2026 08:14:38:533 GMT-0600 (Mountain Daylight Time) -- Connection closed by remote host.
Wed Jun 17 2026 08:14:40:3 GMT-0600 (Mountain Daylight Time) -- 0 repeaters connected out of 30
Wed Jun 17 2026 08:14:40:3 GMT-0600 (Mountain Daylight Time) -- Connection closed by remote host.
Wed Jun 17 2026 08:14:40:572 GMT-0600 (Mountain Daylight Time) -- 0 repeaters connected out of 30
Wed Jun 17 2026 08:14:40:573 GMT-0600 (Mountain Daylight Time) -- Connection closed by remote host.
Wed Jun 17 2026 08:14:40:612 GMT-0600 (Mountain Daylight Time) -- 0 repeaters connected out of 30
Wed Jun 17 2026 08:14:40:612 GMT-0600 (Mountain Daylight Time) -- Connection closed by remote host.
Wed Jun 17 2026 08:14:40:644 GMT-0600 (Mountain Daylight Time) -- 0 repeaters connected out of 30
Wed Jun 17 2026 08:14:40:644 GMT-0600 (Mountain Daylight Time) -- Connection closed by remote host.
Wed Jun 17 2026 08:14:40:924 GMT-0600 (Mountain Daylight Time) -- 0 repeaters connected out of 30
Wed Jun 17 2026 08:14:40:924 GMT-0600 (Mountain Daylight Time) -- Connection closed by remote host.
Wed Jun 17 2026 08:14:40:924 GMT-0600 (Mountain Daylight Time) -- 0 repeaters connected out of 30
Wed Jun 17 2026 08:14:40:924 GMT-0600 (Mountain Daylight Time) -- Connection closed by remote host.
Wed Jun 17 2026 08:14:41:873 GMT-0600 (Mountain Daylight Time) -- 0 repeaters connected out of 30
Wed Jun 17 2026 08:14:41:874 GMT-0600 (Mountain Daylight Time) -- Connection closed by remote host.
Wed Jun 17 2026 08:14:41:951 GMT-0600 (Mountain Daylight Time) -- 0 repeaters connected out of 30
Wed Jun 17 2026 08:14:41:951 GMT-0600 (Mountain Daylight Time) -- Connection closed by remote host.
Wed Jun 17 2026 08:14:41:998 GMT-0600 (Mountain Daylight Time) -- 0 repeaters connected out of 30
Wed Jun 17 2026 08:14:41:998 GMT-0600 (Mountain Daylight Time) -- Connection closed by remote host.

Wed Jun 17 2026 08:14:46:487 GMT-0600 (Mountain Daylight Time) -- 0 repeaters connected out of 30
Wed Jun 17 2026 08:14:46:488 GMT-0600 (Mountain Daylight Time) -- Connection closed by remote host.









Wed Jun 17 2026 08:14:56:445 GMT-0600 (Mountain Daylight Time) -- 0 repeaters connected out of 30
Wed Jun 17 2026 08:14:56:445 GMT-0600 (Mountain Daylight Time) -- Connection closed by remote host.

Wed Jun 17 2026 08:20:50:767 GMT-0600 (Mountain Daylight Time) -- Binary semantic version is v8.9.32
Wed Jun 17 2026 08:20:50:767 GMT-0600 (Mountain Daylight Time) -- Setting output as extra verbose with request parsing
Wed Jun 17 2026 08:20:54:116 GMT-0600 (Mountain Daylight Time) -- Starting configuration console on http://localhost:45454
Wed Jun 17 2026 08:20:56:416 GMT-0600 (Mountain Daylight Time) -- Error in establishing connection.
Wed Jun 17 2026 08:20:56:416 GMT-0600 (Mountain Daylight Time) -- getaddrinfo ENOTFOUND repeater-local-024-dcp-use1a-prod.browserstack.com repeater-local-024-dcp-use1a-prod.browserstack.com:443
Wed Jun 17 2026 08:20:56:417 GMT-0600 (Mountain Daylight Time) -- 0 repeaters connected out of 30
Wed Jun 17 2026 08:20:56:417 GMT-0600 (Mountain Daylight Time) -- Resetting connection for 19644 as connected repeaters count is below threshold.
Wed Jun 17 2026 08:20:56:423 GMT-0600 (Mountain Daylight Time) -- Connection closed by remote host.
Wed Jun 17 2026 08:20:57:379 GMT-0600 (Mountain Daylight Time) -- 0 repeaters connected out of 30
Wed Jun 17 2026 08:20:57:380 GMT-0600 (Mountain Daylight Time) -- Connection closed by remote host.
Wed Jun 17 2026 08:20:57:735 GMT-0600 (Mountain Daylight Time) -- [SUCCESS] You can now access your local server(s) in our remote browser

Wed Jun 17 2026 08:20:58:544 GMT-0600 (Mountain Daylight Time) -- undefined
Wed Jun 17 2026 08:20:58:844 GMT-0600 (Mountain Daylight Time) -- Error in establishing connection.
Wed Jun 17 2026 08:20:58:844 GMT-0600 (Mountain Daylight Time) -- getaddrinfo ENOTFOUND repeater-local-013-dcp-use3b-prod.browserstack.com repeater-local-013-dcp-use3b-prod.browserstack.com:443
Wed Jun 17 2026 08:20:58:844 GMT-0600 (Mountain Daylight Time) -- 5 repeaters connected out of 30
Wed Jun 17 2026 08:20:58:845 GMT-0600 (Mountain Daylight Time) -- Connection closed by remote host.
Wed Jun 17 2026 08:20:58:971 GMT-0600 (Mountain Daylight Time) -- 4 repeaters connected out of 30
Wed Jun 17 2026 08:20:58:971 GMT-0600 (Mountain Daylight Time) -- Connection closed by remote host.
Wed Jun 17 2026 08:20:59:150 GMT-0600 (Mountain Daylight Time) -- Error in establishing connection.
Wed Jun 17 2026 08:20:59:150 GMT-0600 (Mountain Daylight Time) -- getaddrinfo ENOTFOUND repeater-local-008-ec2-use1d-prod.browserstack.com repeater-local-008-ec2-use1d-prod.browserstack.com:443
Wed Jun 17 2026 08:20:59:150 GMT-0600 (Mountain Daylight Time) -- 4 repeaters connected out of 30
Wed Jun 17 2026 08:20:59:150 GMT-0600 (Mountain Daylight Time) -- Connection closed by remote host.
Wed Jun 17 2026 08:20:59:269 GMT-0600 (Mountain Daylight Time) -- 3 repeaters connected out of 30
Wed Jun 17 2026 08:20:59:270 GMT-0600 (Mountain Daylight Time) -- Connection closed by remote host.
Wed Jun 17 2026 08:20:59:424 GMT-0600 (Mountain Daylight Time) -- undefined
Wed Jun 17 2026 08:20:59:452 GMT-0600 (Mountain Daylight Time) -- Error in establishing connection.
Wed Jun 17 2026 08:20:59:452 GMT-0600 (Mountain Daylight Time) -- getaddrinfo ENOTFOUND repeater-local-009-ec2-use1b-prod.browserstack.com repeater-local-009-ec2-use1b-prod.browserstack.com:443
Wed Jun 17 2026 08:20:59:452 GMT-0600 (Mountain Daylight Time) -- 3 repeaters connected out of 30
Wed Jun 17 2026 08:20:59:452 GMT-0600 (Mountain Daylight Time) -- Connection closed by remote host.
Wed Jun 17 2026 08:20:59:598 GMT-0600 (Mountain Daylight Time) -- 3 repeaters connected out of 30
Wed Jun 17 2026 08:20:59:598 GMT-0600 (Mountain Daylight Time) -- Connection closed by remote host.
Wed Jun 17 2026 08:20:59:748 GMT-0600 (Mountain Daylight Time) -- Error in establishing connection.
Wed Jun 17 2026 08:20:59:748 GMT-0600 (Mountain Daylight Time) -- getaddrinfo ENOTFOUND repeater-local-010-ec2-use1c-prod.browserstack.com repeater-local-010-ec2-use1c-prod.browserstack.com:443
Wed Jun 17 2026 08:20:59:748 GMT-0600 (Mountain Daylight Time) -- 2 repeaters connected out of 30
Wed Jun 17 2026 08:20:59:748 GMT-0600 (Mountain Daylight Time) -- Connection closed by remote host.
Wed Jun 17 2026 08:20:59:893 GMT-0600 (Mountain Daylight Time) -- 3 repeaters connected out of 30
Wed Jun 17 2026 08:20:59:893 GMT-0600 (Mountain Daylight Time) -- Connection closed by remote host.
Wed Jun 17 2026 08:21:00:69 GMT-0600 (Mountain Daylight Time) -- Error in establishing connection.
Wed Jun 17 2026 08:21:00:69 GMT-0600 (Mountain Daylight Time) -- getaddrinfo ENOTFOUND repeater-local-012-ec2-use1c-prod.browserstack.com repeater-local-012-ec2-use1c-prod.browserstack.com:443
Wed Jun 17 2026 08:21:00:69 GMT-0600 (Mountain Daylight Time) -- 2 repeaters connected out of 30
Wed Jun 17 2026 08:21:00:69 GMT-0600 (Mountain Daylight Time) -- Connection closed by remote host.
Wed Jun 17 2026 08:21:00:188 GMT-0600 (Mountain Daylight Time) -- 2 repeaters connected out of 30
Wed Jun 17 2026 08:21:00:188 GMT-0600 (Mountain Daylight Time) -- Connection closed by remote host.
Wed Jun 17 2026 08:21:00:626 GMT-0600 (Mountain Daylight Time) -- Error in establishing connection.
Wed Jun 17 2026 08:21:00:626 GMT-0600 (Mountain Daylight Time) -- getaddrinfo ENOTFOUND repeater-local-018-ec2-use1e-prod.browserstack.com repeater-local-018-ec2-use1e-prod.browserstack.com:443
Wed Jun 17 2026 08:21:00:626 GMT-0600 (Mountain Daylight Time) -- 1 repeaters connected out of 30
Wed Jun 17 2026 08:21:00:626 GMT-0600 (Mountain Daylight Time) -- Connection closed by remote host.
Wed Jun 17 2026 08:21:01:265 GMT-0600 (Mountain Daylight Time) -- 0 repeaters connected out of 30
Wed Jun 17 2026 08:21:01:265 GMT-0600 (Mountain Daylight Time) -- Connection closed by remote host.
Wed Jun 17 2026 08:21:01:998 GMT-0600 (Mountain Daylight Time) -- Error in establishing connection.
Wed Jun 17 2026 08:21:01:998 GMT-0600 (Mountain Daylight Time) -- getaddrinfo ENOTFOUND repeater-local-006-dcp-use2a-prod.browserstack.com repeater-local-006-dcp-use2a-prod.browserstack.com:443
Wed Jun 17 2026 08:21:01:998 GMT-0600 (Mountain Daylight Time) -- 0 repeaters connected out of 30
Wed Jun 17 2026 08:21:01:998 GMT-0600 (Mountain Daylight Time) -- Connection closed by remote host.
Wed Jun 17 2026 08:21:01:999 GMT-0600 (Mountain Daylight Time) -- 0 repeaters connected out of 30
Wed Jun 17 2026 08:21:01:999 GMT-0600 (Mountain Daylight Time) -- Connection closed by remote host.
Wed Jun 17 2026 08:21:01:999 GMT-0600 (Mountain Daylight Time) -- Error in establishing connection.
Wed Jun 17 2026 08:21:01:999 GMT-0600 (Mountain Daylight Time) -- getaddrinfo ENOTFOUND repeater-local-007-ec2-use1e-prod.browserstack.com repeater-local-007-ec2-use1e-prod.browserstack.com:443
Wed Jun 17 2026 08:21:01:999 GMT-0600 (Mountain Daylight Time) -- 0 repeaters connected out of 30
Wed Jun 17 2026 08:21:01:999 GMT-0600 (Mountain Daylight Time) -- Connection closed by remote host.
Wed Jun 17 2026 08:21:01:999 GMT-0600 (Mountain Daylight Time) -- 0 repeaters connected out of 30
Wed Jun 17 2026 08:21:01:999 GMT-0600 (Mountain Daylight Time) -- Connection closed by remote host.
Wed Jun 17 2026 08:21:01:999 GMT-0600 (Mountain Daylight Time) -- Error in establishing connection.
Wed Jun 17 2026 08:21:01:999 GMT-0600 (Mountain Daylight Time) -- getaddrinfo ENOTFOUND repeater-local-021-ec2-use1d-prod.browserstack.com repeater-local-021-ec2-use1d-prod.browserstack.com:443
Wed Jun 17 2026 08:21:01:999 GMT-0600 (Mountain Daylight Time) -- 0 repeaters connected out of 30
Wed Jun 17 2026 08:21:01:999 GMT-0600 (Mountain Daylight Time) -- Connection closed by remote host.
Wed Jun 17 2026 08:21:02:0 GMT-0600 (Mountain Daylight Time) -- 0 repeaters connected out of 30
Wed Jun 17 2026 08:21:02:0 GMT-0600 (Mountain Daylight Time) -- Connection closed by remote host.
Wed Jun 17 2026 08:21:02:0 GMT-0600 (Mountain Daylight Time) -- Error in establishing connection.
Wed Jun 17 2026 08:21:02:0 GMT-0600 (Mountain Daylight Time) -- getaddrinfo ENOTFOUND repeater-local-010-ec2-use1b-prod.browserstack.com repeater-local-010-ec2-use1b-prod.browserstack.com:443
Wed Jun 17 2026 08:21:02:0 GMT-0600 (Mountain Daylight Time) -- 0 repeaters connected out of 30
Wed Jun 17 2026 08:21:02:0 GMT-0600 (Mountain Daylight Time) -- Connection closed by remote host.
Wed Jun 17 2026 08:21:02:0 GMT-0600 (Mountain Daylight Time) -- 0 repeaters connected out of 30
Wed Jun 17 2026 08:21:02:0 GMT-0600 (Mountain Daylight Time) -- Connection closed by remote host.
Wed Jun 17 2026 08:21:02:0 GMT-0600 (Mountain Daylight Time) -- Error in establishing connection.
Wed Jun 17 2026 08:21:02:0 GMT-0600 (Mountain Daylight Time) -- getaddrinfo ENOTFOUND repeater-local-011-ec2-use1c-prod.browserstack.com repeater-local-011-ec2-use1c-prod.browserstack.com:443
Wed Jun 17 2026 08:21:02:0 GMT-0600 (Mountain Daylight Time) -- 0 repeaters connected out of 30
Wed Jun 17 2026 08:21:02:0 GMT-0600 (Mountain Daylight Time) -- Connection closed by remote host.
Wed Jun 17 2026 08:21:02:0 GMT-0600 (Mountain Daylight Time) -- 0 repeaters connected out of 30
Wed Jun 17 2026 08:21:02:0 GMT-0600 (Mountain Daylight Time) -- Connection closed by remote host.
Wed Jun 17 2026 08:21:02:1 GMT-0600 (Mountain Daylight Time) -- Error in establishing connection.
Wed Jun 17 2026 08:21:02:1 GMT-0600 (Mountain Daylight Time) -- getaddrinfo ENOTFOUND repeater-local-016-ec2-use1e-prod.browserstack.com repeater-local-016-ec2-use1e-prod.browserstack.com:443
Wed Jun 17 2026 08:21:02:1 GMT-0600 (Mountain Daylight Time) -- 0 repeaters connected out of 30
Wed Jun 17 2026 08:21:02:1 GMT-0600 (Mountain Daylight Time) -- Connection closed by remote host.
Wed Jun 17 2026 08:21:02:1 GMT-0600 (Mountain Daylight Time) -- 0 repeaters connected out of 30
Wed Jun 17 2026 08:21:02:1 GMT-0600 (Mountain Daylight Time) -- Connection closed by remote host.
Wed Jun 17 2026 08:21:02:1 GMT-0600 (Mountain Daylight Time) -- Error in establishing connection.
Wed Jun 17 2026 08:21:02:1 GMT-0600 (Mountain Daylight Time) -- getaddrinfo ENOTFOUND repeater-local-027-ec2-use1e-prod.browserstack.com repeater-local-027-ec2-use1e-prod.browserstack.com:443
Wed Jun 17 2026 08:21:02:1 GMT-0600 (Mountain Daylight Time) -- 0 repeaters connected out of 30
Wed Jun 17 2026 08:21:02:1 GMT-0600 (Mountain Daylight Time) -- Connection closed by remote host.
Wed Jun 17 2026 08:21:02:112 GMT-0600 (Mountain Daylight Time) -- Error in establishing connection.
Wed Jun 17 2026 08:21:02:113 GMT-0600 (Mountain Daylight Time) -- getaddrinfo ENOTFOUND repeater-local-006-dcp-use2a-prod.browserstack.com repeater-local-006-dcp-use2a-prod.browserstack.com:80
Wed Jun 17 2026 08:21:02:113 GMT-0600 (Mountain Daylight Time) -- 0 repeaters connected out of 30
Wed Jun 17 2026 08:21:02:113 GMT-0600 (Mountain Daylight Time) -- Connection closed by remote host.
Wed Jun 17 2026 08:21:02:113 GMT-0600 (Mountain Daylight Time) -- Error in establishing connection.
Wed Jun 17 2026 08:21:02:113 GMT-0600 (Mountain Daylight Time) -- getaddrinfo ENOTFOUND repeater-local-013-dcp-use3b-prod.browserstack.com repeater-local-013-dcp-use3b-prod.browserstack.com:80
Wed Jun 17 2026 08:21:02:113 GMT-0600 (Mountain Daylight Time) -- 0 repeaters connected out of 30
Wed Jun 17 2026 08:21:02:113 GMT-0600 (Mountain Daylight Time) -- Connection closed by remote host.
Wed Jun 17 2026 08:21:02:113 GMT-0600 (Mountain Daylight Time) -- Error in establishing connection.
Wed Jun 17 2026 08:21:02:113 GMT-0600 (Mountain Daylight Time) -- getaddrinfo ENOTFOUND repeater-local-007-ec2-use1e-prod.browserstack.com repeater-local-007-ec2-use1e-prod.browserstack.com:80
Wed Jun 17 2026 08:21:02:113 GMT-0600 (Mountain Daylight Time) -- 0 repeaters connected out of 30
Wed Jun 17 2026 08:21:02:113 GMT-0600 (Mountain Daylight Time) -- Connection closed by remote host.
Wed Jun 17 2026 08:21:02:114 GMT-0600 (Mountain Daylight Time) -- Error in establishing connection.
Wed Jun 17 2026 08:21:02:114 GMT-0600 (Mountain Daylight Time) -- getaddrinfo ENOTFOUND repeater-local-008-ec2-use1d-prod.browserstack.com repeater-local-008-ec2-use1d-prod.browserstack.com:80
Wed Jun 17 2026 08:21:02:114 GMT-0600 (Mountain Daylight Time) -- 0 repeaters connected out of 30
Wed Jun 17 2026 08:21:02:114 GMT-0600 (Mountain Daylight Time) -- Connection closed by remote host.
Wed Jun 17 2026 08:21:02:114 GMT-0600 (Mountain Daylight Time) -- Error in establishing connection.
Wed Jun 17 2026 08:21:02:114 GMT-0600 (Mountain Daylight Time) -- getaddrinfo ENOTFOUND repeater-local-021-ec2-use1d-prod.browserstack.com repeater-local-021-ec2-use1d-prod.browserstack.com:80
Wed Jun 17 2026 08:21:02:114 GMT-0600 (Mountain Daylight Time) -- 0 repeaters connected out of 30
Wed Jun 17 2026 08:21:02:114 GMT-0600 (Mountain Daylight Time) -- Connection closed by remote host.
Wed Jun 17 2026 08:21:02:114 GMT-0600 (Mountain Daylight Time) -- Error in establishing connection.
Wed Jun 17 2026 08:21:02:114 GMT-0600 (Mountain Daylight Time) -- getaddrinfo ENOTFOUND repeater-local-009-ec2-use1b-prod.browserstack.com repeater-local-009-ec2-use1b-prod.browserstack.com:80
Wed Jun 17 2026 08:21:02:114 GMT-0600 (Mountain Daylight Time) -- 0 repeaters connected out of 30
Wed Jun 17 2026 08:21:02:114 GMT-0600 (Mountain Daylight Time) -- Connection closed by remote host.
Wed Jun 17 2026 08:21:02:114 GMT-0600 (Mountain Daylight Time) -- Error in establishing connection.
Wed Jun 17 2026 08:21:02:114 GMT-0600 (Mountain Daylight Time) -- getaddrinfo ENOTFOUND repeater-local-010-ec2-use1b-prod.browserstack.com repeater-local-010-ec2-use1b-prod.browserstack.com:80
Wed Jun 17 2026 08:21:02:115 GMT-0600 (Mountain Daylight Time) -- 0 repeaters connected out of 30
Wed Jun 17 2026 08:21:02:115 GMT-0600 (Mountain Daylight Time) -- Connection closed by remote host.
Wed Jun 17 2026 08:21:02:115 GMT-0600 (Mountain Daylight Time) -- Error in establishing connection.
Wed Jun 17 2026 08:21:02:115 GMT-0600 (Mountain Daylight Time) -- getaddrinfo ENOTFOUND repeater-local-010-ec2-use1c-prod.browserstack.com repeater-local-010-ec2-use1c-prod.browserstack.com:80
Wed Jun 17 2026 08:21:02:115 GMT-0600 (Mountain Daylight Time) -- 0 repeaters connected out of 30
Wed Jun 17 2026 08:21:02:115 GMT-0600 (Mountain Daylight Time) -- Connection closed by remote host.
Wed Jun 17 2026 08:21:02:115 GMT-0600 (Mountain Daylight Time) -- Error in establishing connection.
Wed Jun 17 2026 08:21:02:115 GMT-0600 (Mountain Daylight Time) -- getaddrinfo ENOTFOUND repeater-local-011-ec2-use1c-prod.browserstack.com repeater-local-011-ec2-use1c-prod.browserstack.com:80
Wed Jun 17 2026 08:21:02:115 GMT-0600 (Mountain Daylight Time) -- 0 repeaters connected out of 30
Wed Jun 17 2026 08:21:02:115 GMT-0600 (Mountain Daylight Time) -- Connection closed by remote host.
Wed Jun 17 2026 08:21:02:115 GMT-0600 (Mountain Daylight Time) -- Error in establishing connection.
Wed Jun 17 2026 08:21:02:115 GMT-0600 (Mountain Daylight Time) -- getaddrinfo ENOTFOUND repeater-local-012-ec2-use1c-prod.browserstack.com repeater-local-012-ec2-use1c-prod.browserstack.com:80
Wed Jun 17 2026 08:21:02:115 GMT-0600 (Mountain Daylight Time) -- 0 repeaters connected out of 30
Wed Jun 17 2026 08:21:02:115 GMT-0600 (Mountain Daylight Time) -- Connection closed by remote host.
Wed Jun 17 2026 08:21:02:115 GMT-0600 (Mountain Daylight Time) -- Error in establishing connection.
Wed Jun 17 2026 08:21:02:116 GMT-0600 (Mountain Daylight Time) -- getaddrinfo ENOTFOUND repeater-local-016-ec2-use1e-prod.browserstack.com repeater-local-016-ec2-use1e-prod.browserstack.com:80
Wed Jun 17 2026 08:21:02:116 GMT-0600 (Mountain Daylight Time) -- 0 repeaters connected out of 30
Wed Jun 17 2026 08:21:02:116 GMT-0600 (Mountain Daylight Time) -- Connection closed by remote host.
Wed Jun 17 2026 08:21:02:116 GMT-0600 (Mountain Daylight Time) -- Error in establishing connection.
Wed Jun 17 2026 08:21:02:116 GMT-0600 (Mountain Daylight Time) -- getaddrinfo ENOTFOUND repeater-local-018-ec2-use1e-prod.browserstack.com repeater-local-018-ec2-use1e-prod.browserstack.com:80
Wed Jun 17 2026 08:21:02:116 GMT-0600 (Mountain Daylight Time) -- 0 repeaters connected out of 30
Wed Jun 17 2026 08:21:02:116 GMT-0600 (Mountain Daylight Time) -- Connection closed by remote host.
Wed Jun 17 2026 08:21:02:116 GMT-0600 (Mountain Daylight Time) -- Error in establishing connection.
Wed Jun 17 2026 08:21:02:116 GMT-0600 (Mountain Daylight Time) -- getaddrinfo ENOTFOUND repeater-local-027-ec2-use1e-prod.browserstack.com repeater-local-027-ec2-use1e-prod.browserstack.com:80
Wed Jun 17 2026 08:21:02:116 GMT-0600 (Mountain Daylight Time) -- 0 repeaters connected out of 30
Wed Jun 17 2026 08:21:02:116 GMT-0600 (Mountain Daylight Time) -- Connection closed by remote host.
Wed Jun 17 2026 08:21:03:876 GMT-0600 (Mountain Daylight Time) -- 3 repeaters connected out of 30
Wed Jun 17 2026 08:21:03:877 GMT-0600 (Mountain Daylight Time) -- Connection closed by remote host.
Wed Jun 17 2026 08:21:03:877 GMT-0600 (Mountain Daylight Time) -- 2 repeaters connected out of 30
Wed Jun 17 2026 08:21:03:877 GMT-0600 (Mountain Daylight Time) -- Connection closed by remote host.
Wed Jun 17 2026 08:21:03:878 GMT-0600 (Mountain Daylight Time) -- 1 repeaters connected out of 30
Wed Jun 17 2026 08:21:03:878 GMT-0600 (Mountain Daylight Time) -- Connection closed by remote host.
Wed Jun 17 2026 08:21:03:878 GMT-0600 (Mountain Daylight Time) -- 0 repeaters connected out of 30
Wed Jun 17 2026 08:21:03:878 GMT-0600 (Mountain Daylight Time) -- Connection closed by remote host.
Wed Jun 17 2026 08:21:03:878 GMT-0600 (Mountain Daylight Time) -- 0 repeaters connected out of 30
Wed Jun 17 2026 08:21:03:879 GMT-0600 (Mountain Daylight Time) -- Connection closed by remote host.
Wed Jun 17 2026 08:21:03:879 GMT-0600 (Mountain Daylight Time) -- 0 repeaters connected out of 30
Wed Jun 17 2026 08:21:03:879 GMT-0600 (Mountain Daylight Time) -- Connection closed by remote host.
Wed Jun 17 2026 08:21:03:879 GMT-0600 (Mountain Daylight Time) -- 0 repeaters connected out of 30
Wed Jun 17 2026 08:21:03:879 GMT-0600 (Mountain Daylight Time) -- Connection closed by remote host.
Wed Jun 17 2026 08:21:03:880 GMT-0600 (Mountain Daylight Time) -- 0 repeaters connected out of 30
Wed Jun 17 2026 08:21:03:880 GMT-0600 (Mountain Daylight Time) -- Connection closed by remote host.
Wed Jun 17 2026 08:21:04:171 GMT-0600 (Mountain Daylight Time) -- 0 repeaters connected out of 30
Wed Jun 17 2026 08:21:04:171 GMT-0600 (Mountain Daylight Time) -- Connection closed by remote host.
Wed Jun 17 2026 08:21:04:496 GMT-0600 (Mountain Daylight Time) -- 0 repeaters connected out of 30
Wed Jun 17 2026 08:21:04:496 GMT-0600 (Mountain Daylight Time) -- Connection closed by remote host.
Wed Jun 17 2026 08:21:04:768 GMT-0600 (Mountain Daylight Time) -- 0 repeaters connected out of 30
Wed Jun 17 2026 08:21:04:768 GMT-0600 (Mountain Daylight Time) -- Connection closed by remote host.
Wed Jun 17 2026 08:21:05:496 GMT-0600 (Mountain Daylight Time) -- 2 repeaters connected out of 30
Wed Jun 17 2026 08:21:05:499 GMT-0600 (Mountain Daylight Time) -- Connection closed by remote host.

Wed Jun 17 2026 08:27:31:778 GMT-0600 (Mountain Daylight Time) -- Binary semantic version is v8.9.32
Wed Jun 17 2026 08:27:31:778 GMT-0600 (Mountain Daylight Time) -- Setting output as extra verbose with request parsing
Wed Jun 17 2026 08:27:33:329 GMT-0600 (Mountain Daylight Time) -- { Error: getaddrinfo ENOTFOUND eds.browserstack.com eds.browserstack.com:443
    at GetAddrInfoReqWrap.onlookup [as oncomplete] (dns.js:56:26)
  errno: 'ENOTFOUND',
  code: 'ENOTFOUND',
  syscall: 'getaddrinfo',
  hostname: 'eds.browserstack.com',
  host: 'eds.browserstack.com',
  port: 443 }
Wed Jun 17 2026 08:27:35:354 GMT-0600 (Mountain Daylight Time) -- Starting configuration console on http://localhost:45454
Wed Jun 17 2026 08:27:37:759 GMT-0600 (Mountain Daylight Time) -- Error in establishing connection.
Wed Jun 17 2026 08:27:37:759 GMT-0600 (Mountain Daylight Time) -- getaddrinfo ENOTFOUND repeater-local-001-dcp-use3b-prod.browserstack.com repeater-local-001-dcp-use3b-prod.browserstack.com:443
Wed Jun 17 2026 08:27:37:760 GMT-0600 (Mountain Daylight Time) -- 0 repeaters connected out of 30
Wed Jun 17 2026 08:27:37:760 GMT-0600 (Mountain Daylight Time) -- Resetting connection for 17700 as connected repeaters count is below threshold.
Wed Jun 17 2026 08:27:37:767 GMT-0600 (Mountain Daylight Time) -- Connection closed by remote host.
Wed Jun 17 2026 08:27:38:49 GMT-0600 (Mountain Daylight Time) -- [SUCCESS] You can now access your local server(s) in our remote browser

Wed Jun 17 2026 08:27:39:249 GMT-0600 (Mountain Daylight Time) -- undefined
Wed Jun 17 2026 08:27:40:767 GMT-0600 (Mountain Daylight Time) -- undefined
Wed Jun 17 2026 08:27:41:108 GMT-0600 (Mountain Daylight Time) -- 15 repeaters connected out of 30
Wed Jun 17 2026 08:27:41:108 GMT-0600 (Mountain Daylight Time) -- Connection closed by remote host.
Wed Jun 17 2026 08:27:42:89 GMT-0600 (Mountain Daylight Time) -- Error in establishing connection.
Wed Jun 17 2026 08:27:42:89 GMT-0600 (Mountain Daylight Time) -- getaddrinfo ENOTFOUND repeater-local-026-ec2-use1e-prod.browserstack.com repeater-local-026-ec2-use1e-prod.browserstack.com:443
Wed Jun 17 2026 08:27:42:89 GMT-0600 (Mountain Daylight Time) -- 16 repeaters connected out of 30
Wed Jun 17 2026 08:27:42:89 GMT-0600 (Mountain Daylight Time) -- Connection closed by remote host.
Wed Jun 17 2026 08:27:43:171 GMT-0600 (Mountain Daylight Time) -- 20 repeaters connected out of 30
Wed Jun 17 2026 08:27:43:172 GMT-0600 (Mountain Daylight Time) -- Connection closed by remote host.
Wed Jun 17 2026 08:27:43:172 GMT-0600 (Mountain Daylight Time) -- Error in establishing connection.
Wed Jun 17 2026 08:27:43:172 GMT-0600 (Mountain Daylight Time) -- getaddrinfo ENOTFOUND repeater-local-026-ec2-use1e-prod.browserstack.com repeater-local-026-ec2-use1e-prod.browserstack.com:80
Wed Jun 17 2026 08:27:43:172 GMT-0600 (Mountain Daylight Time) -- 19 repeaters connected out of 30
Wed Jun 17 2026 08:27:43:172 GMT-0600 (Mountain Daylight Time) -- Connection closed by remote host.
Wed Jun 17 2026 08:27:43:287 GMT-0600 (Mountain Daylight Time) -- 20 repeaters connected out of 30
Wed Jun 17 2026 08:27:43:287 GMT-0600 (Mountain Daylight Time) -- Connection closed by remote host.
Wed Jun 17 2026 08:27:43:287 GMT-0600 (Mountain Daylight Time) -- Error in establishing connection.
Wed Jun 17 2026 08:27:43:287 GMT-0600 (Mountain Daylight Time) -- getaddrinfo ENOTFOUND repeater-local-026-ec2-use1e-prod.browserstack.com repeater-local-026-ec2-use1e-prod.browserstack.com:443
Wed Jun 17 2026 08:27:43:288 GMT-0600 (Mountain Daylight Time) -- 19 repeaters connected out of 30
Wed Jun 17 2026 08:27:43:288 GMT-0600 (Mountain Daylight Time) -- Connection closed by remote host.
Wed Jun 17 2026 08:27:43:398 GMT-0600 (Mountain Daylight Time) -- Error in establishing connection.
Wed Jun 17 2026 08:27:43:398 GMT-0600 (Mountain Daylight Time) -- getaddrinfo ENOTFOUND repeater-local-026-ec2-use1e-prod.browserstack.com repeater-local-026-ec2-use1e-prod.browserstack.com:80
Wed Jun 17 2026 08:27:43:398 GMT-0600 (Mountain Daylight Time) -- 18 repeaters connected out of 30
Wed Jun 17 2026 08:27:43:399 GMT-0600 (Mountain Daylight Time) -- Connection closed by remote host.
Wed Jun 17 2026 08:27:43:500 GMT-0600 (Mountain Daylight Time) -- Error in establishing connection.
Wed Jun 17 2026 08:27:43:500 GMT-0600 (Mountain Daylight Time) -- getaddrinfo ENOTFOUND repeater-local-026-ec2-use1e-prod.browserstack.com repeater-local-026-ec2-use1e-prod.browserstack.com:443
Wed Jun 17 2026 08:27:43:500 GMT-0600 (Mountain Daylight Time) -- 17 repeaters connected out of 30
Wed Jun 17 2026 08:27:43:500 GMT-0600 (Mountain Daylight Time) -- Connection closed by remote host.
Wed Jun 17 2026 08:27:43:604 GMT-0600 (Mountain Daylight Time) -- 16 repeaters connected out of 30
Wed Jun 17 2026 08:27:43:604 GMT-0600 (Mountain Daylight Time) -- Connection closed by remote host.
Wed Jun 17 2026 08:27:43:604 GMT-0600 (Mountain Daylight Time) -- Error in establishing connection.
Wed Jun 17 2026 08:27:43:604 GMT-0600 (Mountain Daylight Time) -- getaddrinfo ENOTFOUND repeater-local-026-ec2-use1e-prod.browserstack.com repeater-local-026-ec2-use1e-prod.browserstack.com:80
Wed Jun 17 2026 08:27:43:604 GMT-0600 (Mountain Daylight Time) -- 15 repeaters connected out of 30
Wed Jun 17 2026 08:27:43:604 GMT-0600 (Mountain Daylight Time) -- Connection closed by remote host.
Wed Jun 17 2026 08:27:43:712 GMT-0600 (Mountain Daylight Time) -- 14 repeaters connected out of 30
Wed Jun 17 2026 08:27:43:712 GMT-0600 (Mountain Daylight Time) -- Connection closed by remote host.
Wed Jun 17 2026 08:27:43:713 GMT-0600 (Mountain Daylight Time) -- Error in establishing connection.
Wed Jun 17 2026 08:27:43:714 GMT-0600 (Mountain Daylight Time) -- getaddrinfo ENOTFOUND repeater-local-026-ec2-use1e-prod.browserstack.com repeater-local-026-ec2-use1e-prod.browserstack.com:443
Wed Jun 17 2026 08:27:43:714 GMT-0600 (Mountain Daylight Time) -- 13 repeaters connected out of 30
Wed Jun 17 2026 08:27:43:714 GMT-0600 (Mountain Daylight Time) -- Connection closed by remote host.
Wed Jun 17 2026 08:27:43:818 GMT-0600 (Mountain Daylight Time) -- Error in establishing connection.
Wed Jun 17 2026 08:27:43:818 GMT-0600 (Mountain Daylight Time) -- getaddrinfo ENOTFOUND repeater-local-026-ec2-use1e-prod.browserstack.com repeater-local-026-ec2-use1e-prod.browserstack.com:80
Wed Jun 17 2026 08:27:43:818 GMT-0600 (Mountain Daylight Time) -- 12 repeaters connected out of 30
Wed Jun 17 2026 08:27:43:818 GMT-0600 (Mountain Daylight Time) -- Connection closed by remote host.
Wed Jun 17 2026 08:27:43:933 GMT-0600 (Mountain Daylight Time) -- Error in establishing connection.
Wed Jun 17 2026 08:27:43:933 GMT-0600 (Mountain Daylight Time) -- getaddrinfo ENOTFOUND repeater-local-026-ec2-use1e-prod.browserstack.com repeater-local-026-ec2-use1e-prod.browserstack.com:443
Wed Jun 17 2026 08:27:43:933 GMT-0600 (Mountain Daylight Time) -- 13 repeaters connected out of 30
Wed Jun 17 2026 08:27:43:933 GMT-0600 (Mountain Daylight Time) -- Connection closed by remote host.
Wed Jun 17 2026 08:27:44:17 GMT-0600 (Mountain Daylight Time) -- Error in establishing connection.
Wed Jun 17 2026 08:27:44:18 GMT-0600 (Mountain Daylight Time) -- getaddrinfo ENOTFOUND repeater-local-012-ec2-use1c-prod.browserstack.com repeater-local-012-ec2-use1c-prod.browserstack.com:443
Wed Jun 17 2026 08:27:44:18 GMT-0600 (Mountain Daylight Time) -- 12 repeaters connected out of 30
Wed Jun 17 2026 08:27:44:18 GMT-0600 (Mountain Daylight Time) -- Connection closed by remote host.
Wed Jun 17 2026 08:27:44:35 GMT-0600 (Mountain Daylight Time) -- Error in establishing connection.
Wed Jun 17 2026 08:27:44:35 GMT-0600 (Mountain Daylight Time) -- getaddrinfo ENOTFOUND repeater-local-026-ec2-use1e-prod.browserstack.com repeater-local-026-ec2-use1e-prod.browserstack.com:80
Wed Jun 17 2026 08:27:44:35 GMT-0600 (Mountain Daylight Time) -- 11 repeaters connected out of 30
Wed Jun 17 2026 08:27:44:35 GMT-0600 (Mountain Daylight Time) -- Connection closed by remote host.
Wed Jun 17 2026 08:27:44:134 GMT-0600 (Mountain Daylight Time) -- Error in establishing connection.
Wed Jun 17 2026 08:27:44:134 GMT-0600 (Mountain Daylight Time) -- getaddrinfo ENOTFOUND repeater-local-012-ec2-use1c-prod.browserstack.com repeater-local-012-ec2-use1c-prod.browserstack.com:80
Wed Jun 17 2026 08:27:44:134 GMT-0600 (Mountain Daylight Time) -- 11 repeaters connected out of 30
Wed Jun 17 2026 08:27:44:134 GMT-0600 (Mountain Daylight Time) -- Connection closed by remote host.
Wed Jun 17 2026 08:27:44:151 GMT-0600 (Mountain Daylight Time) -- Error in establishing connection.
Wed Jun 17 2026 08:27:44:152 GMT-0600 (Mountain Daylight Time) -- getaddrinfo ENOTFOUND repeater-local-026-ec2-use1e-prod.browserstack.com repeater-local-026-ec2-use1e-prod.browserstack.com:443
Wed Jun 17 2026 08:27:44:152 GMT-0600 (Mountain Daylight Time) -- 10 repeaters connected out of 30
Wed Jun 17 2026 08:27:44:152 GMT-0600 (Mountain Daylight Time) -- Connection closed by remote host.
Wed Jun 17 2026 08:27:44:254 GMT-0600 (Mountain Daylight Time) -- 9 repeaters connected out of 30
Wed Jun 17 2026 08:27:44:254 GMT-0600 (Mountain Daylight Time) -- Connection closed by remote host.
Wed Jun 17 2026 08:27:44:254 GMT-0600 (Mountain Daylight Time) -- 8 repeaters connected out of 30
Wed Jun 17 2026 08:27:44:254 GMT-0600 (Mountain Daylight Time) -- Connection closed by remote host.
Wed Jun 17 2026 08:27:45:825 GMT-0600 (Mountain Daylight Time) -- Error in establishing connection.
Wed Jun 17 2026 08:27:45:825 GMT-0600 (Mountain Daylight Time) -- getaddrinfo ENOTFOUND repeater-local-026-ec2-use1e-prod.browserstack.com repeater-local-026-ec2-use1e-prod.browserstack.com:80
Wed Jun 17 2026 08:27:45:825 GMT-0600 (Mountain Daylight Time) -- 7 repeaters connected out of 30
Wed Jun 17 2026 08:27:45:825 GMT-0600 (Mountain Daylight Time) -- Connection closed by remote host.
