2026-05-05 10:27:35 - [34mdebug[39m: Could not locate npm module path with error  Cannot access 'isYarnPnP' before initialization
2026-05-05 10:27:35 - [32minfo[39m: Log Directory has been set to D:\CODES\CSI-QA-testing\log
2026-05-05 10:27:35 - [32minfo[39m: Reading configs from D:\CODES\CSI-QA-testing\browserstack.yaml
2026-05-05 10:27:35 - [32minfo[39m: Log Directory has been set to D:\CODES\CSI-QA-testing\log
2026-05-05 10:27:35 - [32minfo[39m: Running SDK with args C:\Program Files\nodejs\node.exe D:\CODES\CSI-QA-testing\node_modules\browserstack-node-sdk\src\bin\runner.js playwright test
2026-05-05 10:27:35 - [32minfo[39m: SDK run started with id: 46b4b147-e10a-429f-ba45-28d36564f635
2026-05-05 10:27:35 - [34mdebug[39m: requireModuleV3 :: module - @playwright/test/package.json, package - @playwright/test
2026-05-05 10:27:35 - [34mdebug[39m: requireModuleV2 :: module - @playwright/test/package.json, package - @playwright/test
2026-05-05 10:27:35 - [34mdebug[39m: requireModuleV3 :: module - selenium-webdriver/package.json, package - selenium-webdriver
2026-05-05 10:27:35 - [34mdebug[39m: Unable to resolve module with requireModuleV3 with error: Error: Cannot find module 'selenium-webdriver'
Require stack:
- D:\CODES\CSI-QA-testing\node_modules\browserstack-node-sdk\src\helpers\helper.js
- D:\CODES\CSI-QA-testing\node_modules\browserstack-node-sdk\src\bin\runner.js
2026-05-05 10:27:35 - [34mdebug[39m: requireModuleV2 :: module - selenium-webdriver/package.json, package - selenium-webdriver
2026-05-05 10:27:35 - [34mdebug[39m: Getting selenium-webdriver/package.json from D:\CODES\CSI-QA-testing
2026-05-05 10:27:35 - [34mdebug[39m: selenium-webdriver/package.json doesn't exist at D:\CODES\CSI-QA-testing
2026-05-05 10:27:35 - [34mdebug[39m: Getting selenium-webdriver/package.json from null
2026-05-05 10:27:35 - [34mdebug[39m: Error while loading package. Error: selenium-webdriver/package.json doesn't exist.
2026-05-05 10:27:35 - [34mdebug[39m: requireModuleV3 :: module - playwright/lib/transform/transform.js, package - playwright
2026-05-05 10:27:35 - [34mdebug[39m: Resolved from resolveModuleV3 :: Path - D:\CODES\CSI-QA-testing\node_modules\playwright\lib\transform\transform.js
2026-05-05 10:27:35 - [32minfo[39m: Running SDK with args C:\Program Files\nodejs\node.exe D:\CODES\CSI-QA-testing\node_modules\browserstack-node-sdk\src\bin\runner.js playwright test
2026-05-05 10:27:35 - [34mdebug[39m: Firing SDK event for funnel data: {"userName":"[REDACTED]","accessKey":"[REDACTED]","event_type":"SDKTestAttempted","detectedFramework":"Playwright","optimalHubUrl":[],"event_properties":{"testhub_uuid":"","sdkRunId":"46b4b147-e10a-429f-ba45-28d36564f635","product_map":{"observability":true,"accessibility":false,"percy":false,"automate":true,"app_automate":false,"lts":false,"central_scanner":false,"lcnc":false},"productMap":{"observability":true,"accessibility":false,"percy":false,"automate":true,"app_automate":false,"lts":false,"central_scanner":false,"lcnc":false},"language_framework":"unknown","referrer":"Playwright-nodeagent/1.52.2","frameworkVersion":"1.59.1","automationFramework":"selenium","automationFrameworkVersion":null,"language":"nodejs","languageVersion":"v24.15.0","product":["automate","observability"],"buildName":"Avotech-Regression-TestSuite","buildIdentifier":"#25","os":"Windows_NT","hostname":"DESKTOP-B1PF2KP","isCLIEnabled":false,"playwrightVersion":{}}}
2026-05-05 10:27:35 - [32minfo[39m: SDK run started with id: 46b4b147-e10a-429f-ba45-28d36564f635
2026-05-05 10:27:35 - [32minfo[39m: Project and debug logs are captured by default. To disable, set disableAutoCaptureLogs: true in config.
2026-05-05 10:27:35 - [34mdebug[39m: requireModuleV3 :: module - @playwright/test/package.json, package - @playwright/test
2026-05-05 10:27:35 - [34mdebug[39m: requireModuleV2 :: module - @playwright/test/package.json, package - @playwright/test
2026-05-05 10:27:35 - [34mdebug[39m: Sending request to https://api.browserstack.com/sdk/v1/event
2026-05-05 10:27:35 - [34mdebug[39m: requireModuleV3 :: module - selenium-webdriver/package.json, package - selenium-webdriver
2026-05-05 10:27:35 - [34mdebug[39m: Unable to resolve module with requireModuleV3 with error: Error: Cannot find module 'selenium-webdriver'
Require stack:
- D:\CODES\CSI-QA-testing\node_modules\browserstack-node-sdk\src\helpers\helper.js
- D:\CODES\CSI-QA-testing\node_modules\browserstack-node-sdk\src\bin\runner.js
2026-05-05 10:27:35 - [34mdebug[39m: requireModuleV2 :: module - selenium-webdriver/package.json, package - selenium-webdriver
2026-05-05 10:27:35 - [34mdebug[39m: Getting selenium-webdriver/package.json from D:\CODES\CSI-QA-testing
2026-05-05 10:27:35 - [34mdebug[39m: selenium-webdriver/package.json doesn't exist at D:\CODES\CSI-QA-testing
2026-05-05 10:27:35 - [34mdebug[39m: Getting selenium-webdriver/package.json from null
2026-05-05 10:27:35 - [34mdebug[39m: Error while loading package. Error: selenium-webdriver/package.json doesn't exist.
2026-05-05 10:27:35 - [34mdebug[39m: requireModuleV3 :: module - playwright/lib/transform/transform.js, package - playwright
2026-05-05 10:27:35 - [34mdebug[39m: Resolved from resolveModuleV3 :: Path - D:\CODES\CSI-QA-testing\node_modules\playwright\lib\transform\transform.js
2026-05-05 10:27:35 - [34mdebug[39m: Firing SDK event for funnel data: {"userName":"[REDACTED]","accessKey":"[REDACTED]","event_type":"SDKTestAttempted","detectedFramework":"Playwright","optimalHubUrl":[],"event_properties":{"testhub_uuid":"","sdkRunId":"46b4b147-e10a-429f-ba45-28d36564f635","product_map":{"observability":true,"accessibility":false,"percy":false,"automate":true,"app_automate":false,"lts":false,"central_scanner":false,"lcnc":false},"productMap":{"observability":true,"accessibility":false,"percy":false,"automate":true,"app_automate":false,"lts":false,"central_scanner":false,"lcnc":false},"language_framework":"unknown","referrer":"Playwright-nodeagent/1.52.2","frameworkVersion":"1.59.1","automationFramework":"selenium","automationFrameworkVersion":null,"language":"nodejs","languageVersion":"v24.15.0","product":["automate","observability"],"buildName":"Avotech-Regression-TestSuite","buildIdentifier":"#25","os":"Windows_NT","hostname":"DESKTOP-B1PF2KP","isCLIEnabled":false,"playwrightVersion":{}}}
2026-05-05 10:27:35 - [32minfo[39m: Project and debug logs are captured by default. To disable, set disableAutoCaptureLogs: true in config.
2026-05-05 10:27:35 - [34mdebug[39m: Sending request to https://api.browserstack.com/sdk/v1/event
2026-05-05 10:27:45 - [32minfo[39m: Local binary started successfully
2026-05-05 10:27:45 - [32minfo[39m: Local binary started successfully
2026-05-05 10:27:45 - [34mdebug[39m: Sending request to https://hub.browserstack.com/next_hubs
2026-05-05 10:27:45 - [34mdebug[39m: Sending request to https://hub.browserstack.com/next_hubs
2026-05-05 10:27:45 - [34mdebug[39m: Response from https://api.browserstack.com/sdk/v1/event: 200 OK
2026-05-05 10:27:45 - [34mdebug[39m: Response from https://api.browserstack.com/sdk/v1/event: 200 OK
2026-05-05 10:27:45 - [34mdebug[39m: API Event SDKTestAttempted response - {"data":{"message":"SDK Event recorded successfully"},"body":"{\"message\":\"SDK Event recorded successfully\"}","statusCode":200}
2026-05-05 10:27:45 - [34mdebug[39m: API Event SDKTestAttempted response - {"data":{"message":"SDK Event recorded successfully"},"body":"{\"message\":\"SDK Event recorded successfully\"}","statusCode":200}
2026-05-05 10:27:45 - [34mdebug[39m: Response from https://hub.browserstack.com/next_hubs: 200 OK
2026-05-05 10:27:45 - [34mdebug[39m: Response from https://hub.browserstack.com/next_hubs: 200 OK
2026-05-05 10:27:45 - [34mdebug[39m: Response: {"hubs":["hub-aps.browserstack.com","hub-euw.browserstack.com","hub-apse.browserstack.com"]}
2026-05-05 10:27:45 - [34mdebug[39m: Response: {"hubs":["hub-aps.browserstack.com","hub-euw.browserstack.com","hub-apse.browserstack.com"]}
2026-05-05 10:27:45 - [34mdebug[39m: NEAREST HUBS LIST: ["hub-aps.browserstack.com","hub-euw.browserstack.com","hub-apse.browserstack.com"]
2026-05-05 10:27:45 - [34mdebug[39m: Sending request to https://hub-aps.browserstack.com/check
2026-05-05 10:27:45 - [34mdebug[39m: Sending request to https://hub-euw.browserstack.com/check
2026-05-05 10:27:45 - [34mdebug[39m: Sending request to https://hub-apse.browserstack.com/check
2026-05-05 10:27:45 - [34mdebug[39m: NEAREST HUBS LIST: ["hub-aps.browserstack.com","hub-euw.browserstack.com","hub-apse.browserstack.com"]
2026-05-05 10:27:45 - [34mdebug[39m: Sending request to https://hub-aps.browserstack.com/check
2026-05-05 10:27:45 - [34mdebug[39m: Sending request to https://hub-euw.browserstack.com/check
2026-05-05 10:27:45 - [34mdebug[39m: Sending request to https://hub-apse.browserstack.com/check
2026-05-05 10:27:45 - [34mdebug[39m: Response from https://hub-aps.browserstack.com/check: 200 OK
2026-05-05 10:27:45 - [34mdebug[39m: Response from https://hub-aps.browserstack.com/check: 200 OK
2026-05-05 10:27:45 - [34mdebug[39m: Execution time for https://hub-aps.browserstack.com is: 207ms
2026-05-05 10:27:45 - [34mdebug[39m: HUB URL SET TO - https://hub-aps.browserstack.com
2026-05-05 10:27:45 - [32minfo[39m: [BrowserstackCLI] startMain: Starting main process
2026-05-05 10:27:45 - [34mdebug[39m: [BrowserstackCLI] Setting up CLI binary path...
2026-05-05 10:27:45 - [34mdebug[39m: [CLIUtils] Configuring Cli path.
2026-05-05 10:27:45 - [34mdebug[39m: Execution time for https://hub-aps.browserstack.com is: 207ms
2026-05-05 10:27:45 - [34mdebug[39m: [CLIUtils] Folder C:\Users\giver\.browserstack already exists
2026-05-05 10:27:45 - [34mdebug[39m: HUB URL SET TO - https://hub-aps.browserstack.com
2026-05-05 10:27:45 - [32minfo[39m: [CLIUtils] Current CLI Path Found: C:\Users\giver\.browserstack\cli\binary-win-x64.exe
2026-05-05 10:27:45 - [32minfo[39m: [BrowserstackCLI] startMain: Starting main process
2026-05-05 10:27:45 - [34mdebug[39m: [BrowserstackCLI] Setting up CLI binary path...
2026-05-05 10:27:45 - [34mdebug[39m: [CLIUtils] Configuring Cli path.
2026-05-05 10:27:45 - [34mdebug[39m: [CLIUtils] Folder C:\Users\giver\.browserstack already exists
2026-05-05 10:27:45 - [32minfo[39m: [CLIUtils] Current CLI Path Found: C:\Users\giver\.browserstack\cli\binary-win-x64.exe
2026-05-05 10:27:46 - [34mdebug[39m: Response from https://hub-apse.browserstack.com/check: 200 OK
2026-05-05 10:27:46 - [34mdebug[39m: Response from https://hub-apse.browserstack.com/check: 200 OK
2026-05-05 10:27:46 - [34mdebug[39m: Execution time for https://hub-apse.browserstack.com is: 818ms
2026-05-05 10:27:46 - [34mdebug[39m: Execution time for https://hub-apse.browserstack.com is: 818ms
2026-05-05 10:27:46 - [34mdebug[39m: Response from https://hub-euw.browserstack.com/check: 200 OK
2026-05-05 10:27:46 - [34mdebug[39m: Response from https://hub-euw.browserstack.com/check: 200 OK
2026-05-05 10:27:46 - [34mdebug[39m: Execution time for https://hub-euw.browserstack.com is: 899ms
2026-05-05 10:27:46 - [34mdebug[39m: Execution time for https://hub-euw.browserstack.com is: 899ms
2026-05-05 10:27:46 - [34mdebug[39m: [CLIUtils] Resolving with stdout: "1.29.0"
2026-05-05 10:27:46 - [34mdebug[39m: [CLIUtils] Resolving with stdout: "1.29.0"
2026-05-05 10:27:46 - [34mdebug[39m: Sending request to https://api.browserstack.com/sdk/v1/update_cli
2026-05-05 10:27:46 - [34mdebug[39m: Sending request to https://api.browserstack.com/sdk/v1/update_cli
2026-05-05 10:27:47 - [34mdebug[39m: Response from https://api.browserstack.com/sdk/v1/update_cli: 200 OK
2026-05-05 10:27:47 - [34mdebug[39m: Response from https://api.browserstack.com/sdk/v1/update_cli: 200 OK
2026-05-05 10:27:47 - [34mdebug[39m: [CLIUtils] response {"data":{"success":true},"body":"{\"success\":true}","statusCode":200}
2026-05-05 10:27:47 - [34mdebug[39m: [CLIUtils] Resolved binary path: C:\Users\giver\.browserstack\cli\binary-win-x64.exe
2026-05-05 10:27:47 - [34mdebug[39m: [BrowserstackCLI] CLI binary path resolved to: C:\Users\giver\.browserstack\cli\binary-win-x64.exe
2026-05-05 10:27:47 - [32minfo[39m: [BrowserstackCLI] spawning command='C:\Users\giver\.browserstack\cli\binary-win-x64.exe,sdk'
2026-05-05 10:27:47 - [34mdebug[39m: [CLIUtils] response {"data":{"success":true},"body":"{\"success\":true}","statusCode":200}
2026-05-05 10:27:47 - [34mdebug[39m: [CLIUtils] Resolved binary path: C:\Users\giver\.browserstack\cli\binary-win-x64.exe
2026-05-05 10:27:47 - [34mdebug[39m: [BrowserstackCLI] CLI binary path resolved to: C:\Users\giver\.browserstack\cli\binary-win-x64.exe
2026-05-05 10:27:47 - [32minfo[39m: [BrowserstackCLI] spawning command='C:\Users\giver\.browserstack\cli\binary-win-x64.exe,sdk'
2026-05-05 10:27:48 - [32minfo[39m: [BrowserstackCLI] CLI params loaded: {"id":"ba3ee7a3-ab6a-42f0-a360-eaad5d3a892f","listen":"127.0.0.1:5400","port":"5400"}
2026-05-05 10:27:48 - [32minfo[39m: [BrowserstackCLI] CLI params loaded: {"id":"ba3ee7a3-ab6a-42f0-a360-eaad5d3a892f","listen":"127.0.0.1:5400","port":"5400"}
2026-05-05 10:27:48 - [32minfo[39m: [GrpcClient] Connected to gRPC server at 127.0.0.1:5400
2026-05-05 10:27:48 - [32minfo[39m: [GrpcClient] Initialized gRPC client with bin session id: ba3ee7a3-ab6a-42f0-a360-eaad5d3a892f and listen address: 127.0.0.1:5400
2026-05-05 10:27:48 - [34mdebug[39m: [BrowserstackCLI] startMain: main-process started
2026-05-05 10:27:48 - [32minfo[39m: [GrpcClient] startBinSession: Calling startBinSession
2026-05-05 10:27:48 - [32minfo[39m: [GrpcClient] setCliArgs: cliArgs=["playwright","test"], parsedConfig=[]
2026-05-05 10:27:48 - [32minfo[39m: [GrpcClient] Connected to gRPC server at 127.0.0.1:5400
2026-05-05 10:27:48 - [32minfo[39m: [GrpcClient] Initialized gRPC client with bin session id: ba3ee7a3-ab6a-42f0-a360-eaad5d3a892f and listen address: 127.0.0.1:5400
2026-05-05 10:27:48 - [34mdebug[39m: [BrowserstackCLI] startMain: main-process started
2026-05-05 10:27:48 - [32minfo[39m: [GrpcClient] startBinSession: Calling startBinSession
2026-05-05 10:27:48 - [32minfo[39m: [GrpcClient] setCliArgs: cliArgs=["playwright","test"], parsedConfig=[]
2026-05-05 10:27:51 - [31merror[39m: [BrowserstackCLI] CLI stderr: Exiting with code 1 due to uncaught exception [Error: EBUSY: resource busy or locked, open 'C:\Users\giver\.browserstack\BrowserStackLocal.exe'] {
  errno: -4082,
  code: 'EBUSY',
  syscall: 'open',
  path: 'C:\\Users\\giver\\.browserstack\\BrowserStackLocal.exe'
}
2026-05-05 10:27:51 - [31merror[39m: [BrowserstackCLI] CLI stderr: Exiting with code 1 due to uncaught exception [Error: EBUSY: resource busy or locked, open 'C:\Users\giver\.browserstack\BrowserStackLocal.exe'] {
  errno: -4082,
  code: 'EBUSY',
  syscall: 'open',
  path: 'C:\\Users\\giver\\.browserstack\\BrowserStackLocal.exe'
}
2026-05-05 10:27:52 - [31merror[39m: [GrpcClient] StartBinSession error: 14 UNAVAILABLE: read ECONNRESET
2026-05-05 10:27:52 - [31merror[39m: [GrpcClient] StartBinSession error: 14 UNAVAILABLE: read ECONNRESET
2026-05-05 10:27:52 - [31merror[39m: [BrowserstackCLI] bootstrap: failed to bootstrap=Error: 14 UNAVAILABLE: read ECONNRESET
    at callErrorFromStatus (D:\CODES\CSI-QA-testing\node_modules\@grpc\grpc-js\build\src\call.js:32:19)
    at Object.onReceiveStatus (D:\CODES\CSI-QA-testing\node_modules\@grpc\grpc-js\build\src\client.js:193:76)
    at Object.onReceiveStatus (D:\CODES\CSI-QA-testing\node_modules\@grpc\grpc-js\build\src\client-interceptors.js:367:141)
    at Object.onReceiveStatus (D:\CODES\CSI-QA-testing\node_modules\@grpc\grpc-js\build\src\client-interceptors.js:327:181)
    at D:\CODES\CSI-QA-testing\node_modules\@grpc\grpc-js\build\src\resolving-call.js:135:78
    at process.processTicksAndRejections (node:internal/process/task_queues:85:11)
for call at
    at ServiceClientImpl.makeUnaryRequest (D:\CODES\CSI-QA-testing\node_modules\@grpc\grpc-js\build\src\client.js:161:32)
    at ServiceClientImpl.startBinSession (D:\CODES\CSI-QA-testing\node_modules\@grpc\grpc-js\build\src\make-client.js:105:19)
    at D:\CODES\CSI-QA-testing\node_modules\browserstack-node-sdk\src\bin\v2\grpcClient.js:1:11720
    at new Promise (<anonymous>)
    at GrpcClient.startBinSession (D:\CODES\CSI-QA-testing\node_modules\browserstack-node-sdk\src\bin\v2\grpcClient.js:1:11618)
    at BrowserstackCLI.startMain (D:\CODES\CSI-QA-testing\node_modules\browserstack-node-sdk\src\bin\v2\browserstackCLI.js:1:8713)
    at process.processTicksAndRejections (node:internal/process/task_queues:104:5)
    at async BrowserstackCLI.bootstrap (D:\CODES\CSI-QA-testing\node_modules\browserstack-node-sdk\src\bin\v2\browserstackCLI.js:1:7997)
    at async D:\CODES\CSI-QA-testing\node_modules\browserstack-node-sdk\src\bin\playwright\command.js:2:13334
2026-05-05 10:27:52 - [31merror[39m: [BrowserstackCLI] bootstrap: failed to bootstrap=Error: 14 UNAVAILABLE: read ECONNRESET
    at callErrorFromStatus (D:\CODES\CSI-QA-testing\node_modules\@grpc\grpc-js\build\src\call.js:32:19)
    at Object.onReceiveStatus (D:\CODES\CSI-QA-testing\node_modules\@grpc\grpc-js\build\src\client.js:193:76)
    at Object.onReceiveStatus (D:\CODES\CSI-QA-testing\node_modules\@grpc\grpc-js\build\src\client-interceptors.js:367:141)
    at Object.onReceiveStatus (D:\CODES\CSI-QA-testing\node_modules\@grpc\grpc-js\build\src\client-interceptors.js:327:181)
    at D:\CODES\CSI-QA-testing\node_modules\@grpc\grpc-js\build\src\resolving-call.js:135:78
    at process.processTicksAndRejections (node:internal/process/task_queues:85:11)
for call at
    at ServiceClientImpl.makeUnaryRequest (D:\CODES\CSI-QA-testing\node_modules\@grpc\grpc-js\build\src\client.js:161:32)
    at ServiceClientImpl.startBinSession (D:\CODES\CSI-QA-testing\node_modules\@grpc\grpc-js\build\src\make-client.js:105:19)
    at D:\CODES\CSI-QA-testing\node_modules\browserstack-node-sdk\src\bin\v2\grpcClient.js:1:11720
    at new Promise (<anonymous>)
    at GrpcClient.startBinSession (D:\CODES\CSI-QA-testing\node_modules\browserstack-node-sdk\src\bin\v2\grpcClient.js:1:11618)
    at BrowserstackCLI.startMain (D:\CODES\CSI-QA-testing\node_modules\browserstack-node-sdk\src\bin\v2\browserstackCLI.js:1:8713)
    at process.processTicksAndRejections (node:internal/process/task_queues:104:5)
    at async BrowserstackCLI.bootstrap (D:\CODES\CSI-QA-testing\node_modules\browserstack-node-sdk\src\bin\v2\browserstackCLI.js:1:7997)
    at async D:\CODES\CSI-QA-testing\node_modules\browserstack-node-sdk\src\bin\playwright\command.js:2:13334
2026-05-05 10:27:52 - [32minfo[39m: [BrowserstackCLI] stop: CLI is not running, skipping stop
2026-05-05 10:27:52 - [32minfo[39m: [BrowserstackCLI] stop: CLI is not running, skipping stop
2026-05-05 10:27:52 - [34mdebug[39m: requireModuleV3 :: module - playwright/lib/common/configLoader.js, package - playwright
2026-05-05 10:27:52 - [34mdebug[39m: requireModuleV3 :: module - playwright/lib/common/configLoader.js, package - playwright
2026-05-05 10:27:52 - [34mdebug[39m: Resolved from resolveModuleV3 :: Path - D:\CODES\CSI-QA-testing\node_modules\playwright\lib\common\configLoader.js
2026-05-05 10:27:52 - [34mdebug[39m: Resolved from resolveModuleV3 :: Path - D:\CODES\CSI-QA-testing\node_modules\playwright\lib\common\configLoader.js
2026-05-05 10:27:52 - [34mdebug[39m: Generating build upstream data for TestHub
2026-05-05 10:27:52 - [34mdebug[39m: Generating build upstream data for TestHub
2026-05-05 10:27:52 - [34mdebug[39m: Sending request to https://collector-observability.browserstack.com/api/v2/builds
2026-05-05 10:27:52 - [34mdebug[39m: Sending request to https://collector-observability.browserstack.com/api/v2/builds
2026-05-05 10:27:54 - [34mdebug[39m: Response from https://collector-observability.browserstack.com/api/v2/builds: 200 OK
2026-05-05 10:27:54 - [34mdebug[39m: Response from https://collector-observability.browserstack.com/api/v2/builds: 200 OK
2026-05-05 10:27:54 - [34mdebug[39m: [TEST REPORTING AND ANALYTICS] Build Created Successfully with hashed id: 1gdastcn8kq9sxsko6uvecgoi3hmpl1o1ghvf2we
2026-05-05 10:27:54 - [31merror[39m: ACCESSIBILITY Build creation failed
2026-05-05 10:27:54 - [34mdebug[39m: BROWSERSTACK_TESTHUB_UUID: 1gdastcn8kq9sxsko6uvecgoi3hmpl1o1ghvf2we
2026-05-05 10:27:54 - [34mdebug[39m: [TEST REPORTING AND ANALYTICS] Build Created Successfully with hashed id: 1gdastcn8kq9sxsko6uvecgoi3hmpl1o1ghvf2we
2026-05-05 10:27:54 - [32minfo[39m: Testhub started with id: 1gdastcn8kq9sxsko6uvecgoi3hmpl1o1ghvf2we
2026-05-05 10:27:54 - [31merror[39m: ACCESSIBILITY Build creation failed
2026-05-05 10:27:54 - [34mdebug[39m: Updated config file name to - playwright-browserstack-sdk.config.ts
2026-05-05 10:27:54 - [34mdebug[39m: Proxy url : null
2026-05-05 10:27:54 - [34mdebug[39m: BROWSERSTACK_TESTHUB_UUID: 1gdastcn8kq9sxsko6uvecgoi3hmpl1o1ghvf2we
2026-05-05 10:27:54 - [34mdebug[39m: No Proxy : null
2026-05-05 10:27:54 - [32minfo[39m: Testhub started with id: 1gdastcn8kq9sxsko6uvecgoi3hmpl1o1ghvf2we
2026-05-05 10:27:54 - [34mdebug[39m: Updated config file name to - playwright-browserstack-sdk.config.ts
2026-05-05 10:27:54 - [34mdebug[39m: Proxy url : null
2026-05-05 10:27:54 - [34mdebug[39m: No Proxy : null
2026-05-05 10:27:57 - [34mdebug[39m: Could not locate npm module path with error  Cannot access 'isYarnPnP' before initialization
2026-05-05 10:27:57 - [32minfo[39m: [BrowserstackCLI] Starting as child process with session ID: ba3ee7a3-ab6a-42f0-a360-eaad5d3a892f
2026-05-05 10:27:57 - [32minfo[39m: [GrpcClient] Connected to gRPC server at 127.0.0.1:5400
2026-05-05 10:27:57 - [32minfo[39m: [GrpcClient] Connecting bin session
2026-05-05 10:27:57 - [31merror[39m: [GrpcClient] ConnectBinSession error: 14 UNAVAILABLE: No connection established. Last error: Error: connect ECONNREFUSED 127.0.0.1:5400. Resolution note: 
2026-05-05 10:27:57 - [31merror[39m: [GrpcClient] Error in connectBinSession: Error: 14 UNAVAILABLE: No connection established. Last error: Error: connect ECONNREFUSED 127.0.0.1:5400. Resolution note: 
    at callErrorFromStatus (D:\CODES\CSI-QA-testing\node_modules\@grpc\grpc-js\src\call.ts:84:17)
    at Object.onReceiveStatus (D:\CODES\CSI-QA-testing\node_modules\@grpc\grpc-js\src\client.ts:360:55)
    at Object.onReceiveStatus (D:\CODES\CSI-QA-testing\node_modules\@grpc\grpc-js\src\client-interceptors.ts:466:34)
    at Object.onReceiveStatus (D:\CODES\CSI-QA-testing\node_modules\@grpc\grpc-js\src\client-interceptors.ts:424:48)
    at D:\CODES\CSI-QA-testing\node_modules\@grpc\grpc-js\src\resolving-call.ts:170:24
    at processTicksAndRejections (node:internal/process/task_queues:85:11)
for call at
    at ServiceClientImpl.makeUnaryRequest (D:\CODES\CSI-QA-testing\node_modules\@grpc\grpc-js\src\client.ts:325:42)
    at ServiceClientImpl.connectBinSession (D:\CODES\CSI-QA-testing\node_modules\@grpc\grpc-js\src\make-client.ts:189:15)
    at _0xcc7d46 (D:\CODES\CSI-QA-testing\node_modules\browserstack-node-sdk\src\bin\v2\grpcClient.js:1:13224)
    at new Promise (<anonymous>)
    at GrpcClient.connectBinSession (D:\CODES\CSI-QA-testing\node_modules\browserstack-node-sdk\src\bin\v2\grpcClient.js:1:13122)
    at BrowserstackCLI.startChild (D:\CODES\CSI-QA-testing\node_modules\browserstack-node-sdk\src\bin\v2\browserstackCLI.js:1:20593)
    at BrowserstackCLI.bootstrap (D:\CODES\CSI-QA-testing\node_modules\browserstack-node-sdk\src\bin\v2\browserstackCLI.js:1:7905)
    at Object._modifyPlaywright (D:\CODES\CSI-QA-testing\node_modules\browserstack-node-sdk\src\bin\playwright\modifyPlaywrightConf.js:1:21681)
    at Object.<anonymous> (D:\CODES\CSI-QA-testing\playwright-browserstack-sdk.config.ts:4:24)
    at Module._compile (node:internal/modules/cjs/loader:1830:14)
    at Module.newCompile2 (D:\CODES\CSI-QA-testing\node_modules\playwright\lib\third_party\pirates.js:46:29)
    at Object.<anonymous> (node:internal/modules/cjs/loader:1961:10)
    at Object.newLoader2 [as .ts] (D:\CODES\CSI-QA-testing\node_modules\playwright\lib\third_party\pirates.js:52:22)
    at Module.load (node:internal/modules/cjs/loader:1553:32)
    at Module._load (node:internal/modules/cjs/loader:1355:12)
    at wrapModuleLoad (node:internal/modules/cjs/loader:255:19)
    at Module.require (node:internal/modules/cjs/loader:1576:12)
    at require (node:internal/modules/helpers:153:16)
    at requireOrImport (D:\CODES\CSI-QA-testing\node_modules\playwright\lib\transform\transform.js:218:18)
    at loadUserConfig (D:\CODES\CSI-QA-testing\node_modules\playwright\lib\common\configLoader.js:107:89)
    at loadConfig (D:\CODES\CSI-QA-testing\node_modules\playwright\lib\common\configLoader.js:119:28)
    at loadConfigFromFile (D:\CODES\CSI-QA-testing\node_modules\playwright\lib\common\configLoader.js:331:10)
    at runTests (D:\CODES\CSI-QA-testing\node_modules\playwright\lib\testActions.js:51:18)
    at i.<anonymous> (D:\CODES\CSI-QA-testing\node_modules\playwright\lib\program.js:56:7) {
  code: 14,
  details: 'No connection established. Last error: Error: connect ECONNREFUSED 127.0.0.1:5400. Resolution note: ',
  metadata: Metadata {
    internalRepr: Map(0) {},
    opaqueData: Map(0) {},
    options: {}
  }
}
2026-05-05 10:27:57 - [31merror[39m: [BrowserstackCLI] Failed to start as child process: Error: 14 UNAVAILABLE: No connection established. Last error: Error: connect ECONNREFUSED 127.0.0.1:5400. Resolution note: 
    at callErrorFromStatus (D:\CODES\CSI-QA-testing\node_modules\@grpc\grpc-js\src\call.ts:84:17)
    at Object.onReceiveStatus (D:\CODES\CSI-QA-testing\node_modules\@grpc\grpc-js\src\client.ts:360:55)
    at Object.onReceiveStatus (D:\CODES\CSI-QA-testing\node_modules\@grpc\grpc-js\src\client-interceptors.ts:466:34)
    at Object.onReceiveStatus (D:\CODES\CSI-QA-testing\node_modules\@grpc\grpc-js\src\client-interceptors.ts:424:48)
    at D:\CODES\CSI-QA-testing\node_modules\@grpc\grpc-js\src\resolving-call.ts:170:24
    at processTicksAndRejections (node:internal/process/task_queues:85:11)
for call at
    at ServiceClientImpl.makeUnaryRequest (D:\CODES\CSI-QA-testing\node_modules\@grpc\grpc-js\src\client.ts:325:42)
    at ServiceClientImpl.connectBinSession (D:\CODES\CSI-QA-testing\node_modules\@grpc\grpc-js\src\make-client.ts:189:15)
    at _0xcc7d46 (D:\CODES\CSI-QA-testing\node_modules\browserstack-node-sdk\src\bin\v2\grpcClient.js:1:13224)
    at new Promise (<anonymous>)
    at GrpcClient.connectBinSession (D:\CODES\CSI-QA-testing\node_modules\browserstack-node-sdk\src\bin\v2\grpcClient.js:1:13122)
    at BrowserstackCLI.startChild (D:\CODES\CSI-QA-testing\node_modules\browserstack-node-sdk\src\bin\v2\browserstackCLI.js:1:20593)
    at BrowserstackCLI.bootstrap (D:\CODES\CSI-QA-testing\node_modules\browserstack-node-sdk\src\bin\v2\browserstackCLI.js:1:7905)
    at Object._modifyPlaywright (D:\CODES\CSI-QA-testing\node_modules\browserstack-node-sdk\src\bin\playwright\modifyPlaywrightConf.js:1:21681)
    at Object.<anonymous> (D:\CODES\CSI-QA-testing\playwright-browserstack-sdk.config.ts:4:24)
    at Module._compile (node:internal/modules/cjs/loader:1830:14)
    at Module.newCompile2 (D:\CODES\CSI-QA-testing\node_modules\playwright\lib\third_party\pirates.js:46:29)
    at Object.<anonymous> (node:internal/modules/cjs/loader:1961:10)
    at Object.newLoader2 [as .ts] (D:\CODES\CSI-QA-testing\node_modules\playwright\lib\third_party\pirates.js:52:22)
    at Module.load (node:internal/modules/cjs/loader:1553:32)
    at Module._load (node:internal/modules/cjs/loader:1355:12)
    at wrapModuleLoad (node:internal/modules/cjs/loader:255:19)
    at Module.require (node:internal/modules/cjs/loader:1576:12)
    at require (node:internal/modules/helpers:153:16)
    at requireOrImport (D:\CODES\CSI-QA-testing\node_modules\playwright\lib\transform\transform.js:218:18)
    at loadUserConfig (D:\CODES\CSI-QA-testing\node_modules\playwright\lib\common\configLoader.js:107:89)
    at loadConfig (D:\CODES\CSI-QA-testing\node_modules\playwright\lib\common\configLoader.js:119:28)
    at loadConfigFromFile (D:\CODES\CSI-QA-testing\node_modules\playwright\lib\common\configLoader.js:331:10)
    at runTests (D:\CODES\CSI-QA-testing\node_modules\playwright\lib\testActions.js:51:18)
    at i.<anonymous> (D:\CODES\CSI-QA-testing\node_modules\playwright\lib\program.js:56:7) {
  code: 14,
  details: 'No connection established. Last error: Error: connect ECONNREFUSED 127.0.0.1:5400. Resolution note: ',
  metadata: Metadata {
    internalRepr: Map(0) {},
    opaqueData: Map(0) {},
    options: {}
  }
}
2026-05-05 10:27:57 - [34mdebug[39m: requireModuleV3 :: module - @playwright/test/package.json, package - @playwright/test
2026-05-05 10:27:57 - [34mdebug[39m: requireModuleV2 :: module - @playwright/test/package.json, package - @playwright/test
2026-05-05 10:27:57 - [34mdebug[39m: requireModuleV3 :: module - playwright/lib/transform/transform.js, package - playwright
2026-05-05 10:27:57 - [34mdebug[39m: Resolved from resolveModuleV3 :: Path - D:\CODES\CSI-QA-testing\node_modules\playwright\lib\transform\transform.js
2026-05-05 10:27:57 - [34mdebug[39m: Local set to true. Adding browserstack.local: true and browserstack.localIdentifier: 5_May_1027_DESKTOP-B1PF2KP_dlxa to capabilities.
2026-05-05 10:27:57 - [34mdebug[39m: requireModuleV3 :: module - playwright/lib/runner/projectUtils.js, package - playwright
2026-05-05 10:27:57 - [34mdebug[39m: Resolved from resolveModuleV3 :: Path - D:\CODES\CSI-QA-testing\node_modules\playwright\lib\runner\projectUtils.js
[34mdebug[39m: [2026-05-05T16:27:57.905Z][ TEST REPORTING AND ANALYTICS ] Call to child fork with args D:\CODES\CSI-QA-testing\node_modules\playwright\lib\common\process.js
2026-05-05 10:27:57 - [32minfo[39m: Setting up TestInfo directory at D:\CODES\CSI-QA-testing\log\.obs_test_details-1gdastcn8kq9sxsko6uvecgoi3hmpl1o1ghvf2we
2026-05-05 10:27:58 - [34mdebug[39m: Could not locate npm module path with error  Cannot access 'isYarnPnP' before initialization
2026-05-05 10:27:59 - [34mdebug[39m: requireModuleV3 :: module - @playwright/test/package.json, package - @playwright/test
2026-05-05 10:27:59 - [34mdebug[39m: requireModuleV2 :: module - @playwright/test/package.json, package - @playwright/test
2026-05-05 10:27:59 - [34mdebug[39m: requireModuleV3 :: module - playwright/lib/common/process.js, package - playwright
2026-05-05 10:27:59 - [34mdebug[39m: Resolved from resolveModuleV3 :: Path - D:\CODES\CSI-QA-testing\node_modules\playwright\lib\common\process.js
2026-05-05 10:27:59 - [34mdebug[39m: requireModuleV3 :: module - @playwright/test/index.js, package - @playwright/test
2026-05-05 10:27:59 - [34mdebug[39m: requireModuleV2 :: module - @playwright/test/index.js, package - @playwright/test
2026-05-05 10:27:59 - [34mdebug[39m: Getting @playwright/test/index.js from D:\CODES\CSI-QA-testing
2026-05-05 10:27:59 - [34mdebug[39m: requireModuleV3 :: module - @playwright\test\node_modules\playwright-core, package - @playwright/test
2026-05-05 10:27:59 - [34mdebug[39m: requireModuleV2 :: module - @playwright\test\node_modules\playwright-core, package - @playwright/test
2026-05-05 10:27:59 - [34mdebug[39m: Getting @playwright\test\node_modules\playwright-core from D:\CODES\CSI-QA-testing
2026-05-05 10:27:59 - [34mdebug[39m: @playwright\test\node_modules\playwright-core doesn't exist at D:\CODES\CSI-QA-testing
2026-05-05 10:27:59 - [34mdebug[39m: Getting @playwright\test\node_modules\playwright-core from null
2026-05-05 10:27:59 - [34mdebug[39m: requireModuleV3 :: module - playwright\node_modules\playwright-core, package - playwright
2026-05-05 10:27:59 - [34mdebug[39m: requireModuleV2 :: module - playwright\node_modules\playwright-core, package - playwright
2026-05-05 10:27:59 - [34mdebug[39m: Getting playwright\node_modules\playwright-core from D:\CODES\CSI-QA-testing
2026-05-05 10:27:59 - [34mdebug[39m: playwright\node_modules\playwright-core doesn't exist at D:\CODES\CSI-QA-testing
2026-05-05 10:27:59 - [34mdebug[39m: Getting playwright\node_modules\playwright-core from null
2026-05-05 10:27:59 - [34mdebug[39m: requireModuleV2 :: module - playwright-core, package - null
2026-05-05 10:27:59 - [34mdebug[39m: Resolved path for playwright-core is D:\CODES\CSI-QA-testing\node_modules\playwright-core
2026-05-05 10:27:59 - [34mdebug[39m: requireModuleV2 :: module - D:\CODES\CSI-QA-testing\node_modules\playwright-core\lib\client\connection.js, package - null
2026-05-05 10:27:59 - [32minfo[39m: [BrowserstackCLI] Starting as child process with session ID: ba3ee7a3-ab6a-42f0-a360-eaad5d3a892f
2026-05-05 10:27:59 - [32minfo[39m: [GrpcClient] Connected to gRPC server at 127.0.0.1:5400
2026-05-05 10:27:59 - [32minfo[39m: [GrpcClient] Connecting bin session
2026-05-05 10:27:59 - [31merror[39m: [GrpcClient] ConnectBinSession error: 14 UNAVAILABLE: No connection established. Last error: Error: connect ECONNREFUSED 127.0.0.1:5400. Resolution note: 
2026-05-05 10:27:59 - [31merror[39m: [GrpcClient] Error in connectBinSession: Error: 14 UNAVAILABLE: No connection established. Last error: Error: connect ECONNREFUSED 127.0.0.1:5400. Resolution note: 
    at callErrorFromStatus (D:\CODES\CSI-QA-testing\node_modules\@grpc\grpc-js\src\call.ts:84:17)
    at Object.onReceiveStatus (D:\CODES\CSI-QA-testing\node_modules\@grpc\grpc-js\src\client.ts:360:55)
    at Object.onReceiveStatus (D:\CODES\CSI-QA-testing\node_modules\@grpc\grpc-js\src\client-interceptors.ts:466:34)
    at Object.onReceiveStatus (D:\CODES\CSI-QA-testing\node_modules\@grpc\grpc-js\src\client-interceptors.ts:424:48)
    at D:\CODES\CSI-QA-testing\node_modules\@grpc\grpc-js\src\resolving-call.ts:170:24
    at processTicksAndRejections (node:internal/process/task_queues:85:11)
for call at
    at ServiceClientImpl.makeUnaryRequest (D:\CODES\CSI-QA-testing\node_modules\@grpc\grpc-js\src\client.ts:325:42)
    at ServiceClientImpl.connectBinSession (D:\CODES\CSI-QA-testing\node_modules\@grpc\grpc-js\src\make-client.ts:189:15)
    at _0xcc7d46 (D:\CODES\CSI-QA-testing\node_modules\browserstack-node-sdk\src\bin\v2\grpcClient.js:1:13224)
    at new Promise (<anonymous>)
    at GrpcClient.connectBinSession (D:\CODES\CSI-QA-testing\node_modules\browserstack-node-sdk\src\bin\v2\grpcClient.js:1:13122)
    at BrowserstackCLI.startChild (D:\CODES\CSI-QA-testing\node_modules\browserstack-node-sdk\src\bin\v2\browserstackCLI.js:1:20593)
    at BrowserstackCLI.bootstrap (D:\CODES\CSI-QA-testing\node_modules\browserstack-node-sdk\src\bin\v2\browserstackCLI.js:1:7905)
    at Object._modifyPlaywright (D:\CODES\CSI-QA-testing\node_modules\browserstack-node-sdk\src\bin\playwright\modifyPlaywrightConf.js:1:21681)
    at Object.<anonymous> (D:\CODES\CSI-QA-testing\playwright-browserstack-sdk.config.ts:4:24)
    at Module._compile (node:internal/modules/cjs/loader:1830:14)
    at Module.newCompile2 (D:\CODES\CSI-QA-testing\node_modules\playwright\lib\third_party\pirates.js:46:29)
    at Object.<anonymous> (node:internal/modules/cjs/loader:1961:10)
    at Object.newLoader2 [as .ts] (D:\CODES\CSI-QA-testing\node_modules\playwright\lib\third_party\pirates.js:52:22)
    at Module.load (node:internal/modules/cjs/loader:1553:32)
    at Module._load (node:internal/modules/cjs/loader:1355:12)
    at wrapModuleLoad (node:internal/modules/cjs/loader:255:19)
    at Module.require (node:internal/modules/cjs/loader:1576:12)
    at require (node:internal/modules/helpers:153:16)
    at requireOrImport (D:\CODES\CSI-QA-testing\node_modules\playwright\lib\transform\transform.js:218:18)
    at loadUserConfig (D:\CODES\CSI-QA-testing\node_modules\playwright\lib\common\configLoader.js:107:89)
    at loadConfig (D:\CODES\CSI-QA-testing\node_modules\playwright\lib\common\configLoader.js:119:28)
    at deserializeConfig (D:\CODES\CSI-QA-testing\node_modules\playwright\lib\common\configLoader.js:104:10)
    at WorkerMain._loadIfNeeded (D:\CODES\CSI-QA-testing\node_modules\playwright\lib\worker\workerMain.js:165:20)
    at WorkerMain.runTestGroup (D:\CODES\CSI-QA-testing\node_modules\playwright\lib\worker\workerMain.js:179:7)
    at process.<anonymous> (D:\CODES\CSI-QA-testing\node_modules\playwright\lib\common\process.js:73:22) {
  code: 14,
  details: 'No connection established. Last error: Error: connect ECONNREFUSED 127.0.0.1:5400. Resolution note: ',
  metadata: Metadata {
    internalRepr: Map(0) {},
    opaqueData: Map(0) {},
    options: {}
  }
}
2026-05-05 10:27:59 - [31merror[39m: [BrowserstackCLI] Failed to start as child process: Error: 14 UNAVAILABLE: No connection established. Last error: Error: connect ECONNREFUSED 127.0.0.1:5400. Resolution note: 
    at callErrorFromStatus (D:\CODES\CSI-QA-testing\node_modules\@grpc\grpc-js\src\call.ts:84:17)
    at Object.onReceiveStatus (D:\CODES\CSI-QA-testing\node_modules\@grpc\grpc-js\src\client.ts:360:55)
    at Object.onReceiveStatus (D:\CODES\CSI-QA-testing\node_modules\@grpc\grpc-js\src\client-interceptors.ts:466:34)
    at Object.onReceiveStatus (D:\CODES\CSI-QA-testing\node_modules\@grpc\grpc-js\src\client-interceptors.ts:424:48)
    at D:\CODES\CSI-QA-testing\node_modules\@grpc\grpc-js\src\resolving-call.ts:170:24
    at processTicksAndRejections (node:internal/process/task_queues:85:11)
for call at
    at ServiceClientImpl.makeUnaryRequest (D:\CODES\CSI-QA-testing\node_modules\@grpc\grpc-js\src\client.ts:325:42)
    at ServiceClientImpl.connectBinSession (D:\CODES\CSI-QA-testing\node_modules\@grpc\grpc-js\src\make-client.ts:189:15)
    at _0xcc7d46 (D:\CODES\CSI-QA-testing\node_modules\browserstack-node-sdk\src\bin\v2\grpcClient.js:1:13224)
    at new Promise (<anonymous>)
    at GrpcClient.connectBinSession (D:\CODES\CSI-QA-testing\node_modules\browserstack-node-sdk\src\bin\v2\grpcClient.js:1:13122)
    at BrowserstackCLI.startChild (D:\CODES\CSI-QA-testing\node_modules\browserstack-node-sdk\src\bin\v2\browserstackCLI.js:1:20593)
    at BrowserstackCLI.bootstrap (D:\CODES\CSI-QA-testing\node_modules\browserstack-node-sdk\src\bin\v2\browserstackCLI.js:1:7905)
    at Object._modifyPlaywright (D:\CODES\CSI-QA-testing\node_modules\browserstack-node-sdk\src\bin\playwright\modifyPlaywrightConf.js:1:21681)
    at Object.<anonymous> (D:\CODES\CSI-QA-testing\playwright-browserstack-sdk.config.ts:4:24)
    at Module._compile (node:internal/modules/cjs/loader:1830:14)
    at Module.newCompile2 (D:\CODES\CSI-QA-testing\node_modules\playwright\lib\third_party\pirates.js:46:29)
    at Object.<anonymous> (node:internal/modules/cjs/loader:1961:10)
    at Object.newLoader2 [as .ts] (D:\CODES\CSI-QA-testing\node_modules\playwright\lib\third_party\pirates.js:52:22)
    at Module.load (node:internal/modules/cjs/loader:1553:32)
    at Module._load (node:internal/modules/cjs/loader:1355:12)
    at wrapModuleLoad (node:internal/modules/cjs/loader:255:19)
    at Module.require (node:internal/modules/cjs/loader:1576:12)
    at require (node:internal/modules/helpers:153:16)
    at requireOrImport (D:\CODES\CSI-QA-testing\node_modules\playwright\lib\transform\transform.js:218:18)
    at loadUserConfig (D:\CODES\CSI-QA-testing\node_modules\playwright\lib\common\configLoader.js:107:89)
    at loadConfig (D:\CODES\CSI-QA-testing\node_modules\playwright\lib\common\configLoader.js:119:28)
    at deserializeConfig (D:\CODES\CSI-QA-testing\node_modules\playwright\lib\common\configLoader.js:104:10)
    at WorkerMain._loadIfNeeded (D:\CODES\CSI-QA-testing\node_modules\playwright\lib\worker\workerMain.js:165:20)
    at WorkerMain.runTestGroup (D:\CODES\CSI-QA-testing\node_modules\playwright\lib\worker\workerMain.js:179:7)
    at process.<anonymous> (D:\CODES\CSI-QA-testing\node_modules\playwright\lib\common\process.js:73:22) {
  code: 14,
  details: 'No connection established. Last error: Error: connect ECONNREFUSED 127.0.0.1:5400. Resolution note: ',
  metadata: Metadata {
    internalRepr: Map(0) {},
    opaqueData: Map(0) {},
    options: {}
  }
}
2026-05-05 10:27:59 - [34mdebug[39m: requireModuleV3 :: module - playwright/lib/transform/transform.js, package - playwright
2026-05-05 10:27:59 - [34mdebug[39m: Resolved from resolveModuleV3 :: Path - D:\CODES\CSI-QA-testing\node_modules\playwright\lib\transform\transform.js
2026-05-05 10:27:59 - [34mdebug[39m: Local set to true. Adding browserstack.local: true and browserstack.localIdentifier: 5_May_1027_DESKTOP-B1PF2KP_dlxa to capabilities.
2026-05-05 10:27:59 - [34mdebug[39m: requireModuleV3 :: module - playwright/lib/runner/projectUtils.js, package - playwright
2026-05-05 10:27:59 - [34mdebug[39m: Resolved from resolveModuleV3 :: Path - D:\CODES\CSI-QA-testing\node_modules\playwright\lib\runner\projectUtils.js
[35msilly[39m: [2026-05-05T16:28:00.029Z][ TEST REPORTING AND ANALYTICS ] Started :: beforeWorkerHook, PID - 18060, Argument - 0
[35msilly[39m: [2026-05-05T16:28:00.042Z][ TEST REPORTING AND ANALYTICS ] Test Started with unique id chrome-latest:Windows 11-browserstack-2bdf5d0f33858f22c0fa-9a60224dfacb84eaab99
2026-05-05 10:28:00 - [34mdebug[39m: Searching for key: path
[35msilly[39m: [2026-05-05T16:28:00.046Z][ TEST REPORTING AND ANALYTICS ] Processing event - 'TestRunStarted' 864f15e4-3f05-4e2d-a714-9097d4a88fc2
[35msilly[39m: [2026-05-05T16:28:00.048Z][ TEST REPORTING AND ANALYTICS ] Hook Started with unique id beforeEach hook for chrome-latest:Windows 11-browserstack-2bdf5d0f33858f22c0fa-9a60224dfacb84eaab99 is triggered for test 2bdf5d0f33858f22c0fa-9a60224dfacb84eaab99-0
[35msilly[39m: [2026-05-05T16:28:00.049Z][ TEST REPORTING AND ANALYTICS ] Processing event - 'HookRunStarted' f7bb9790-ef1f-43b6-9069-bb2247f87004
2026-05-05 10:28:00 - [34mdebug[39m: requireModuleV3 :: module - @playwright\test\node_modules\playwright-core, package - @playwright/test
2026-05-05 10:28:00 - [34mdebug[39m: requireModuleV2 :: module - @playwright\test\node_modules\playwright-core, package - @playwright/test
2026-05-05 10:28:00 - [34mdebug[39m: Getting @playwright\test\node_modules\playwright-core from D:\CODES\CSI-QA-testing
2026-05-05 10:28:00 - [34mdebug[39m: @playwright\test\node_modules\playwright-core doesn't exist at D:\CODES\CSI-QA-testing
2026-05-05 10:28:00 - [34mdebug[39m: Getting @playwright\test\node_modules\playwright-core from null
2026-05-05 10:28:00 - [34mdebug[39m: requireModuleV3 :: module - playwright\node_modules\playwright-core, package - playwright
2026-05-05 10:28:00 - [34mdebug[39m: requireModuleV2 :: module - playwright\node_modules\playwright-core, package - playwright
2026-05-05 10:28:00 - [34mdebug[39m: Getting playwright\node_modules\playwright-core from D:\CODES\CSI-QA-testing
2026-05-05 10:28:00 - [34mdebug[39m: playwright\node_modules\playwright-core doesn't exist at D:\CODES\CSI-QA-testing
2026-05-05 10:28:00 - [34mdebug[39m: Getting playwright\node_modules\playwright-core from null
2026-05-05 10:28:00 - [34mdebug[39m: requireModuleV2 :: module - playwright-core, package - null
2026-05-05 10:28:00 - [34mdebug[39m: Resolved path for playwright-core is D:\CODES\CSI-QA-testing\node_modules\playwright-core
2026-05-05 10:28:00 - [34mdebug[39m: requireModuleV2 :: module - D:\CODES\CSI-QA-testing\node_modules\playwright-core\lib\client\browserType.js, package - null
2026-05-05 10:28:00 - [34mdebug[39m: requireModuleV3 :: module - @playwright\test\node_modules\playwright-core, package - @playwright/test
2026-05-05 10:28:00 - [34mdebug[39m: requireModuleV2 :: module - @playwright\test\node_modules\playwright-core, package - @playwright/test
2026-05-05 10:28:00 - [34mdebug[39m: Getting @playwright\test\node_modules\playwright-core from D:\CODES\CSI-QA-testing
2026-05-05 10:28:00 - [34mdebug[39m: @playwright\test\node_modules\playwright-core doesn't exist at D:\CODES\CSI-QA-testing
2026-05-05 10:28:00 - [34mdebug[39m: Getting @playwright\test\node_modules\playwright-core from null
2026-05-05 10:28:00 - [34mdebug[39m: requireModuleV3 :: module - playwright\node_modules\playwright-core, package - playwright
2026-05-05 10:28:00 - [34mdebug[39m: requireModuleV2 :: module - playwright\node_modules\playwright-core, package - playwright
2026-05-05 10:28:00 - [34mdebug[39m: Getting playwright\node_modules\playwright-core from D:\CODES\CSI-QA-testing
2026-05-05 10:28:00 - [34mdebug[39m: playwright\node_modules\playwright-core doesn't exist at D:\CODES\CSI-QA-testing
2026-05-05 10:28:00 - [34mdebug[39m: Getting playwright\node_modules\playwright-core from null
2026-05-05 10:28:00 - [34mdebug[39m: requireModuleV2 :: module - playwright-core, package - null
2026-05-05 10:28:00 - [34mdebug[39m: Resolved path for playwright-core is D:\CODES\CSI-QA-testing\node_modules\playwright-core
2026-05-05 10:28:00 - [34mdebug[39m: requireModuleV2 :: module - D:\CODES\CSI-QA-testing\node_modules\playwright-core\lib\client\browserContext.js, package - null
2026-05-05 10:28:00 - [34mdebug[39m: requireModuleV3 :: module - @playwright\test\node_modules\playwright-core, package - @playwright/test
2026-05-05 10:28:00 - [34mdebug[39m: requireModuleV2 :: module - @playwright\test\node_modules\playwright-core, package - @playwright/test
2026-05-05 10:28:00 - [34mdebug[39m: Getting @playwright\test\node_modules\playwright-core from D:\CODES\CSI-QA-testing
2026-05-05 10:28:00 - [34mdebug[39m: @playwright\test\node_modules\playwright-core doesn't exist at D:\CODES\CSI-QA-testing
2026-05-05 10:28:00 - [34mdebug[39m: Getting @playwright\test\node_modules\playwright-core from null
2026-05-05 10:28:00 - [34mdebug[39m: requireModuleV3 :: module - playwright\node_modules\playwright-core, package - playwright
2026-05-05 10:28:00 - [34mdebug[39m: requireModuleV2 :: module - playwright\node_modules\playwright-core, package - playwright
2026-05-05 10:28:00 - [34mdebug[39m: Getting playwright\node_modules\playwright-core from D:\CODES\CSI-QA-testing
2026-05-05 10:28:00 - [34mdebug[39m: playwright\node_modules\playwright-core doesn't exist at D:\CODES\CSI-QA-testing
2026-05-05 10:28:00 - [34mdebug[39m: Getting playwright\node_modules\playwright-core from null
2026-05-05 10:28:00 - [34mdebug[39m: requireModuleV2 :: module - playwright-core, package - null
2026-05-05 10:28:00 - [34mdebug[39m: Resolved path for playwright-core is D:\CODES\CSI-QA-testing\node_modules\playwright-core
2026-05-05 10:28:00 - [34mdebug[39m: requireModuleV2 :: module - D:\CODES\CSI-QA-testing\node_modules\playwright-core\lib\client\android.js, package - null
2026-05-05 10:28:00 - [34mdebug[39m: requireModuleV3 :: module - @playwright\test\node_modules\playwright-core, package - @playwright/test
2026-05-05 10:28:00 - [34mdebug[39m: requireModuleV2 :: module - @playwright\test\node_modules\playwright-core, package - @playwright/test
2026-05-05 10:28:00 - [34mdebug[39m: Getting @playwright\test\node_modules\playwright-core from D:\CODES\CSI-QA-testing
2026-05-05 10:28:00 - [34mdebug[39m: @playwright\test\node_modules\playwright-core doesn't exist at D:\CODES\CSI-QA-testing
2026-05-05 10:28:00 - [34mdebug[39m: Getting @playwright\test\node_modules\playwright-core from null
2026-05-05 10:28:00 - [34mdebug[39m: requireModuleV3 :: module - playwright\node_modules\playwright-core, package - playwright
2026-05-05 10:28:00 - [34mdebug[39m: requireModuleV2 :: module - playwright\node_modules\playwright-core, package - playwright
2026-05-05 10:28:00 - [34mdebug[39m: Getting playwright\node_modules\playwright-core from D:\CODES\CSI-QA-testing
2026-05-05 10:28:00 - [34mdebug[39m: playwright\node_modules\playwright-core doesn't exist at D:\CODES\CSI-QA-testing
2026-05-05 10:28:00 - [34mdebug[39m: Getting playwright\node_modules\playwright-core from null
2026-05-05 10:28:00 - [34mdebug[39m: requireModuleV2 :: module - playwright-core, package - null
2026-05-05 10:28:00 - [34mdebug[39m: Resolved path for playwright-core is D:\CODES\CSI-QA-testing\node_modules\playwright-core
2026-05-05 10:28:00 - [34mdebug[39m: requireModuleV2 :: module - D:\CODES\CSI-QA-testing\node_modules\playwright-core\lib\client\page.js, package - null
2026-05-05 10:28:00 - [34mdebug[39m: requireModuleV3 :: module - @playwright\test\node_modules\playwright-core, package - @playwright/test
2026-05-05 10:28:00 - [34mdebug[39m: requireModuleV2 :: module - @playwright\test\node_modules\playwright-core, package - @playwright/test
2026-05-05 10:28:00 - [34mdebug[39m: Getting @playwright\test\node_modules\playwright-core from D:\CODES\CSI-QA-testing
2026-05-05 10:28:00 - [34mdebug[39m: @playwright\test\node_modules\playwright-core doesn't exist at D:\CODES\CSI-QA-testing
2026-05-05 10:28:00 - [34mdebug[39m: Getting @playwright\test\node_modules\playwright-core from null
2026-05-05 10:28:00 - [34mdebug[39m: requireModuleV3 :: module - playwright\node_modules\playwright-core, package - playwright
2026-05-05 10:28:00 - [34mdebug[39m: requireModuleV2 :: module - playwright\node_modules\playwright-core, package - playwright
2026-05-05 10:28:00 - [34mdebug[39m: Getting playwright\node_modules\playwright-core from D:\CODES\CSI-QA-testing
2026-05-05 10:28:00 - [34mdebug[39m: playwright\node_modules\playwright-core doesn't exist at D:\CODES\CSI-QA-testing
2026-05-05 10:28:00 - [34mdebug[39m: Getting playwright\node_modules\playwright-core from null
2026-05-05 10:28:00 - [34mdebug[39m: requireModuleV2 :: module - playwright-core, package - null
2026-05-05 10:28:00 - [34mdebug[39m: Resolved path for playwright-core is D:\CODES\CSI-QA-testing\node_modules\playwright-core
2026-05-05 10:28:00 - [34mdebug[39m: requireModuleV2 :: module - D:\CODES\CSI-QA-testing\node_modules\playwright-core\lib\client\page.js, package - null
[35msilly[39m: [2026-05-05T16:28:00.050Z][ TEST REPORTING AND ANALYTICS ] Finished :: beforeWorkerHook, PID - 18060, Argument - 0
[34mdebug[39m: [2026-05-05T16:28:00.050Z][ TEST REPORTING AND ANALYTICS ] Worker Hook started, PID 18060
[34mdebug[39m: [2026-05-05T16:28:00.060Z][ TEST REPORTING AND ANALYTICS ] Test Hook started, PID 18060
[35msilly[39m: [2026-05-05T16:28:00.060Z][ TEST REPORTING AND ANALYTICS ] Started :: beforeTestHook, PID - 18060, Argument - System Owner manually adds user under org domain
[35msilly[39m: [2026-05-05T16:28:00.061Z][ TEST REPORTING AND ANALYTICS ] Sending session details at beforeTestHook
[35msilly[39m: [2026-05-05T16:28:00.062Z][ TEST REPORTING AND ANALYTICS ] Finished :: beforeTestHook, PID - 18060, Argument - System Owner manually adds user under org domain
2026-05-05 10:28:00 - [34mdebug[39m: [Accessibility] Initialized for test: autoScanning=true, bstackA11yShouldScan=true
2026-05-05 10:28:00 - [34mdebug[39m: Processed accessibility caps false {"useW3C":false,"browserstack.user":"[REDACTED]","browserstack.key":"[REDACTED]","browserstack.local":true,"browserstack.localIdentifier":"5_May_1027_DESKTOP-B1PF2KP_dlxa","browserstack.buildIdentifier":"#25","build":"Avotech-Regression-TestSuite","browserstack.video":true,"interactiveDebugging":true,"os":"Windows","os_version":"11","browserName":"chrome","browser_version":"latest","browserstack.browserstackSDK":"playwright-nodeagent/1.52.2","browserstack.hostName":"DESKTOP-B1PF2KP","browserstack.buildProductMap":{"observability":true,"accessibility":false,"percy":false,"automate":true,"app_automate":false,"lts":false,"central_scanner":false,"lcnc":false},"browserstack.testhubBuildUuid":"1gdastcn8kq9sxsko6uvecgoi3hmpl1o1ghvf2we"}
[35msilly[39m: [2026-05-05T16:28:02.065Z][ TEST REPORTING AND ANALYTICS ] Processing events. Queue Length - 2
[34mdebug[39m: [2026-05-05T16:28:02.065Z][ TEST REPORTING AND ANALYTICS ] Processing batch events for Interval-Queue. Request Size - 2424 bytes. Events are 'TestRunStarted':864f15e4-3f05-4e2d-a714-9097d4a88fc2,'HookRunStarted':f7bb9790-ef1f-43b6-9069-bb2247f87004
2026-05-05 10:28:02 - [34mdebug[39m: Sending request to https://collector-observability.browserstack.com/api/v1/batch
2026-05-05 10:28:03 - [34mdebug[39m: Response from https://collector-observability.browserstack.com/api/v1/batch: 200 OK
[34mdebug[39m: [2026-05-05T16:28:03.923Z][ TEST REPORTING AND ANALYTICS ] Interval-Queue event successful for events 'TestRunStarted':864f15e4-3f05-4e2d-a714-9097d4a88fc2,'HookRunStarted':f7bb9790-ef1f-43b6-9069-bb2247f87004 -- {"success":true}
[35msilly[39m: [2026-05-05T16:28:03.923Z][ TEST REPORTING AND ANALYTICS ] Remaining Queue Length - 0
[34mdebug[39m: [2026-05-05T16:28:07.172Z][ TEST REPORTING AND ANALYTICS ] Setting platform details received from BS: [object Object]
[34mdebug[39m: [2026-05-05T16:28:07.172Z][ TEST REPORTING AND ANALYTICS ] Setting session id received from BS 0e2b556fbe09965aebcceecfe7d488c907fd301d
2026-05-05 10:28:07 - [34mdebug[39m: Device Model is not available
[35msilly[39m: [2026-05-05T16:28:07.175Z][ TEST REPORTING AND ANALYTICS ] Sending session details at connect
[34mdebug[39m: [2026-05-05T16:28:07.176Z][ TEST REPORTING AND ANALYTICS ] Sending session details for chrome-latest:Windows 11-browserstack-2bdf5d0f33858f22c0fa-9a60224dfacb84eaab99-0, {
  browserstack: {
    browser: 'chrome',
    browser_version: '147.0.7727.56',
    capabilities: {},
    platform: 'Windows',
    platform_version: '11',
    product: 'automate',
    session_id: '0e2b556fbe09965aebcceecfe7d488c907fd301d'
  }
}
[35msilly[39m: [2026-05-05T16:28:07.177Z][ TEST REPORTING AND ANALYTICS ] Processing event - 'CBTSessionCreated' 19d8726f-c695-4a1c-8ed2-6add75b69b1e
2026-05-05 10:28:07 - [34mdebug[39m: Device Model is not available
[35msilly[39m: [2026-05-05T16:28:07.179Z][ TEST REPORTING AND ANALYTICS ] Sending session details at browser fixture
[34mdebug[39m: [2026-05-05T16:28:07.179Z][ TEST REPORTING AND ANALYTICS ] Sending session details for chrome-latest:Windows 11-browserstack-2bdf5d0f33858f22c0fa-9a60224dfacb84eaab99-0, {
  browserstack: {
    browser: 'chrome',
    browser_version: '147.0.7727.56',
    capabilities: {},
    platform: 'Windows',
    platform_version: '11',
    product: 'automate',
    session_id: '0e2b556fbe09965aebcceecfe7d488c907fd301d'
  }
}
[35msilly[39m: [2026-05-05T16:28:07.180Z][ TEST REPORTING AND ANALYTICS ] Processing event - 'CBTSessionCreated' 19d8726f-c695-4a1c-8ed2-6add75b69b1e
[35msilly[39m: [2026-05-05T16:28:09.191Z][ TEST REPORTING AND ANALYTICS ] Processing events. Queue Length - 2
[34mdebug[39m: [2026-05-05T16:28:09.192Z][ TEST REPORTING AND ANALYTICS ] Processing batch events for Interval-Queue. Request Size - 643 bytes. Events are 'CBTSessionCreated':19d8726f-c695-4a1c-8ed2-6add75b69b1e,'CBTSessionCreated':19d8726f-c695-4a1c-8ed2-6add75b69b1e
2026-05-05 10:28:09 - [34mdebug[39m: Sending request to https://collector-observability.browserstack.com/api/v1/batch
[35msilly[39m: [2026-05-05T16:28:10.362Z][ TEST REPORTING AND ANALYTICS ] Processing event - 'LogCreated' undefined
2026-05-05 10:28:10 - [34mdebug[39m: Response from https://collector-observability.browserstack.com/api/v1/batch: 200 OK
[34mdebug[39m: [2026-05-05T16:28:10.368Z][ TEST REPORTING AND ANALYTICS ] Interval-Queue event successful for events 'CBTSessionCreated':19d8726f-c695-4a1c-8ed2-6add75b69b1e,'CBTSessionCreated':19d8726f-c695-4a1c-8ed2-6add75b69b1e -- {"success":true}
[35msilly[39m: [2026-05-05T16:28:10.368Z][ TEST REPORTING AND ANALYTICS ] Remaining Queue Length - 1
[35msilly[39m: [2026-05-05T16:28:11.198Z][ TEST REPORTING AND ANALYTICS ] Processing events. Queue Length - 1
[34mdebug[39m: [2026-05-05T16:28:11.199Z][ TEST REPORTING AND ANALYTICS ] Processing batch events for Interval-Queue. Request Size - 1416 bytes. Events are 'LogCreated':undefined
2026-05-05 10:28:11 - [34mdebug[39m: Sending request to https://collector-observability.browserstack.com/api/v1/batch
[35msilly[39m: [2026-05-05T16:28:11.509Z][ TEST REPORTING AND ANALYTICS ] Processing event - 'LogCreated' undefined
2026-05-05 10:28:11 - [34mdebug[39m: Response from https://collector-observability.browserstack.com/api/v1/batch: 200 OK
[34mdebug[39m: [2026-05-05T16:28:11.510Z][ TEST REPORTING AND ANALYTICS ] Interval-Queue event successful for events 'LogCreated':undefined -- {"success":true}
[35msilly[39m: [2026-05-05T16:28:11.510Z][ TEST REPORTING AND ANALYTICS ] Remaining Queue Length - 1
[35msilly[39m: [2026-05-05T16:28:13.210Z][ TEST REPORTING AND ANALYTICS ] Processing events. Queue Length - 1
[34mdebug[39m: [2026-05-05T16:28:13.210Z][ TEST REPORTING AND ANALYTICS ] Processing batch events for Interval-Queue. Request Size - 1416 bytes. Events are 'LogCreated':undefined
2026-05-05 10:28:13 - [34mdebug[39m: Sending request to https://collector-observability.browserstack.com/api/v1/batch
[35msilly[39m: [2026-05-05T16:28:13.531Z][ TEST REPORTING AND ANALYTICS ] Processing event - 'LogCreated' undefined
2026-05-05 10:28:13 - [34mdebug[39m: Response from https://collector-observability.browserstack.com/api/v1/batch: 200 OK
[34mdebug[39m: [2026-05-05T16:28:13.533Z][ TEST REPORTING AND ANALYTICS ] Interval-Queue event successful for events 'LogCreated':undefined -- {"success":true}
[35msilly[39m: [2026-05-05T16:28:13.533Z][ TEST REPORTING AND ANALYTICS ] Remaining Queue Length - 1
[35msilly[39m: [2026-05-05T16:28:15.222Z][ TEST REPORTING AND ANALYTICS ] Processing events. Queue Length - 1
[34mdebug[39m: [2026-05-05T16:28:15.223Z][ TEST REPORTING AND ANALYTICS ] Processing batch events for Interval-Queue. Request Size - 1416 bytes. Events are 'LogCreated':undefined
2026-05-05 10:28:15 - [34mdebug[39m: Sending request to https://collector-observability.browserstack.com/api/v1/batch
[35msilly[39m: [2026-05-05T16:28:15.548Z][ TEST REPORTING AND ANALYTICS ] Processing event - 'LogCreated' undefined
2026-05-05 10:28:15 - [34mdebug[39m: Response from https://collector-observability.browserstack.com/api/v1/batch: 200 OK
[34mdebug[39m: [2026-05-05T16:28:15.549Z][ TEST REPORTING AND ANALYTICS ] Interval-Queue event successful for events 'LogCreated':undefined -- {"success":true}
[35msilly[39m: [2026-05-05T16:28:15.549Z][ TEST REPORTING AND ANALYTICS ] Remaining Queue Length - 1
[35msilly[39m: [2026-05-05T16:28:17.225Z][ TEST REPORTING AND ANALYTICS ] Processing events. Queue Length - 1
[34mdebug[39m: [2026-05-05T16:28:17.225Z][ TEST REPORTING AND ANALYTICS ] Processing batch events for Interval-Queue. Request Size - 1416 bytes. Events are 'LogCreated':undefined
2026-05-05 10:28:17 - [34mdebug[39m: Sending request to https://collector-observability.browserstack.com/api/v1/batch
[35msilly[39m: [2026-05-05T16:28:17.548Z][ TEST REPORTING AND ANALYTICS ] Processing event - 'LogCreated' undefined
2026-05-05 10:28:17 - [34mdebug[39m: Response from https://collector-observability.browserstack.com/api/v1/batch: 200 OK
[34mdebug[39m: [2026-05-05T16:28:17.549Z][ TEST REPORTING AND ANALYTICS ] Interval-Queue event successful for events 'LogCreated':undefined -- {"success":true}
[35msilly[39m: [2026-05-05T16:28:17.549Z][ TEST REPORTING AND ANALYTICS ] Remaining Queue Length - 1
[35msilly[39m: [2026-05-05T16:28:19.240Z][ TEST REPORTING AND ANALYTICS ] Processing events. Queue Length - 1
[34mdebug[39m: [2026-05-05T16:28:19.241Z][ TEST REPORTING AND ANALYTICS ] Processing batch events for Interval-Queue. Request Size - 1416 bytes. Events are 'LogCreated':undefined
2026-05-05 10:28:19 - [34mdebug[39m: Sending request to https://collector-observability.browserstack.com/api/v1/batch
[35msilly[39m: [2026-05-05T16:28:19.562Z][ TEST REPORTING AND ANALYTICS ] Processing event - 'LogCreated' undefined
2026-05-05 10:28:19 - [34mdebug[39m: Response from https://collector-observability.browserstack.com/api/v1/batch: 200 OK
[34mdebug[39m: [2026-05-05T16:28:19.564Z][ TEST REPORTING AND ANALYTICS ] Interval-Queue event successful for events 'LogCreated':undefined -- {"success":true}
[35msilly[39m: [2026-05-05T16:28:19.564Z][ TEST REPORTING AND ANALYTICS ] Remaining Queue Length - 1
[35msilly[39m: [2026-05-05T16:28:21.241Z][ TEST REPORTING AND ANALYTICS ] Processing events. Queue Length - 1
[34mdebug[39m: [2026-05-05T16:28:21.241Z][ TEST REPORTING AND ANALYTICS ] Processing batch events for Interval-Queue. Request Size - 1416 bytes. Events are 'LogCreated':undefined
2026-05-05 10:28:21 - [34mdebug[39m: Sending request to https://collector-observability.browserstack.com/api/v1/batch
[35msilly[39m: [2026-05-05T16:28:21.559Z][ TEST REPORTING AND ANALYTICS ] Processing event - 'LogCreated' undefined
2026-05-05 10:28:21 - [34mdebug[39m: Response from https://collector-observability.browserstack.com/api/v1/batch: 200 OK
[34mdebug[39m: [2026-05-05T16:28:21.562Z][ TEST REPORTING AND ANALYTICS ] Interval-Queue event successful for events 'LogCreated':undefined -- {"success":true}
[35msilly[39m: [2026-05-05T16:28:21.563Z][ TEST REPORTING AND ANALYTICS ] Remaining Queue Length - 1
[35msilly[39m: [2026-05-05T16:28:23.242Z][ TEST REPORTING AND ANALYTICS ] Processing events. Queue Length - 1
[34mdebug[39m: [2026-05-05T16:28:23.242Z][ TEST REPORTING AND ANALYTICS ] Processing batch events for Interval-Queue. Request Size - 1416 bytes. Events are 'LogCreated':undefined
2026-05-05 10:28:23 - [34mdebug[39m: Sending request to https://collector-observability.browserstack.com/api/v1/batch
[35msilly[39m: [2026-05-05T16:28:23.549Z][ TEST REPORTING AND ANALYTICS ] Processing event - 'LogCreated' undefined
2026-05-05 10:28:23 - [34mdebug[39m: Response from https://collector-observability.browserstack.com/api/v1/batch: 200 OK
[34mdebug[39m: [2026-05-05T16:28:23.551Z][ TEST REPORTING AND ANALYTICS ] Interval-Queue event successful for events 'LogCreated':undefined -- {"success":true}
[35msilly[39m: [2026-05-05T16:28:23.551Z][ TEST REPORTING AND ANALYTICS ] Remaining Queue Length - 1
[35msilly[39m: [2026-05-05T16:28:25.244Z][ TEST REPORTING AND ANALYTICS ] Processing events. Queue Length - 1
[34mdebug[39m: [2026-05-05T16:28:25.244Z][ TEST REPORTING AND ANALYTICS ] Processing batch events for Interval-Queue. Request Size - 1416 bytes. Events are 'LogCreated':undefined
2026-05-05 10:28:25 - [34mdebug[39m: Sending request to https://collector-observability.browserstack.com/api/v1/batch
[35msilly[39m: [2026-05-05T16:28:25.552Z][ TEST REPORTING AND ANALYTICS ] Processing event - 'LogCreated' undefined
2026-05-05 10:28:25 - [34mdebug[39m: Response from https://collector-observability.browserstack.com/api/v1/batch: 200 OK
[34mdebug[39m: [2026-05-05T16:28:25.555Z][ TEST REPORTING AND ANALYTICS ] Interval-Queue event successful for events 'LogCreated':undefined -- {"success":true}
[35msilly[39m: [2026-05-05T16:28:25.555Z][ TEST REPORTING AND ANALYTICS ] Remaining Queue Length - 1
[35msilly[39m: [2026-05-05T16:28:27.244Z][ TEST REPORTING AND ANALYTICS ] Processing events. Queue Length - 1
[34mdebug[39m: [2026-05-05T16:28:27.244Z][ TEST REPORTING AND ANALYTICS ] Processing batch events for Interval-Queue. Request Size - 1416 bytes. Events are 'LogCreated':undefined
2026-05-05 10:28:27 - [34mdebug[39m: Sending request to https://collector-observability.browserstack.com/api/v1/batch
[35msilly[39m: [2026-05-05T16:28:27.561Z][ TEST REPORTING AND ANALYTICS ] Processing event - 'LogCreated' undefined
2026-05-05 10:28:27 - [34mdebug[39m: Response from https://collector-observability.browserstack.com/api/v1/batch: 200 OK
[34mdebug[39m: [2026-05-05T16:28:27.564Z][ TEST REPORTING AND ANALYTICS ] Interval-Queue event successful for events 'LogCreated':undefined -- {"success":true}
[35msilly[39m: [2026-05-05T16:28:27.565Z][ TEST REPORTING AND ANALYTICS ] Remaining Queue Length - 1
[35msilly[39m: [2026-05-05T16:28:28.935Z][ TEST REPORTING AND ANALYTICS ] Hook Finished with unique id beforeEach hook for chrome-latest:Windows 11-browserstack-2bdf5d0f33858f22c0fa-9a60224dfacb84eaab99 is triggered
[35msilly[39m: [2026-05-05T16:28:28.938Z][ TEST REPORTING AND ANALYTICS ] Processing event - 'LogCreated' undefined
[35msilly[39m: [2026-05-05T16:28:28.938Z][ TEST REPORTING AND ANALYTICS ] Processing event - 'HookRunFinished' f7bb9790-ef1f-43b6-9069-bb2247f87004
[35msilly[39m: [2026-05-05T16:28:29.260Z][ TEST REPORTING AND ANALYTICS ] Processing events. Queue Length - 1
[34mdebug[39m: [2026-05-05T16:28:29.260Z][ TEST REPORTING AND ANALYTICS ] Processing batch events for Interval-Queue. Request Size - 1416 bytes. Events are 'LogCreated':undefined
2026-05-05 10:28:29 - [34mdebug[39m: Sending request to https://collector-observability.browserstack.com/api/v1/batch
[35msilly[39m: [2026-05-05T16:28:29.579Z][ TEST REPORTING AND ANALYTICS ] Processing event - 'LogCreated' undefined
2026-05-05 10:28:29 - [34mdebug[39m: Response from https://collector-observability.browserstack.com/api/v1/batch: 200 OK
[34mdebug[39m: [2026-05-05T16:28:29.580Z][ TEST REPORTING AND ANALYTICS ] Interval-Queue event successful for events 'LogCreated':undefined -- {"success":true}
[35msilly[39m: [2026-05-05T16:28:29.580Z][ TEST REPORTING AND ANALYTICS ] Remaining Queue Length - 1
[35msilly[39m: [2026-05-05T16:28:30.193Z][ TEST REPORTING AND ANALYTICS ] Processing events. Queue Length - 2
[34mdebug[39m: [2026-05-05T16:28:30.194Z][ TEST REPORTING AND ANALYTICS ] Processing batch events for Interval-Queue. Request Size - 5701 bytes. Events are 'LogCreated':undefined,'HookRunFinished':f7bb9790-ef1f-43b6-9069-bb2247f87004
2026-05-05 10:28:30 - [34mdebug[39m: Sending request to https://collector-observability.browserstack.com/api/v1/batch
2026-05-05 10:28:30 - [34mdebug[39m: Response from https://collector-observability.browserstack.com/api/v1/batch: 200 OK
[34mdebug[39m: [2026-05-05T16:28:30.594Z][ TEST REPORTING AND ANALYTICS ] Interval-Queue event successful for events 'LogCreated':undefined,'HookRunFinished':f7bb9790-ef1f-43b6-9069-bb2247f87004 -- {"success":true}
[35msilly[39m: [2026-05-05T16:28:30.594Z][ TEST REPORTING AND ANALYTICS ] Remaining Queue Length - 0
[35msilly[39m: [2026-05-05T16:28:31.275Z][ TEST REPORTING AND ANALYTICS ] Processing events. Queue Length - 1
[34mdebug[39m: [2026-05-05T16:28:31.275Z][ TEST REPORTING AND ANALYTICS ] Processing batch events for Interval-Queue. Request Size - 1416 bytes. Events are 'LogCreated':undefined
2026-05-05 10:28:31 - [34mdebug[39m: Sending request to https://collector-observability.browserstack.com/api/v1/batch
[35msilly[39m: [2026-05-05T16:28:31.589Z][ TEST REPORTING AND ANALYTICS ] Processing event - 'LogCreated' undefined
2026-05-05 10:28:31 - [34mdebug[39m: Response from https://collector-observability.browserstack.com/api/v1/batch: 200 OK
[34mdebug[39m: [2026-05-05T16:28:31.590Z][ TEST REPORTING AND ANALYTICS ] Interval-Queue event successful for events 'LogCreated':undefined -- {"success":true}
[35msilly[39m: [2026-05-05T16:28:31.590Z][ TEST REPORTING AND ANALYTICS ] Remaining Queue Length - 1
[35msilly[39m: [2026-05-05T16:28:33.275Z][ TEST REPORTING AND ANALYTICS ] Processing events. Queue Length - 1
[34mdebug[39m: [2026-05-05T16:28:33.275Z][ TEST REPORTING AND ANALYTICS ] Processing batch events for Interval-Queue. Request Size - 1416 bytes. Events are 'LogCreated':undefined
2026-05-05 10:28:33 - [34mdebug[39m: Sending request to https://collector-observability.browserstack.com/api/v1/batch
[35msilly[39m: [2026-05-05T16:28:33.634Z][ TEST REPORTING AND ANALYTICS ] Processing event - 'LogCreated' undefined
2026-05-05 10:28:33 - [34mdebug[39m: Response from https://collector-observability.browserstack.com/api/v1/batch: 200 OK
[34mdebug[39m: [2026-05-05T16:28:33.635Z][ TEST REPORTING AND ANALYTICS ] Interval-Queue event successful for events 'LogCreated':undefined -- {"success":true}
[35msilly[39m: [2026-05-05T16:28:33.635Z][ TEST REPORTING AND ANALYTICS ] Remaining Queue Length - 1
[35msilly[39m: [2026-05-05T16:28:35.276Z][ TEST REPORTING AND ANALYTICS ] Processing events. Queue Length - 1
[34mdebug[39m: [2026-05-05T16:28:35.276Z][ TEST REPORTING AND ANALYTICS ] Processing batch events for Interval-Queue. Request Size - 1416 bytes. Events are 'LogCreated':undefined
2026-05-05 10:28:35 - [34mdebug[39m: Sending request to https://collector-observability.browserstack.com/api/v1/batch
[35msilly[39m: [2026-05-05T16:28:35.599Z][ TEST REPORTING AND ANALYTICS ] Processing event - 'LogCreated' undefined
2026-05-05 10:28:35 - [34mdebug[39m: Response from https://collector-observability.browserstack.com/api/v1/batch: 200 OK
[34mdebug[39m: [2026-05-05T16:28:35.600Z][ TEST REPORTING AND ANALYTICS ] Interval-Queue event successful for events 'LogCreated':undefined -- {"success":true}
[35msilly[39m: [2026-05-05T16:28:35.600Z][ TEST REPORTING AND ANALYTICS ] Remaining Queue Length - 1
[35msilly[39m: [2026-05-05T16:28:37.290Z][ TEST REPORTING AND ANALYTICS ] Processing events. Queue Length - 1
[34mdebug[39m: [2026-05-05T16:28:37.291Z][ TEST REPORTING AND ANALYTICS ] Processing batch events for Interval-Queue. Request Size - 1416 bytes. Events are 'LogCreated':undefined
2026-05-05 10:28:37 - [34mdebug[39m: Sending request to https://collector-observability.browserstack.com/api/v1/batch
[35msilly[39m: [2026-05-05T16:28:37.613Z][ TEST REPORTING AND ANALYTICS ] Processing event - 'LogCreated' undefined
2026-05-05 10:28:37 - [34mdebug[39m: Response from https://collector-observability.browserstack.com/api/v1/batch: 200 OK
[34mdebug[39m: [2026-05-05T16:28:37.615Z][ TEST REPORTING AND ANALYTICS ] Interval-Queue event successful for events 'LogCreated':undefined -- {"success":true}
[35msilly[39m: [2026-05-05T16:28:37.615Z][ TEST REPORTING AND ANALYTICS ] Remaining Queue Length - 1
[35msilly[39m: [2026-05-05T16:28:39.292Z][ TEST REPORTING AND ANALYTICS ] Processing events. Queue Length - 1
[34mdebug[39m: [2026-05-05T16:28:39.292Z][ TEST REPORTING AND ANALYTICS ] Processing batch events for Interval-Queue. Request Size - 1416 bytes. Events are 'LogCreated':undefined
2026-05-05 10:28:39 - [34mdebug[39m: Sending request to https://collector-observability.browserstack.com/api/v1/batch
[35msilly[39m: [2026-05-05T16:28:39.677Z][ TEST REPORTING AND ANALYTICS ] Processing event - 'LogCreated' undefined
2026-05-05 10:28:39 - [34mdebug[39m: Response from https://collector-observability.browserstack.com/api/v1/batch: 200 OK
[34mdebug[39m: [2026-05-05T16:28:39.678Z][ TEST REPORTING AND ANALYTICS ] Interval-Queue event successful for events 'LogCreated':undefined -- {"success":true}
[35msilly[39m: [2026-05-05T16:28:39.678Z][ TEST REPORTING AND ANALYTICS ] Remaining Queue Length - 1
[35msilly[39m: [2026-05-05T16:28:41.310Z][ TEST REPORTING AND ANALYTICS ] Processing events. Queue Length - 1
[34mdebug[39m: [2026-05-05T16:28:41.311Z][ TEST REPORTING AND ANALYTICS ] Processing batch events for Interval-Queue. Request Size - 1416 bytes. Events are 'LogCreated':undefined
2026-05-05 10:28:41 - [34mdebug[39m: Sending request to https://collector-observability.browserstack.com/api/v1/batch
[35msilly[39m: [2026-05-05T16:28:41.634Z][ TEST REPORTING AND ANALYTICS ] Processing event - 'LogCreated' undefined
2026-05-05 10:28:41 - [34mdebug[39m: Response from https://collector-observability.browserstack.com/api/v1/batch: 200 OK
[34mdebug[39m: [2026-05-05T16:28:41.635Z][ TEST REPORTING AND ANALYTICS ] Interval-Queue event successful for events 'LogCreated':undefined -- {"success":true}
[35msilly[39m: [2026-05-05T16:28:41.635Z][ TEST REPORTING AND ANALYTICS ] Remaining Queue Length - 1
[35msilly[39m: [2026-05-05T16:28:43.320Z][ TEST REPORTING AND ANALYTICS ] Processing events. Queue Length - 1
[34mdebug[39m: [2026-05-05T16:28:43.321Z][ TEST REPORTING AND ANALYTICS ] Processing batch events for Interval-Queue. Request Size - 1416 bytes. Events are 'LogCreated':undefined
2026-05-05 10:28:43 - [34mdebug[39m: Sending request to https://collector-observability.browserstack.com/api/v1/batch
[35msilly[39m: [2026-05-05T16:28:43.654Z][ TEST REPORTING AND ANALYTICS ] Processing event - 'LogCreated' undefined
2026-05-05 10:28:43 - [34mdebug[39m: Response from https://collector-observability.browserstack.com/api/v1/batch: 200 OK
[34mdebug[39m: [2026-05-05T16:28:43.655Z][ TEST REPORTING AND ANALYTICS ] Interval-Queue event successful for events 'LogCreated':undefined -- {"success":true}
[35msilly[39m: [2026-05-05T16:28:43.655Z][ TEST REPORTING AND ANALYTICS ] Remaining Queue Length - 1
[35msilly[39m: [2026-05-05T16:28:45.324Z][ TEST REPORTING AND ANALYTICS ] Processing events. Queue Length - 1
[34mdebug[39m: [2026-05-05T16:28:45.324Z][ TEST REPORTING AND ANALYTICS ] Processing batch events for Interval-Queue. Request Size - 1416 bytes. Events are 'LogCreated':undefined
2026-05-05 10:28:45 - [34mdebug[39m: Sending request to https://collector-observability.browserstack.com/api/v1/batch
[35msilly[39m: [2026-05-05T16:28:45.652Z][ TEST REPORTING AND ANALYTICS ] Processing event - 'LogCreated' undefined
2026-05-05 10:28:45 - [34mdebug[39m: Response from https://collector-observability.browserstack.com/api/v1/batch: 200 OK
[34mdebug[39m: [2026-05-05T16:28:45.653Z][ TEST REPORTING AND ANALYTICS ] Interval-Queue event successful for events 'LogCreated':undefined -- {"success":true}
[35msilly[39m: [2026-05-05T16:28:45.653Z][ TEST REPORTING AND ANALYTICS ] Remaining Queue Length - 1
[35msilly[39m: [2026-05-05T16:28:47.326Z][ TEST REPORTING AND ANALYTICS ] Processing events. Queue Length - 1
[34mdebug[39m: [2026-05-05T16:28:47.326Z][ TEST REPORTING AND ANALYTICS ] Processing batch events for Interval-Queue. Request Size - 1416 bytes. Events are 'LogCreated':undefined
2026-05-05 10:28:47 - [34mdebug[39m: Sending request to https://collector-observability.browserstack.com/api/v1/batch
[35msilly[39m: [2026-05-05T16:28:48.006Z][ TEST REPORTING AND ANALYTICS ] Processing event - 'LogCreated' undefined
2026-05-05 10:28:48 - [34mdebug[39m: Response from https://collector-observability.browserstack.com/api/v1/batch: 200 OK
[34mdebug[39m: [2026-05-05T16:28:48.006Z][ TEST REPORTING AND ANALYTICS ] Interval-Queue event successful for events 'LogCreated':undefined -- {"success":true}
[35msilly[39m: [2026-05-05T16:28:48.006Z][ TEST REPORTING AND ANALYTICS ] Remaining Queue Length - 1
[35msilly[39m: [2026-05-05T16:28:49.327Z][ TEST REPORTING AND ANALYTICS ] Processing events. Queue Length - 1
[34mdebug[39m: [2026-05-05T16:28:49.327Z][ TEST REPORTING AND ANALYTICS ] Processing batch events for Interval-Queue. Request Size - 1416 bytes. Events are 'LogCreated':undefined
2026-05-05 10:28:49 - [34mdebug[39m: Sending request to https://collector-observability.browserstack.com/api/v1/batch
[35msilly[39m: [2026-05-05T16:28:49.658Z][ TEST REPORTING AND ANALYTICS ] Processing event - 'LogCreated' undefined
2026-05-05 10:28:49 - [34mdebug[39m: Response from https://collector-observability.browserstack.com/api/v1/batch: 200 OK
[34mdebug[39m: [2026-05-05T16:28:49.659Z][ TEST REPORTING AND ANALYTICS ] Interval-Queue event successful for events 'LogCreated':undefined -- {"success":true}
[35msilly[39m: [2026-05-05T16:28:49.659Z][ TEST REPORTING AND ANALYTICS ] Remaining Queue Length - 1
2026-05-05 10:28:49 - [34mdebug[39m: Accessibility extension data for current test: {"thTestRunUuid":"19d8726f-c695-4a1c-8ed2-6add75b69b1e","thBuildUuid":"1gdastcn8kq9sxsko6uvecgoi3hmpl1o1ghvf2we","thJwtToken":"eyJhbGciOiJIUzI1NiJ9.eyJpc3MiOiJicm93c2Vyc3RhY2tfb2IiLCJzdWIiOiIxMDkzMzE0NCIsImdyb3VwX2lkIjoxMDg0OTc3MywidXNlcl9pZCI6MTA5MzMxNDQsImJ1aWxkX2hhc2hlZF9pZCI6IjFnZGFzdGNuOGtxOXN4c2tvNnV2ZWNnb2kzaG1wbDFvMWdodmYyd2UiLCJwcm9qZWN0X25hbWUiOiIiLCJob29rX2FzX3Rlc3QiOiIxIiwiYnVpbGRfbmFtZSI6IkF2b3RlY2gtUmVncmVzc2lvbi1UZXN0U3VpdGUiLCJwcm9kdWN0X21hcCI6IntcIm9ic2VydmFiaWxpdHlcIjp0cnVlLFwiYXV0b21hdGVcIjp0cnVlLFwiY2FkXCI6dHJ1ZSxcImFjY2Vzc2liaWxpdHlBdXRvRW5hYmxlZFwiOnRydWUsXCJub25TREtcIjpmYWxzZSxcIm9yaWdpbkZyb21Qcm9kdWN0TWFwXCI6XCJBdXRvbWF0ZVwiLFwiYnN0YWNrQXV0b21hdGlvblwiOnRydWV9IiwiZ3JyX3JlZ2lvbiI6IiIsImlzX2xvd192b2x1bWUiOmZhbHNlLCJpc19sY25jX2V2ZW50IjpmYWxzZSwiaXNfbHRzX2V2ZW50IjpmYWxzZSwic2lnbmluZ19rZXlfaGFzaCI6IjM3YzExMzFlNGIyZTc0M2M3NjZlMWQ3MGJmNWYyYjU3ZGM2OWIxOTVkMzAwZTMyYWU4ZDAyMzEyMGE0YTZkOTciLCJpYXQiOjE3Nzc5OTg0NzMsImV4cCI6MTc3ODM0NDA3M30.Gp72MtFIYMISvs78WJF6exDqEAuDQ-wAShJ3z3IxYOs"}
2026-05-05 10:28:49 - [32minfo[39m: Automate test case execution has ended. Processing for accessibility testing is underway. 
2026-05-05 10:28:49 - [34mdebug[39m: Performing scan before saving results.
2026-05-05 10:28:49 - [33mwarn[39m: Not a valid Accessibility Automation session for playwright-page, cannot perform scan with retry.
2026-05-05 10:28:49 - [34mdebug[39m: result=false
2026-05-05 10:28:49 - [33mwarn[39m: Not a valid Accessibility Automation session for playwright-page, cannot save accessibility results with retry.
2026-05-05 10:28:49 - [34mdebug[39m: saved Result scan=false
2026-05-05 10:28:49 - [32minfo[39m: Accessibility testing for this test case has ended.
[35msilly[39m: [2026-05-05T16:28:49.846Z][ TEST REPORTING AND ANALYTICS ] Started :: afterTestHook, PID - 18060, Argument - System Owner manually adds user under org domain
[34mdebug[39m: [2026-05-05T16:28:49.847Z][ TEST REPORTING AND ANALYTICS ] Started :: Executing After Test Hook, PID - 18060, Test Title - System Owner manually adds user under org domain, Test File - D:\CODES\CSI-QA-testing\tests\csi\accountManagement\AccountManagement.spec.ts
2026-05-05 10:28:49 - [32minfo[39m: [Accessibility] afterTestHook state: accessibilityPlatform=false, bstackA11yShouldScan=true
[34mdebug[39m: [2026-05-05T16:28:49.847Z][ TEST REPORTING AND ANALYTICS ] Sending session details for chrome-latest:Windows 11-browserstack-2bdf5d0f33858f22c0fa-9a60224dfacb84eaab99-0, {
  browserstack: {
    browser: 'chrome',
    browser_version: '147.0.7727.56',
    capabilities: {},
    platform: 'Windows',
    platform_version: '11',
    product: 'automate',
    session_id: '0e2b556fbe09965aebcceecfe7d488c907fd301d'
  }
}
[35msilly[39m: [2026-05-05T16:28:49.847Z][ TEST REPORTING AND ANALYTICS ] Processing event - 'CBTSessionCreated' 19d8726f-c695-4a1c-8ed2-6add75b69b1e
[35msilly[39m: [2026-05-05T16:28:49.848Z][ TEST REPORTING AND ANALYTICS ] Finished :: afterTestHook, PID - 18060, Argument - System Owner manually adds user under org domain
[34mdebug[39m: [2026-05-05T16:28:50.273Z][ TEST REPORTING AND ANALYTICS ] Finished :: Executing After Test Hook, PID - 18060, Test Title - System Owner manually adds user under org domain, Test File - D:\CODES\CSI-QA-testing\tests\csi\accountManagement\AccountManagement.spec.ts
[34mdebug[39m: [2026-05-05T16:28:50.273Z][ TEST REPORTING AND ANALYTICS ] Test Hook ended, PID 18060
[34mdebug[39m: [2026-05-05T16:28:50.287Z][ TEST REPORTING AND ANALYTICS ] Test Finished with unique id chrome-latest:Windows 11-browserstack-2bdf5d0f33858f22c0fa-9a60224dfacb84eaab99
[35msilly[39m: [2026-05-05T16:28:50.287Z][ TEST REPORTING AND ANALYTICS ] Processing event - 'LogCreated' undefined
2026-05-05 10:28:50 - [34mdebug[39m: Searching for key: path
[35msilly[39m: [2026-05-05T16:28:50.288Z][ TEST REPORTING AND ANALYTICS ] Processing event - 'TestRunFinished' 864f15e4-3f05-4e2d-a714-9097d4a88fc2
[34mdebug[39m: [2026-05-05T16:28:50.288Z][ TEST REPORTING AND ANALYTICS ] Starting sending trace zip for test: 864f15e4-3f05-4e2d-a714-9097d4a88fc2
2026-05-05 10:28:50 - [34mdebug[39m: Checking if trace is enabled for test: 864f15e4-3f05-4e2d-a714-9097d4a88fc2
2026-05-05 10:28:50 - [34mdebug[39m: Searching for key: path
[35msilly[39m: [2026-05-05T16:28:50.290Z][ TEST REPORTING AND ANALYTICS ] Started :: afterWorkerHook, PID - 18060, Argument - 0
[35msilly[39m: [2026-05-05T16:28:50.290Z][ TEST REPORTING AND ANALYTICS ] Finished :: afterWorkerHook, PID - 18060, Argument - 0
[35msilly[39m: [2026-05-05T16:28:51.331Z][ TEST REPORTING AND ANALYTICS ] Processing events. Queue Length - 2
[34mdebug[39m: [2026-05-05T16:28:51.332Z][ TEST REPORTING AND ANALYTICS ] Processing batch events for Interval-Queue. Request Size - 1737 bytes. Events are 'LogCreated':undefined,'CBTSessionCreated':19d8726f-c695-4a1c-8ed2-6add75b69b1e
2026-05-05 10:28:51 - [34mdebug[39m: Sending request to https://collector-observability.browserstack.com/api/v1/batch
2026-05-05 10:28:51 - [34mdebug[39m: Response from https://collector-observability.browserstack.com/api/v1/batch: 200 OK
[34mdebug[39m: [2026-05-05T16:28:51.665Z][ TEST REPORTING AND ANALYTICS ] Interval-Queue event successful for events 'LogCreated':undefined,'CBTSessionCreated':19d8726f-c695-4a1c-8ed2-6add75b69b1e -- {"success":true}
[35msilly[39m: [2026-05-05T16:28:51.666Z][ TEST REPORTING AND ANALYTICS ] Remaining Queue Length - 0
[34mdebug[39m: [2026-05-05T16:28:51.711Z][ TEST REPORTING AND ANALYTICS ] Finished :: Exiting Playwright worker, PID - 18060, WorkerIndex - 0
[34mdebug[39m: [2026-05-05T16:28:51.741Z][ TEST REPORTING AND ANALYTICS ] Call to child fork with args D:\CODES\CSI-QA-testing\node_modules\playwright\lib\common\process.js
[35msilly[39m: [2026-05-05T16:28:52.279Z][ TEST REPORTING AND ANALYTICS ] Processing events. Queue Length - 2
[34mdebug[39m: [2026-05-05T16:28:52.280Z][ TEST REPORTING AND ANALYTICS ] Processing batch events for Interval-Queue. Request Size - 8429 bytes. Events are 'LogCreated':undefined,'TestRunFinished':864f15e4-3f05-4e2d-a714-9097d4a88fc2
2026-05-05 10:28:52 - [34mdebug[39m: Sending request to https://collector-observability.browserstack.com/api/v1/batch
2026-05-05 10:28:52 - [34mdebug[39m: Response from https://collector-observability.browserstack.com/api/v1/batch: 200 OK
[34mdebug[39m: [2026-05-05T16:28:52.657Z][ TEST REPORTING AND ANALYTICS ] Interval-Queue event successful for events 'LogCreated':undefined,'TestRunFinished':864f15e4-3f05-4e2d-a714-9097d4a88fc2 -- {"success":true}
[35msilly[39m: [2026-05-05T16:28:52.657Z][ TEST REPORTING AND ANALYTICS ] Remaining Queue Length - 0
2026-05-05 10:28:52 - [34mdebug[39m: Could not locate npm module path with error  Cannot access 'isYarnPnP' before initialization
2026-05-05 10:28:52 - [34mdebug[39m: requireModuleV3 :: module - @playwright/test/package.json, package - @playwright/test
2026-05-05 10:28:52 - [34mdebug[39m: requireModuleV2 :: module - @playwright/test/package.json, package - @playwright/test
2026-05-05 10:28:52 - [34mdebug[39m: requireModuleV3 :: module - playwright/lib/common/process.js, package - playwright
2026-05-05 10:28:52 - [34mdebug[39m: Resolved from resolveModuleV3 :: Path - D:\CODES\CSI-QA-testing\node_modules\playwright\lib\common\process.js
2026-05-05 10:28:52 - [34mdebug[39m: requireModuleV3 :: module - @playwright/test/index.js, package - @playwright/test
2026-05-05 10:28:52 - [34mdebug[39m: requireModuleV2 :: module - @playwright/test/index.js, package - @playwright/test
2026-05-05 10:28:52 - [34mdebug[39m: Getting @playwright/test/index.js from D:\CODES\CSI-QA-testing
2026-05-05 10:28:53 - [34mdebug[39m: requireModuleV3 :: module - @playwright\test\node_modules\playwright-core, package - @playwright/test
2026-05-05 10:28:53 - [34mdebug[39m: requireModuleV2 :: module - @playwright\test\node_modules\playwright-core, package - @playwright/test
2026-05-05 10:28:53 - [34mdebug[39m: Getting @playwright\test\node_modules\playwright-core from D:\CODES\CSI-QA-testing
2026-05-05 10:28:53 - [34mdebug[39m: @playwright\test\node_modules\playwright-core doesn't exist at D:\CODES\CSI-QA-testing
2026-05-05 10:28:53 - [34mdebug[39m: Getting @playwright\test\node_modules\playwright-core from null
2026-05-05 10:28:53 - [34mdebug[39m: requireModuleV3 :: module - playwright\node_modules\playwright-core, package - playwright
2026-05-05 10:28:53 - [34mdebug[39m: requireModuleV2 :: module - playwright\node_modules\playwright-core, package - playwright
2026-05-05 10:28:53 - [34mdebug[39m: Getting playwright\node_modules\playwright-core from D:\CODES\CSI-QA-testing
2026-05-05 10:28:53 - [34mdebug[39m: playwright\node_modules\playwright-core doesn't exist at D:\CODES\CSI-QA-testing
2026-05-05 10:28:53 - [34mdebug[39m: Getting playwright\node_modules\playwright-core from null
2026-05-05 10:28:53 - [34mdebug[39m: requireModuleV2 :: module - playwright-core, package - null
2026-05-05 10:28:53 - [34mdebug[39m: Resolved path for playwright-core is D:\CODES\CSI-QA-testing\node_modules\playwright-core
2026-05-05 10:28:53 - [34mdebug[39m: requireModuleV2 :: module - D:\CODES\CSI-QA-testing\node_modules\playwright-core\lib\client\connection.js, package - null
2026-05-05 10:28:53 - [32minfo[39m: [BrowserstackCLI] Starting as child process with session ID: ba3ee7a3-ab6a-42f0-a360-eaad5d3a892f
2026-05-05 10:28:53 - [32minfo[39m: [GrpcClient] Connected to gRPC server at 127.0.0.1:5400
2026-05-05 10:28:53 - [32minfo[39m: [GrpcClient] Connecting bin session
2026-05-05 10:28:53 - [31merror[39m: [GrpcClient] ConnectBinSession error: 14 UNAVAILABLE: No connection established. Last error: Error: connect ECONNREFUSED 127.0.0.1:5400. Resolution note: 
2026-05-05 10:28:53 - [31merror[39m: [GrpcClient] Error in connectBinSession: Error: 14 UNAVAILABLE: No connection established. Last error: Error: connect ECONNREFUSED 127.0.0.1:5400. Resolution note: 
    at callErrorFromStatus (D:\CODES\CSI-QA-testing\node_modules\@grpc\grpc-js\src\call.ts:84:17)
    at Object.onReceiveStatus (D:\CODES\CSI-QA-testing\node_modules\@grpc\grpc-js\src\client.ts:360:55)
    at Object.onReceiveStatus (D:\CODES\CSI-QA-testing\node_modules\@grpc\grpc-js\src\client-interceptors.ts:466:34)
    at Object.onReceiveStatus (D:\CODES\CSI-QA-testing\node_modules\@grpc\grpc-js\src\client-interceptors.ts:424:48)
    at D:\CODES\CSI-QA-testing\node_modules\@grpc\grpc-js\src\resolving-call.ts:170:24
    at processTicksAndRejections (node:internal/process/task_queues:85:11)
for call at
    at ServiceClientImpl.makeUnaryRequest (D:\CODES\CSI-QA-testing\node_modules\@grpc\grpc-js\src\client.ts:325:42)
    at ServiceClientImpl.connectBinSession (D:\CODES\CSI-QA-testing\node_modules\@grpc\grpc-js\src\make-client.ts:189:15)
    at _0xcc7d46 (D:\CODES\CSI-QA-testing\node_modules\browserstack-node-sdk\src\bin\v2\grpcClient.js:1:13224)
    at new Promise (<anonymous>)
    at GrpcClient.connectBinSession (D:\CODES\CSI-QA-testing\node_modules\browserstack-node-sdk\src\bin\v2\grpcClient.js:1:13122)
    at BrowserstackCLI.startChild (D:\CODES\CSI-QA-testing\node_modules\browserstack-node-sdk\src\bin\v2\browserstackCLI.js:1:20593)
    at BrowserstackCLI.bootstrap (D:\CODES\CSI-QA-testing\node_modules\browserstack-node-sdk\src\bin\v2\browserstackCLI.js:1:7905)
    at Object._modifyPlaywright (D:\CODES\CSI-QA-testing\node_modules\browserstack-node-sdk\src\bin\playwright\modifyPlaywrightConf.js:1:21681)
    at Object.<anonymous> (D:\CODES\CSI-QA-testing\playwright-browserstack-sdk.config.ts:4:24)
    at Module._compile (node:internal/modules/cjs/loader:1830:14)
    at Module.newCompile2 (D:\CODES\CSI-QA-testing\node_modules\playwright\lib\third_party\pirates.js:46:29)
    at Object.<anonymous> (node:internal/modules/cjs/loader:1961:10)
    at Object.newLoader2 [as .ts] (D:\CODES\CSI-QA-testing\node_modules\playwright\lib\third_party\pirates.js:52:22)
    at Module.load (node:internal/modules/cjs/loader:1553:32)
    at Module._load (node:internal/modules/cjs/loader:1355:12)
    at wrapModuleLoad (node:internal/modules/cjs/loader:255:19)
    at Module.require (node:internal/modules/cjs/loader:1576:12)
    at require (node:internal/modules/helpers:153:16)
    at requireOrImport (D:\CODES\CSI-QA-testing\node_modules\playwright\lib\transform\transform.js:218:18)
    at loadUserConfig (D:\CODES\CSI-QA-testing\node_modules\playwright\lib\common\configLoader.js:107:89)
    at loadConfig (D:\CODES\CSI-QA-testing\node_modules\playwright\lib\common\configLoader.js:119:28)
    at deserializeConfig (D:\CODES\CSI-QA-testing\node_modules\playwright\lib\common\configLoader.js:104:10)
    at WorkerMain._loadIfNeeded (D:\CODES\CSI-QA-testing\node_modules\playwright\lib\worker\workerMain.js:165:20)
    at WorkerMain.runTestGroup (D:\CODES\CSI-QA-testing\node_modules\playwright\lib\worker\workerMain.js:179:7)
    at process.<anonymous> (D:\CODES\CSI-QA-testing\node_modules\playwright\lib\common\process.js:73:22) {
  code: 14,
  details: 'No connection established. Last error: Error: connect ECONNREFUSED 127.0.0.1:5400. Resolution note: ',
  metadata: Metadata {
    internalRepr: Map(0) {},
    opaqueData: Map(0) {},
    options: {}
  }
}
2026-05-05 10:28:53 - [31merror[39m: [BrowserstackCLI] Failed to start as child process: Error: 14 UNAVAILABLE: No connection established. Last error: Error: connect ECONNREFUSED 127.0.0.1:5400. Resolution note: 
    at callErrorFromStatus (D:\CODES\CSI-QA-testing\node_modules\@grpc\grpc-js\src\call.ts:84:17)
    at Object.onReceiveStatus (D:\CODES\CSI-QA-testing\node_modules\@grpc\grpc-js\src\client.ts:360:55)
    at Object.onReceiveStatus (D:\CODES\CSI-QA-testing\node_modules\@grpc\grpc-js\src\client-interceptors.ts:466:34)
    at Object.onReceiveStatus (D:\CODES\CSI-QA-testing\node_modules\@grpc\grpc-js\src\client-interceptors.ts:424:48)
    at D:\CODES\CSI-QA-testing\node_modules\@grpc\grpc-js\src\resolving-call.ts:170:24
    at processTicksAndRejections (node:internal/process/task_queues:85:11)
for call at
    at ServiceClientImpl.makeUnaryRequest (D:\CODES\CSI-QA-testing\node_modules\@grpc\grpc-js\src\client.ts:325:42)
    at ServiceClientImpl.connectBinSession (D:\CODES\CSI-QA-testing\node_modules\@grpc\grpc-js\src\make-client.ts:189:15)
    at _0xcc7d46 (D:\CODES\CSI-QA-testing\node_modules\browserstack-node-sdk\src\bin\v2\grpcClient.js:1:13224)
    at new Promise (<anonymous>)
    at GrpcClient.connectBinSession (D:\CODES\CSI-QA-testing\node_modules\browserstack-node-sdk\src\bin\v2\grpcClient.js:1:13122)
    at BrowserstackCLI.startChild (D:\CODES\CSI-QA-testing\node_modules\browserstack-node-sdk\src\bin\v2\browserstackCLI.js:1:20593)
    at BrowserstackCLI.bootstrap (D:\CODES\CSI-QA-testing\node_modules\browserstack-node-sdk\src\bin\v2\browserstackCLI.js:1:7905)
    at Object._modifyPlaywright (D:\CODES\CSI-QA-testing\node_modules\browserstack-node-sdk\src\bin\playwright\modifyPlaywrightConf.js:1:21681)
    at Object.<anonymous> (D:\CODES\CSI-QA-testing\playwright-browserstack-sdk.config.ts:4:24)
    at Module._compile (node:internal/modules/cjs/loader:1830:14)
    at Module.newCompile2 (D:\CODES\CSI-QA-testing\node_modules\playwright\lib\third_party\pirates.js:46:29)
    at Object.<anonymous> (node:internal/modules/cjs/loader:1961:10)
    at Object.newLoader2 [as .ts] (D:\CODES\CSI-QA-testing\node_modules\playwright\lib\third_party\pirates.js:52:22)
    at Module.load (node:internal/modules/cjs/loader:1553:32)
    at Module._load (node:internal/modules/cjs/loader:1355:12)
    at wrapModuleLoad (node:internal/modules/cjs/loader:255:19)
    at Module.require (node:internal/modules/cjs/loader:1576:12)
    at require (node:internal/modules/helpers:153:16)
    at requireOrImport (D:\CODES\CSI-QA-testing\node_modules\playwright\lib\transform\transform.js:218:18)
    at loadUserConfig (D:\CODES\CSI-QA-testing\node_modules\playwright\lib\common\configLoader.js:107:89)
    at loadConfig (D:\CODES\CSI-QA-testing\node_modules\playwright\lib\common\configLoader.js:119:28)
    at deserializeConfig (D:\CODES\CSI-QA-testing\node_modules\playwright\lib\common\configLoader.js:104:10)
    at WorkerMain._loadIfNeeded (D:\CODES\CSI-QA-testing\node_modules\playwright\lib\worker\workerMain.js:165:20)
    at WorkerMain.runTestGroup (D:\CODES\CSI-QA-testing\node_modules\playwright\lib\worker\workerMain.js:179:7)
    at process.<anonymous> (D:\CODES\CSI-QA-testing\node_modules\playwright\lib\common\process.js:73:22) {
  code: 14,
  details: 'No connection established. Last error: Error: connect ECONNREFUSED 127.0.0.1:5400. Resolution note: ',
  metadata: Metadata {
    internalRepr: Map(0) {},
    opaqueData: Map(0) {},
    options: {}
  }
}
2026-05-05 10:28:53 - [34mdebug[39m: requireModuleV3 :: module - playwright/lib/transform/transform.js, package - playwright
2026-05-05 10:28:53 - [34mdebug[39m: Resolved from resolveModuleV3 :: Path - D:\CODES\CSI-QA-testing\node_modules\playwright\lib\transform\transform.js
2026-05-05 10:28:53 - [34mdebug[39m: Local set to true. Adding browserstack.local: true and browserstack.localIdentifier: 5_May_1027_DESKTOP-B1PF2KP_dlxa to capabilities.
2026-05-05 10:28:53 - [34mdebug[39m: requireModuleV3 :: module - playwright/lib/runner/projectUtils.js, package - playwright
2026-05-05 10:28:53 - [34mdebug[39m: Resolved from resolveModuleV3 :: Path - D:\CODES\CSI-QA-testing\node_modules\playwright\lib\runner\projectUtils.js
[35msilly[39m: [2026-05-05T16:28:53.719Z][ TEST REPORTING AND ANALYTICS ] Test Started with unique id chrome-latest:Windows 11-browserstack1-dc5266584ced6e5796a4-ecb43747e2968053111a
2026-05-05 10:28:53 - [34mdebug[39m: Searching for key: path
[35msilly[39m: [2026-05-05T16:28:53.720Z][ TEST REPORTING AND ANALYTICS ] Processing event - 'TestRunStarted' 09311851-9afb-4de7-b0c2-480992249ef1
[35msilly[39m: [2026-05-05T16:28:53.722Z][ TEST REPORTING AND ANALYTICS ] Started :: beforeWorkerHook, PID - 29448, Argument - 1
2026-05-05 10:28:53 - [34mdebug[39m: requireModuleV3 :: module - @playwright\test\node_modules\playwright-core, package - @playwright/test
2026-05-05 10:28:53 - [34mdebug[39m: requireModuleV2 :: module - @playwright\test\node_modules\playwright-core, package - @playwright/test
2026-05-05 10:28:53 - [34mdebug[39m: Getting @playwright\test\node_modules\playwright-core from D:\CODES\CSI-QA-testing
2026-05-05 10:28:53 - [34mdebug[39m: @playwright\test\node_modules\playwright-core doesn't exist at D:\CODES\CSI-QA-testing
2026-05-05 10:28:53 - [34mdebug[39m: Getting @playwright\test\node_modules\playwright-core from null
2026-05-05 10:28:53 - [34mdebug[39m: requireModuleV3 :: module - playwright\node_modules\playwright-core, package - playwright
2026-05-05 10:28:53 - [34mdebug[39m: requireModuleV2 :: module - playwright\node_modules\playwright-core, package - playwright
2026-05-05 10:28:53 - [34mdebug[39m: Getting playwright\node_modules\playwright-core from D:\CODES\CSI-QA-testing
2026-05-05 10:28:53 - [34mdebug[39m: playwright\node_modules\playwright-core doesn't exist at D:\CODES\CSI-QA-testing
2026-05-05 10:28:53 - [34mdebug[39m: Getting playwright\node_modules\playwright-core from null
2026-05-05 10:28:53 - [34mdebug[39m: requireModuleV2 :: module - playwright-core, package - null
2026-05-05 10:28:53 - [34mdebug[39m: Resolved path for playwright-core is D:\CODES\CSI-QA-testing\node_modules\playwright-core
2026-05-05 10:28:53 - [34mdebug[39m: requireModuleV2 :: module - D:\CODES\CSI-QA-testing\node_modules\playwright-core\lib\client\browserType.js, package - null
2026-05-05 10:28:53 - [34mdebug[39m: requireModuleV3 :: module - @playwright\test\node_modules\playwright-core, package - @playwright/test
2026-05-05 10:28:53 - [34mdebug[39m: requireModuleV2 :: module - @playwright\test\node_modules\playwright-core, package - @playwright/test
2026-05-05 10:28:53 - [34mdebug[39m: Getting @playwright\test\node_modules\playwright-core from D:\CODES\CSI-QA-testing
2026-05-05 10:28:53 - [34mdebug[39m: @playwright\test\node_modules\playwright-core doesn't exist at D:\CODES\CSI-QA-testing
2026-05-05 10:28:53 - [34mdebug[39m: Getting @playwright\test\node_modules\playwright-core from null
2026-05-05 10:28:53 - [34mdebug[39m: requireModuleV3 :: module - playwright\node_modules\playwright-core, package - playwright
2026-05-05 10:28:53 - [34mdebug[39m: requireModuleV2 :: module - playwright\node_modules\playwright-core, package - playwright
2026-05-05 10:28:53 - [34mdebug[39m: Getting playwright\node_modules\playwright-core from D:\CODES\CSI-QA-testing
2026-05-05 10:28:53 - [34mdebug[39m: playwright\node_modules\playwright-core doesn't exist at D:\CODES\CSI-QA-testing
2026-05-05 10:28:53 - [34mdebug[39m: Getting playwright\node_modules\playwright-core from null
2026-05-05 10:28:53 - [34mdebug[39m: requireModuleV2 :: module - playwright-core, package - null
2026-05-05 10:28:53 - [34mdebug[39m: Resolved path for playwright-core is D:\CODES\CSI-QA-testing\node_modules\playwright-core
2026-05-05 10:28:53 - [34mdebug[39m: requireModuleV2 :: module - D:\CODES\CSI-QA-testing\node_modules\playwright-core\lib\client\browserContext.js, package - null
2026-05-05 10:28:53 - [34mdebug[39m: requireModuleV3 :: module - @playwright\test\node_modules\playwright-core, package - @playwright/test
2026-05-05 10:28:53 - [34mdebug[39m: requireModuleV2 :: module - @playwright\test\node_modules\playwright-core, package - @playwright/test
2026-05-05 10:28:53 - [34mdebug[39m: Getting @playwright\test\node_modules\playwright-core from D:\CODES\CSI-QA-testing
2026-05-05 10:28:53 - [34mdebug[39m: @playwright\test\node_modules\playwright-core doesn't exist at D:\CODES\CSI-QA-testing
2026-05-05 10:28:53 - [34mdebug[39m: Getting @playwright\test\node_modules\playwright-core from null
2026-05-05 10:28:53 - [34mdebug[39m: requireModuleV3 :: module - playwright\node_modules\playwright-core, package - playwright
2026-05-05 10:28:53 - [34mdebug[39m: requireModuleV2 :: module - playwright\node_modules\playwright-core, package - playwright
2026-05-05 10:28:53 - [34mdebug[39m: Getting playwright\node_modules\playwright-core from D:\CODES\CSI-QA-testing
2026-05-05 10:28:53 - [34mdebug[39m: playwright\node_modules\playwright-core doesn't exist at D:\CODES\CSI-QA-testing
2026-05-05 10:28:53 - [34mdebug[39m: Getting playwright\node_modules\playwright-core from null
2026-05-05 10:28:53 - [34mdebug[39m: requireModuleV2 :: module - playwright-core, package - null
2026-05-05 10:28:53 - [34mdebug[39m: Resolved path for playwright-core is D:\CODES\CSI-QA-testing\node_modules\playwright-core
2026-05-05 10:28:53 - [34mdebug[39m: requireModuleV2 :: module - D:\CODES\CSI-QA-testing\node_modules\playwright-core\lib\client\android.js, package - null
2026-05-05 10:28:53 - [34mdebug[39m: requireModuleV3 :: module - @playwright\test\node_modules\playwright-core, package - @playwright/test
2026-05-05 10:28:53 - [34mdebug[39m: requireModuleV2 :: module - @playwright\test\node_modules\playwright-core, package - @playwright/test
2026-05-05 10:28:53 - [34mdebug[39m: Getting @playwright\test\node_modules\playwright-core from D:\CODES\CSI-QA-testing
2026-05-05 10:28:53 - [34mdebug[39m: @playwright\test\node_modules\playwright-core doesn't exist at D:\CODES\CSI-QA-testing
2026-05-05 10:28:53 - [34mdebug[39m: Getting @playwright\test\node_modules\playwright-core from null
2026-05-05 10:28:53 - [34mdebug[39m: requireModuleV3 :: module - playwright\node_modules\playwright-core, package - playwright
2026-05-05 10:28:53 - [34mdebug[39m: requireModuleV2 :: module - playwright\node_modules\playwright-core, package - playwright
2026-05-05 10:28:53 - [34mdebug[39m: Getting playwright\node_modules\playwright-core from D:\CODES\CSI-QA-testing
2026-05-05 10:28:53 - [34mdebug[39m: playwright\node_modules\playwright-core doesn't exist at D:\CODES\CSI-QA-testing
2026-05-05 10:28:53 - [34mdebug[39m: Getting playwright\node_modules\playwright-core from null
2026-05-05 10:28:53 - [34mdebug[39m: requireModuleV2 :: module - playwright-core, package - null
2026-05-05 10:28:53 - [34mdebug[39m: Resolved path for playwright-core is D:\CODES\CSI-QA-testing\node_modules\playwright-core
2026-05-05 10:28:53 - [34mdebug[39m: requireModuleV2 :: module - D:\CODES\CSI-QA-testing\node_modules\playwright-core\lib\client\page.js, package - null
2026-05-05 10:28:53 - [34mdebug[39m: requireModuleV3 :: module - @playwright\test\node_modules\playwright-core, package - @playwright/test
2026-05-05 10:28:53 - [34mdebug[39m: requireModuleV2 :: module - @playwright\test\node_modules\playwright-core, package - @playwright/test
2026-05-05 10:28:53 - [34mdebug[39m: Getting @playwright\test\node_modules\playwright-core from D:\CODES\CSI-QA-testing
2026-05-05 10:28:53 - [34mdebug[39m: @playwright\test\node_modules\playwright-core doesn't exist at D:\CODES\CSI-QA-testing
2026-05-05 10:28:53 - [34mdebug[39m: Getting @playwright\test\node_modules\playwright-core from null
2026-05-05 10:28:53 - [34mdebug[39m: requireModuleV3 :: module - playwright\node_modules\playwright-core, package - playwright
2026-05-05 10:28:53 - [34mdebug[39m: requireModuleV2 :: module - playwright\node_modules\playwright-core, package - playwright
2026-05-05 10:28:53 - [34mdebug[39m: Getting playwright\node_modules\playwright-core from D:\CODES\CSI-QA-testing
2026-05-05 10:28:53 - [34mdebug[39m: playwright\node_modules\playwright-core doesn't exist at D:\CODES\CSI-QA-testing
2026-05-05 10:28:53 - [34mdebug[39m: Getting playwright\node_modules\playwright-core from null
2026-05-05 10:28:53 - [34mdebug[39m: requireModuleV2 :: module - playwright-core, package - null
2026-05-05 10:28:53 - [34mdebug[39m: Resolved path for playwright-core is D:\CODES\CSI-QA-testing\node_modules\playwright-core
2026-05-05 10:28:53 - [34mdebug[39m: requireModuleV2 :: module - D:\CODES\CSI-QA-testing\node_modules\playwright-core\lib\client\page.js, package - null
[35msilly[39m: [2026-05-05T16:28:53.740Z][ TEST REPORTING AND ANALYTICS ] Finished :: beforeWorkerHook, PID - 29448, Argument - 1
[34mdebug[39m: [2026-05-05T16:28:53.740Z][ TEST REPORTING AND ANALYTICS ] Worker Hook started, PID 29448
[34mdebug[39m: [2026-05-05T16:28:53.749Z][ TEST REPORTING AND ANALYTICS ] Test Hook started, PID 29448
[35msilly[39m: [2026-05-05T16:28:53.749Z][ TEST REPORTING AND ANALYTICS ] Started :: beforeTestHook, PID - 29448, Argument - redirects to login, then to home after valid credentials
[35msilly[39m: [2026-05-05T16:28:53.750Z][ TEST REPORTING AND ANALYTICS ] Sending session details at beforeTestHook
[35msilly[39m: [2026-05-05T16:28:53.750Z][ TEST REPORTING AND ANALYTICS ] Finished :: beforeTestHook, PID - 29448, Argument - redirects to login, then to home after valid credentials
2026-05-05 10:28:53 - [34mdebug[39m: [Accessibility] Initialized for test: autoScanning=true, bstackA11yShouldScan=true
2026-05-05 10:28:53 - [34mdebug[39m: Processed accessibility caps false {"useW3C":false,"browserstack.user":"[REDACTED]","browserstack.key":"[REDACTED]","browserstack.local":true,"browserstack.localIdentifier":"5_May_1027_DESKTOP-B1PF2KP_dlxa","browserstack.buildIdentifier":"#25","build":"Avotech-Regression-TestSuite","browserstack.video":true,"interactiveDebugging":true,"os":"Windows","os_version":"11","browserName":"chrome","browser_version":"latest","browserstack.browserstackSDK":"playwright-nodeagent/1.52.2","browserstack.hostName":"DESKTOP-B1PF2KP","browserstack.buildProductMap":{"observability":true,"accessibility":false,"percy":false,"automate":true,"app_automate":false,"lts":false,"central_scanner":false,"lcnc":false},"browserstack.testhubBuildUuid":"1gdastcn8kq9sxsko6uvecgoi3hmpl1o1ghvf2we"}
[35msilly[39m: [2026-05-05T16:28:54.279Z][ TEST REPORTING AND ANALYTICS ] Processing events. Queue Length - 1
[34mdebug[39m: [2026-05-05T16:28:54.280Z][ TEST REPORTING AND ANALYTICS ] Processing batch events for Interval-Queue. Request Size - 1500 bytes. Events are 'TestRunStarted':09311851-9afb-4de7-b0c2-480992249ef1
2026-05-05 10:28:54 - [34mdebug[39m: Sending request to https://collector-observability.browserstack.com/api/v1/batch
2026-05-05 10:28:54 - [34mdebug[39m: Response from https://collector-observability.browserstack.com/api/v1/batch: 200 OK
[34mdebug[39m: [2026-05-05T16:28:54.664Z][ TEST REPORTING AND ANALYTICS ] Interval-Queue event successful for events 'TestRunStarted':09311851-9afb-4de7-b0c2-480992249ef1 -- {"success":true}
[35msilly[39m: [2026-05-05T16:28:54.664Z][ TEST REPORTING AND ANALYTICS ] Remaining Queue Length - 0
[34mdebug[39m: [2026-05-05T16:29:01.765Z][ TEST REPORTING AND ANALYTICS ] Setting platform details received from BS: [object Object]
[34mdebug[39m: [2026-05-05T16:29:01.766Z][ TEST REPORTING AND ANALYTICS ] Setting session id received from BS 5689be4eea8f5dce1c0ddb115b98ce85c78f1f6c
2026-05-05 10:29:01 - [34mdebug[39m: Device Model is not available
[35msilly[39m: [2026-05-05T16:29:01.773Z][ TEST REPORTING AND ANALYTICS ] Sending session details at connect
[34mdebug[39m: [2026-05-05T16:29:01.776Z][ TEST REPORTING AND ANALYTICS ] Sending session details for chrome-latest:Windows 11-browserstack1-dc5266584ced6e5796a4-ecb43747e2968053111a-0, {
  browserstack: {
    browser: 'chrome',
    browser_version: '147.0.7727.56',
    capabilities: {},
    platform: 'Windows',
    platform_version: '11',
    product: 'automate',
    session_id: '5689be4eea8f5dce1c0ddb115b98ce85c78f1f6c'
  }
}
[35msilly[39m: [2026-05-05T16:29:01.778Z][ TEST REPORTING AND ANALYTICS ] Processing event - 'CBTSessionCreated' 19112441-eea6-4e54-a7ee-00fdf9fd2000
2026-05-05 10:29:01 - [34mdebug[39m: Device Model is not available
[35msilly[39m: [2026-05-05T16:29:01.781Z][ TEST REPORTING AND ANALYTICS ] Sending session details at browser fixture
[34mdebug[39m: [2026-05-05T16:29:01.782Z][ TEST REPORTING AND ANALYTICS ] Sending session details for chrome-latest:Windows 11-browserstack1-dc5266584ced6e5796a4-ecb43747e2968053111a-0, {
  browserstack: {
    browser: 'chrome',
    browser_version: '147.0.7727.56',
    capabilities: {},
    platform: 'Windows',
    platform_version: '11',
    product: 'automate',
    session_id: '5689be4eea8f5dce1c0ddb115b98ce85c78f1f6c'
  }
}
[35msilly[39m: [2026-05-05T16:29:01.782Z][ TEST REPORTING AND ANALYTICS ] Processing event - 'CBTSessionCreated' 19112441-eea6-4e54-a7ee-00fdf9fd2000
[35msilly[39m: [2026-05-05T16:29:03.781Z][ TEST REPORTING AND ANALYTICS ] Processing events. Queue Length - 2
[34mdebug[39m: [2026-05-05T16:29:03.782Z][ TEST REPORTING AND ANALYTICS ] Processing batch events for Interval-Queue. Request Size - 643 bytes. Events are 'CBTSessionCreated':19112441-eea6-4e54-a7ee-00fdf9fd2000,'CBTSessionCreated':19112441-eea6-4e54-a7ee-00fdf9fd2000
2026-05-05 10:29:03 - [34mdebug[39m: Sending request to https://collector-observability.browserstack.com/api/v1/batch
[35msilly[39m: [2026-05-05T16:29:05.583Z][ TEST REPORTING AND ANALYTICS ] Processing event - 'LogCreated' undefined
2026-05-05 10:29:05 - [34mdebug[39m: Response from https://collector-observability.browserstack.com/api/v1/batch: 200 OK
[34mdebug[39m: [2026-05-05T16:29:05.595Z][ TEST REPORTING AND ANALYTICS ] Interval-Queue event successful for events 'CBTSessionCreated':19112441-eea6-4e54-a7ee-00fdf9fd2000,'CBTSessionCreated':19112441-eea6-4e54-a7ee-00fdf9fd2000 -- {"success":true}
[35msilly[39m: [2026-05-05T16:29:05.595Z][ TEST REPORTING AND ANALYTICS ] Remaining Queue Length - 1
[35msilly[39m: [2026-05-05T16:29:05.781Z][ TEST REPORTING AND ANALYTICS ] Processing events. Queue Length - 1
[34mdebug[39m: [2026-05-05T16:29:05.782Z][ TEST REPORTING AND ANALYTICS ] Processing batch events for Interval-Queue. Request Size - 1416 bytes. Events are 'LogCreated':undefined
2026-05-05 10:29:05 - [34mdebug[39m: Sending request to https://collector-observability.browserstack.com/api/v1/batch
[35msilly[39m: [2026-05-05T16:29:06.157Z][ TEST REPORTING AND ANALYTICS ] Processing event - 'LogCreated' undefined
2026-05-05 10:29:06 - [34mdebug[39m: Response from https://collector-observability.browserstack.com/api/v1/batch: 200 OK
[34mdebug[39m: [2026-05-05T16:29:06.160Z][ TEST REPORTING AND ANALYTICS ] Interval-Queue event successful for events 'LogCreated':undefined -- {"success":true}
[35msilly[39m: [2026-05-05T16:29:06.160Z][ TEST REPORTING AND ANALYTICS ] Remaining Queue Length - 1
[35msilly[39m: [2026-05-05T16:29:07.795Z][ TEST REPORTING AND ANALYTICS ] Processing events. Queue Length - 1
[34mdebug[39m: [2026-05-05T16:29:07.796Z][ TEST REPORTING AND ANALYTICS ] Processing batch events for Interval-Queue. Request Size - 1416 bytes. Events are 'LogCreated':undefined
2026-05-05 10:29:07 - [34mdebug[39m: Sending request to https://collector-observability.browserstack.com/api/v1/batch
[35msilly[39m: [2026-05-05T16:29:08.168Z][ TEST REPORTING AND ANALYTICS ] Processing event - 'LogCreated' undefined
2026-05-05 10:29:08 - [34mdebug[39m: Response from https://collector-observability.browserstack.com/api/v1/batch: 200 OK
[34mdebug[39m: [2026-05-05T16:29:08.171Z][ TEST REPORTING AND ANALYTICS ] Interval-Queue event successful for events 'LogCreated':undefined -- {"success":true}
[35msilly[39m: [2026-05-05T16:29:08.171Z][ TEST REPORTING AND ANALYTICS ] Remaining Queue Length - 1
[35msilly[39m: [2026-05-05T16:29:09.811Z][ TEST REPORTING AND ANALYTICS ] Processing events. Queue Length - 1
[34mdebug[39m: [2026-05-05T16:29:09.812Z][ TEST REPORTING AND ANALYTICS ] Processing batch events for Interval-Queue. Request Size - 1416 bytes. Events are 'LogCreated':undefined
2026-05-05 10:29:09 - [34mdebug[39m: Sending request to https://collector-observability.browserstack.com/api/v1/batch
[35msilly[39m: [2026-05-05T16:29:10.175Z][ TEST REPORTING AND ANALYTICS ] Processing event - 'LogCreated' undefined
2026-05-05 10:29:10 - [34mdebug[39m: Response from https://collector-observability.browserstack.com/api/v1/batch: 200 OK
[34mdebug[39m: [2026-05-05T16:29:10.177Z][ TEST REPORTING AND ANALYTICS ] Interval-Queue event successful for events 'LogCreated':undefined -- {"success":true}
[35msilly[39m: [2026-05-05T16:29:10.177Z][ TEST REPORTING AND ANALYTICS ] Remaining Queue Length - 1
[35msilly[39m: [2026-05-05T16:29:11.825Z][ TEST REPORTING AND ANALYTICS ] Processing events. Queue Length - 1
[34mdebug[39m: [2026-05-05T16:29:11.826Z][ TEST REPORTING AND ANALYTICS ] Processing batch events for Interval-Queue. Request Size - 1416 bytes. Events are 'LogCreated':undefined
2026-05-05 10:29:11 - [34mdebug[39m: Sending request to https://collector-observability.browserstack.com/api/v1/batch
[35msilly[39m: [2026-05-05T16:29:12.276Z][ TEST REPORTING AND ANALYTICS ] Processing event - 'LogCreated' undefined
2026-05-05 10:29:12 - [34mdebug[39m: Response from https://collector-observability.browserstack.com/api/v1/batch: 200 OK
[34mdebug[39m: [2026-05-05T16:29:12.279Z][ TEST REPORTING AND ANALYTICS ] Interval-Queue event successful for events 'LogCreated':undefined -- {"success":true}
[35msilly[39m: [2026-05-05T16:29:12.279Z][ TEST REPORTING AND ANALYTICS ] Remaining Queue Length - 1
[35msilly[39m: [2026-05-05T16:29:13.831Z][ TEST REPORTING AND ANALYTICS ] Processing events. Queue Length - 1
[34mdebug[39m: [2026-05-05T16:29:13.832Z][ TEST REPORTING AND ANALYTICS ] Processing batch events for Interval-Queue. Request Size - 1416 bytes. Events are 'LogCreated':undefined
2026-05-05 10:29:13 - [34mdebug[39m: Sending request to https://collector-observability.browserstack.com/api/v1/batch
[35msilly[39m: [2026-05-05T16:29:14.212Z][ TEST REPORTING AND ANALYTICS ] Processing event - 'LogCreated' undefined
2026-05-05 10:29:14 - [34mdebug[39m: Response from https://collector-observability.browserstack.com/api/v1/batch: 200 OK
[34mdebug[39m: [2026-05-05T16:29:14.213Z][ TEST REPORTING AND ANALYTICS ] Interval-Queue event successful for events 'LogCreated':undefined -- {"success":true}
[35msilly[39m: [2026-05-05T16:29:14.213Z][ TEST REPORTING AND ANALYTICS ] Remaining Queue Length - 1
[35msilly[39m: [2026-05-05T16:29:15.834Z][ TEST REPORTING AND ANALYTICS ] Processing events. Queue Length - 1
[34mdebug[39m: [2026-05-05T16:29:15.834Z][ TEST REPORTING AND ANALYTICS ] Processing batch events for Interval-Queue. Request Size - 1416 bytes. Events are 'LogCreated':undefined
2026-05-05 10:29:15 - [34mdebug[39m: Sending request to https://collector-observability.browserstack.com/api/v1/batch
[35msilly[39m: [2026-05-05T16:29:16.244Z][ TEST REPORTING AND ANALYTICS ] Processing event - 'LogCreated' undefined
2026-05-05 10:29:16 - [34mdebug[39m: Response from https://collector-observability.browserstack.com/api/v1/batch: 200 OK
[34mdebug[39m: [2026-05-05T16:29:16.245Z][ TEST REPORTING AND ANALYTICS ] Interval-Queue event successful for events 'LogCreated':undefined -- {"success":true}
[35msilly[39m: [2026-05-05T16:29:16.245Z][ TEST REPORTING AND ANALYTICS ] Remaining Queue Length - 1
[35msilly[39m: [2026-05-05T16:29:17.841Z][ TEST REPORTING AND ANALYTICS ] Processing events. Queue Length - 1
[34mdebug[39m: [2026-05-05T16:29:17.841Z][ TEST REPORTING AND ANALYTICS ] Processing batch events for Interval-Queue. Request Size - 1416 bytes. Events are 'LogCreated':undefined
2026-05-05 10:29:17 - [34mdebug[39m: Sending request to https://collector-observability.browserstack.com/api/v1/batch
[35msilly[39m: [2026-05-05T16:29:18.212Z][ TEST REPORTING AND ANALYTICS ] Processing event - 'LogCreated' undefined
2026-05-05 10:29:18 - [34mdebug[39m: Response from https://collector-observability.browserstack.com/api/v1/batch: 200 OK
[34mdebug[39m: [2026-05-05T16:29:18.217Z][ TEST REPORTING AND ANALYTICS ] Interval-Queue event successful for events 'LogCreated':undefined -- {"success":true}
[35msilly[39m: [2026-05-05T16:29:18.217Z][ TEST REPORTING AND ANALYTICS ] Remaining Queue Length - 1
[35msilly[39m: [2026-05-05T16:29:19.845Z][ TEST REPORTING AND ANALYTICS ] Processing events. Queue Length - 1
[34mdebug[39m: [2026-05-05T16:29:19.846Z][ TEST REPORTING AND ANALYTICS ] Processing batch events for Interval-Queue. Request Size - 1416 bytes. Events are 'LogCreated':undefined
2026-05-05 10:29:19 - [34mdebug[39m: Sending request to https://collector-observability.browserstack.com/api/v1/batch
[35msilly[39m: [2026-05-05T16:29:20.210Z][ TEST REPORTING AND ANALYTICS ] Processing event - 'LogCreated' undefined
2026-05-05 10:29:20 - [34mdebug[39m: Response from https://collector-observability.browserstack.com/api/v1/batch: 200 OK
[34mdebug[39m: [2026-05-05T16:29:20.211Z][ TEST REPORTING AND ANALYTICS ] Interval-Queue event successful for events 'LogCreated':undefined -- {"success":true}
[35msilly[39m: [2026-05-05T16:29:20.212Z][ TEST REPORTING AND ANALYTICS ] Remaining Queue Length - 1
2026-05-05 10:29:21 - [34mdebug[39m: Accessibility extension data for current test: {"thTestRunUuid":"19112441-eea6-4e54-a7ee-00fdf9fd2000","thBuildUuid":"1gdastcn8kq9sxsko6uvecgoi3hmpl1o1ghvf2we","thJwtToken":"eyJhbGciOiJIUzI1NiJ9.eyJpc3MiOiJicm93c2Vyc3RhY2tfb2IiLCJzdWIiOiIxMDkzMzE0NCIsImdyb3VwX2lkIjoxMDg0OTc3MywidXNlcl9pZCI6MTA5MzMxNDQsImJ1aWxkX2hhc2hlZF9pZCI6IjFnZGFzdGNuOGtxOXN4c2tvNnV2ZWNnb2kzaG1wbDFvMWdodmYyd2UiLCJwcm9qZWN0X25hbWUiOiIiLCJob29rX2FzX3Rlc3QiOiIxIiwiYnVpbGRfbmFtZSI6IkF2b3RlY2gtUmVncmVzc2lvbi1UZXN0U3VpdGUiLCJwcm9kdWN0X21hcCI6IntcIm9ic2VydmFiaWxpdHlcIjp0cnVlLFwiYXV0b21hdGVcIjp0cnVlLFwiY2FkXCI6dHJ1ZSxcImFjY2Vzc2liaWxpdHlBdXRvRW5hYmxlZFwiOnRydWUsXCJub25TREtcIjpmYWxzZSxcIm9yaWdpbkZyb21Qcm9kdWN0TWFwXCI6XCJBdXRvbWF0ZVwiLFwiYnN0YWNrQXV0b21hdGlvblwiOnRydWV9IiwiZ3JyX3JlZ2lvbiI6IiIsImlzX2xvd192b2x1bWUiOmZhbHNlLCJpc19sY25jX2V2ZW50IjpmYWxzZSwiaXNfbHRzX2V2ZW50IjpmYWxzZSwic2lnbmluZ19rZXlfaGFzaCI6IjM3YzExMzFlNGIyZTc0M2M3NjZlMWQ3MGJmNWYyYjU3ZGM2OWIxOTVkMzAwZTMyYWU4ZDAyMzEyMGE0YTZkOTciLCJpYXQiOjE3Nzc5OTg0NzMsImV4cCI6MTc3ODM0NDA3M30.Gp72MtFIYMISvs78WJF6exDqEAuDQ-wAShJ3z3IxYOs"}
2026-05-05 10:29:21 - [32minfo[39m: Automate test case execution has ended. Processing for accessibility testing is underway. 
2026-05-05 10:29:21 - [34mdebug[39m: Performing scan before saving results.
2026-05-05 10:29:21 - [33mwarn[39m: Not a valid Accessibility Automation session for playwright-page, cannot perform scan with retry.
2026-05-05 10:29:21 - [34mdebug[39m: result=false
2026-05-05 10:29:21 - [33mwarn[39m: Not a valid Accessibility Automation session for playwright-page, cannot save accessibility results with retry.
2026-05-05 10:29:21 - [34mdebug[39m: saved Result scan=false
2026-05-05 10:29:21 - [32minfo[39m: Accessibility testing for this test case has ended.
[35msilly[39m: [2026-05-05T16:29:21.855Z][ TEST REPORTING AND ANALYTICS ] Processing events. Queue Length - 1
[34mdebug[39m: [2026-05-05T16:29:21.855Z][ TEST REPORTING AND ANALYTICS ] Processing batch events for Interval-Queue. Request Size - 1416 bytes. Events are 'LogCreated':undefined
2026-05-05 10:29:21 - [34mdebug[39m: Sending request to https://collector-observability.browserstack.com/api/v1/batch
[35msilly[39m: [2026-05-05T16:29:21.987Z][ TEST REPORTING AND ANALYTICS ] Started :: afterTestHook, PID - 29448, Argument - redirects to login, then to home after valid credentials
[34mdebug[39m: [2026-05-05T16:29:21.988Z][ TEST REPORTING AND ANALYTICS ] Started :: Executing After Test Hook, PID - 29448, Test Title - redirects to login, then to home after valid credentials, Test File - D:\CODES\CSI-QA-testing\tests\csi\auth\login.spec.ts
2026-05-05 10:29:21 - [32minfo[39m: [Accessibility] afterTestHook state: accessibilityPlatform=false, bstackA11yShouldScan=true
[34mdebug[39m: [2026-05-05T16:29:21.988Z][ TEST REPORTING AND ANALYTICS ] Sending session details for chrome-latest:Windows 11-browserstack1-dc5266584ced6e5796a4-ecb43747e2968053111a-0, {
  browserstack: {
    browser: 'chrome',
    browser_version: '147.0.7727.56',
    capabilities: {},
    platform: 'Windows',
    platform_version: '11',
    product: 'automate',
    session_id: '5689be4eea8f5dce1c0ddb115b98ce85c78f1f6c'
  }
}
[35msilly[39m: [2026-05-05T16:29:21.988Z][ TEST REPORTING AND ANALYTICS ] Processing event - 'CBTSessionCreated' 19112441-eea6-4e54-a7ee-00fdf9fd2000
[35msilly[39m: [2026-05-05T16:29:21.989Z][ TEST REPORTING AND ANALYTICS ] Finished :: afterTestHook, PID - 29448, Argument - redirects to login, then to home after valid credentials
[35msilly[39m: [2026-05-05T16:29:22.231Z][ TEST REPORTING AND ANALYTICS ] Processing event - 'LogCreated' undefined
2026-05-05 10:29:22 - [34mdebug[39m: Response from https://collector-observability.browserstack.com/api/v1/batch: 200 OK
[34mdebug[39m: [2026-05-05T16:29:22.235Z][ TEST REPORTING AND ANALYTICS ] Interval-Queue event successful for events 'LogCreated':undefined -- {"success":true}
[35msilly[39m: [2026-05-05T16:29:22.235Z][ TEST REPORTING AND ANALYTICS ] Remaining Queue Length - 2
[34mdebug[39m: [2026-05-05T16:29:22.446Z][ TEST REPORTING AND ANALYTICS ] Finished :: Executing After Test Hook, PID - 29448, Test Title - redirects to login, then to home after valid credentials, Test File - D:\CODES\CSI-QA-testing\tests\csi\auth\login.spec.ts
[34mdebug[39m: [2026-05-05T16:29:22.446Z][ TEST REPORTING AND ANALYTICS ] Test Hook ended, PID 29448
[34mdebug[39m: [2026-05-05T16:29:22.460Z][ TEST REPORTING AND ANALYTICS ] Test Finished with unique id chrome-latest:Windows 11-browserstack1-dc5266584ced6e5796a4-ecb43747e2968053111a
[35msilly[39m: [2026-05-05T16:29:22.461Z][ TEST REPORTING AND ANALYTICS ] Processing event - 'LogCreated' undefined
2026-05-05 10:29:22 - [34mdebug[39m: Searching for key: path
[35msilly[39m: [2026-05-05T16:29:22.462Z][ TEST REPORTING AND ANALYTICS ] Processing event - 'TestRunFinished' 09311851-9afb-4de7-b0c2-480992249ef1
[34mdebug[39m: [2026-05-05T16:29:22.462Z][ TEST REPORTING AND ANALYTICS ] Starting sending trace zip for test: 09311851-9afb-4de7-b0c2-480992249ef1
2026-05-05 10:29:22 - [34mdebug[39m: Checking if trace is enabled for test: 09311851-9afb-4de7-b0c2-480992249ef1
2026-05-05 10:29:22 - [34mdebug[39m: Searching for key: path
[35msilly[39m: [2026-05-05T16:29:22.467Z][ TEST REPORTING AND ANALYTICS ] Started :: afterWorkerHook, PID - 29448, Argument - 1
[35msilly[39m: [2026-05-05T16:29:22.468Z][ TEST REPORTING AND ANALYTICS ] Finished :: afterWorkerHook, PID - 29448, Argument - 1
[35msilly[39m: [2026-05-05T16:29:23.857Z][ TEST REPORTING AND ANALYTICS ] Processing events. Queue Length - 2
[34mdebug[39m: [2026-05-05T16:29:23.858Z][ TEST REPORTING AND ANALYTICS ] Processing batch events for Interval-Queue. Request Size - 1737 bytes. Events are 'CBTSessionCreated':19112441-eea6-4e54-a7ee-00fdf9fd2000,'LogCreated':undefined
2026-05-05 10:29:23 - [34mdebug[39m: Sending request to https://collector-observability.browserstack.com/api/v1/batch
2026-05-05 10:29:24 - [34mdebug[39m: Response from https://collector-observability.browserstack.com/api/v1/batch: 200 OK
[34mdebug[39m: [2026-05-05T16:29:24.229Z][ TEST REPORTING AND ANALYTICS ] Interval-Queue event successful for events 'CBTSessionCreated':19112441-eea6-4e54-a7ee-00fdf9fd2000,'LogCreated':undefined -- {"success":true}
[35msilly[39m: [2026-05-05T16:29:24.229Z][ TEST REPORTING AND ANALYTICS ] Remaining Queue Length - 0
[34mdebug[39m: [2026-05-05T16:29:24.269Z][ TEST REPORTING AND ANALYTICS ] Finished :: Exiting Playwright worker, PID - 29448, WorkerIndex - 1
[34mdebug[39m: [2026-05-05T16:29:24.309Z][ TEST REPORTING AND ANALYTICS ] Call to child fork with args D:\CODES\CSI-QA-testing\node_modules\playwright\lib\common\process.js
[35msilly[39m: [2026-05-05T16:29:24.382Z][ TEST REPORTING AND ANALYTICS ] Processing events. Queue Length - 2
[34mdebug[39m: [2026-05-05T16:29:24.382Z][ TEST REPORTING AND ANALYTICS ] Processing batch events for Interval-Queue. Request Size - 4220 bytes. Events are 'LogCreated':undefined,'TestRunFinished':09311851-9afb-4de7-b0c2-480992249ef1
2026-05-05 10:29:24 - [34mdebug[39m: Sending request to https://collector-observability.browserstack.com/api/v1/batch
2026-05-05 10:29:24 - [34mdebug[39m: Response from https://collector-observability.browserstack.com/api/v1/batch: 200 OK
[34mdebug[39m: [2026-05-05T16:29:24.748Z][ TEST REPORTING AND ANALYTICS ] Interval-Queue event successful for events 'LogCreated':undefined,'TestRunFinished':09311851-9afb-4de7-b0c2-480992249ef1 -- {"success":true}
[35msilly[39m: [2026-05-05T16:29:24.748Z][ TEST REPORTING AND ANALYTICS ] Remaining Queue Length - 0
2026-05-05 10:29:25 - [34mdebug[39m: Could not locate npm module path with error  Cannot access 'isYarnPnP' before initialization
2026-05-05 10:29:25 - [34mdebug[39m: requireModuleV3 :: module - @playwright/test/package.json, package - @playwright/test
2026-05-05 10:29:25 - [34mdebug[39m: requireModuleV2 :: module - @playwright/test/package.json, package - @playwright/test
2026-05-05 10:29:25 - [34mdebug[39m: requireModuleV3 :: module - playwright/lib/common/process.js, package - playwright
2026-05-05 10:29:25 - [34mdebug[39m: Resolved from resolveModuleV3 :: Path - D:\CODES\CSI-QA-testing\node_modules\playwright\lib\common\process.js
2026-05-05 10:29:25 - [34mdebug[39m: requireModuleV3 :: module - @playwright/test/index.js, package - @playwright/test
2026-05-05 10:29:25 - [34mdebug[39m: requireModuleV2 :: module - @playwright/test/index.js, package - @playwright/test
2026-05-05 10:29:25 - [34mdebug[39m: Getting @playwright/test/index.js from D:\CODES\CSI-QA-testing
2026-05-05 10:29:25 - [34mdebug[39m: requireModuleV3 :: module - @playwright\test\node_modules\playwright-core, package - @playwright/test
2026-05-05 10:29:25 - [34mdebug[39m: requireModuleV2 :: module - @playwright\test\node_modules\playwright-core, package - @playwright/test
2026-05-05 10:29:25 - [34mdebug[39m: Getting @playwright\test\node_modules\playwright-core from D:\CODES\CSI-QA-testing
2026-05-05 10:29:25 - [34mdebug[39m: @playwright\test\node_modules\playwright-core doesn't exist at D:\CODES\CSI-QA-testing
2026-05-05 10:29:25 - [34mdebug[39m: Getting @playwright\test\node_modules\playwright-core from null
2026-05-05 10:29:25 - [34mdebug[39m: requireModuleV3 :: module - playwright\node_modules\playwright-core, package - playwright
2026-05-05 10:29:25 - [34mdebug[39m: requireModuleV2 :: module - playwright\node_modules\playwright-core, package - playwright
2026-05-05 10:29:25 - [34mdebug[39m: Getting playwright\node_modules\playwright-core from D:\CODES\CSI-QA-testing
2026-05-05 10:29:25 - [34mdebug[39m: playwright\node_modules\playwright-core doesn't exist at D:\CODES\CSI-QA-testing
2026-05-05 10:29:25 - [34mdebug[39m: Getting playwright\node_modules\playwright-core from null
2026-05-05 10:29:25 - [34mdebug[39m: requireModuleV2 :: module - playwright-core, package - null
2026-05-05 10:29:25 - [34mdebug[39m: Resolved path for playwright-core is D:\CODES\CSI-QA-testing\node_modules\playwright-core
2026-05-05 10:29:25 - [34mdebug[39m: requireModuleV2 :: module - D:\CODES\CSI-QA-testing\node_modules\playwright-core\lib\client\connection.js, package - null
2026-05-05 10:29:26 - [32minfo[39m: [BrowserstackCLI] Starting as child process with session ID: ba3ee7a3-ab6a-42f0-a360-eaad5d3a892f
2026-05-05 10:29:26 - [32minfo[39m: [GrpcClient] Connected to gRPC server at 127.0.0.1:5400
2026-05-05 10:29:26 - [32minfo[39m: [GrpcClient] Connecting bin session
2026-05-05 10:29:26 - [31merror[39m: [GrpcClient] ConnectBinSession error: 14 UNAVAILABLE: No connection established. Last error: Error: connect ECONNREFUSED 127.0.0.1:5400. Resolution note: 
2026-05-05 10:29:26 - [31merror[39m: [GrpcClient] Error in connectBinSession: Error: 14 UNAVAILABLE: No connection established. Last error: Error: connect ECONNREFUSED 127.0.0.1:5400. Resolution note: 
    at callErrorFromStatus (D:\CODES\CSI-QA-testing\node_modules\@grpc\grpc-js\src\call.ts:84:17)
    at Object.onReceiveStatus (D:\CODES\CSI-QA-testing\node_modules\@grpc\grpc-js\src\client.ts:360:55)
    at Object.onReceiveStatus (D:\CODES\CSI-QA-testing\node_modules\@grpc\grpc-js\src\client-interceptors.ts:466:34)
    at Object.onReceiveStatus (D:\CODES\CSI-QA-testing\node_modules\@grpc\grpc-js\src\client-interceptors.ts:424:48)
    at D:\CODES\CSI-QA-testing\node_modules\@grpc\grpc-js\src\resolving-call.ts:170:24
    at processTicksAndRejections (node:internal/process/task_queues:85:11)
for call at
    at ServiceClientImpl.makeUnaryRequest (D:\CODES\CSI-QA-testing\node_modules\@grpc\grpc-js\src\client.ts:325:42)
    at ServiceClientImpl.connectBinSession (D:\CODES\CSI-QA-testing\node_modules\@grpc\grpc-js\src\make-client.ts:189:15)
    at _0xcc7d46 (D:\CODES\CSI-QA-testing\node_modules\browserstack-node-sdk\src\bin\v2\grpcClient.js:1:13224)
    at new Promise (<anonymous>)
    at GrpcClient.connectBinSession (D:\CODES\CSI-QA-testing\node_modules\browserstack-node-sdk\src\bin\v2\grpcClient.js:1:13122)
    at BrowserstackCLI.startChild (D:\CODES\CSI-QA-testing\node_modules\browserstack-node-sdk\src\bin\v2\browserstackCLI.js:1:20593)
    at BrowserstackCLI.bootstrap (D:\CODES\CSI-QA-testing\node_modules\browserstack-node-sdk\src\bin\v2\browserstackCLI.js:1:7905)
    at Object._modifyPlaywright (D:\CODES\CSI-QA-testing\node_modules\browserstack-node-sdk\src\bin\playwright\modifyPlaywrightConf.js:1:21681)
    at Object.<anonymous> (D:\CODES\CSI-QA-testing\playwright-browserstack-sdk.config.ts:4:24)
    at Module._compile (node:internal/modules/cjs/loader:1830:14)
    at Module.newCompile2 (D:\CODES\CSI-QA-testing\node_modules\playwright\lib\third_party\pirates.js:46:29)
    at Object.<anonymous> (node:internal/modules/cjs/loader:1961:10)
    at Object.newLoader2 [as .ts] (D:\CODES\CSI-QA-testing\node_modules\playwright\lib\third_party\pirates.js:52:22)
    at Module.load (node:internal/modules/cjs/loader:1553:32)
    at Module._load (node:internal/modules/cjs/loader:1355:12)
    at wrapModuleLoad (node:internal/modules/cjs/loader:255:19)
    at Module.require (node:internal/modules/cjs/loader:1576:12)
    at require (node:internal/modules/helpers:153:16)
    at requireOrImport (D:\CODES\CSI-QA-testing\node_modules\playwright\lib\transform\transform.js:218:18)
    at loadUserConfig (D:\CODES\CSI-QA-testing\node_modules\playwright\lib\common\configLoader.js:107:89)
    at loadConfig (D:\CODES\CSI-QA-testing\node_modules\playwright\lib\common\configLoader.js:119:28)
    at deserializeConfig (D:\CODES\CSI-QA-testing\node_modules\playwright\lib\common\configLoader.js:104:10)
    at WorkerMain._loadIfNeeded (D:\CODES\CSI-QA-testing\node_modules\playwright\lib\worker\workerMain.js:165:20)
    at WorkerMain.runTestGroup (D:\CODES\CSI-QA-testing\node_modules\playwright\lib\worker\workerMain.js:179:7)
    at process.<anonymous> (D:\CODES\CSI-QA-testing\node_modules\playwright\lib\common\process.js:73:22) {
  code: 14,
  details: 'No connection established. Last error: Error: connect ECONNREFUSED 127.0.0.1:5400. Resolution note: ',
  metadata: Metadata {
    internalRepr: Map(0) {},
    opaqueData: Map(0) {},
    options: {}
  }
}
2026-05-05 10:29:26 - [31merror[39m: [BrowserstackCLI] Failed to start as child process: Error: 14 UNAVAILABLE: No connection established. Last error: Error: connect ECONNREFUSED 127.0.0.1:5400. Resolution note: 
    at callErrorFromStatus (D:\CODES\CSI-QA-testing\node_modules\@grpc\grpc-js\src\call.ts:84:17)
    at Object.onReceiveStatus (D:\CODES\CSI-QA-testing\node_modules\@grpc\grpc-js\src\client.ts:360:55)
    at Object.onReceiveStatus (D:\CODES\CSI-QA-testing\node_modules\@grpc\grpc-js\src\client-interceptors.ts:466:34)
    at Object.onReceiveStatus (D:\CODES\CSI-QA-testing\node_modules\@grpc\grpc-js\src\client-interceptors.ts:424:48)
    at D:\CODES\CSI-QA-testing\node_modules\@grpc\grpc-js\src\resolving-call.ts:170:24
    at processTicksAndRejections (node:internal/process/task_queues:85:11)
for call at
    at ServiceClientImpl.makeUnaryRequest (D:\CODES\CSI-QA-testing\node_modules\@grpc\grpc-js\src\client.ts:325:42)
    at ServiceClientImpl.connectBinSession (D:\CODES\CSI-QA-testing\node_modules\@grpc\grpc-js\src\make-client.ts:189:15)
    at _0xcc7d46 (D:\CODES\CSI-QA-testing\node_modules\browserstack-node-sdk\src\bin\v2\grpcClient.js:1:13224)
    at new Promise (<anonymous>)
    at GrpcClient.connectBinSession (D:\CODES\CSI-QA-testing\node_modules\browserstack-node-sdk\src\bin\v2\grpcClient.js:1:13122)
    at BrowserstackCLI.startChild (D:\CODES\CSI-QA-testing\node_modules\browserstack-node-sdk\src\bin\v2\browserstackCLI.js:1:20593)
    at BrowserstackCLI.bootstrap (D:\CODES\CSI-QA-testing\node_modules\browserstack-node-sdk\src\bin\v2\browserstackCLI.js:1:7905)
    at Object._modifyPlaywright (D:\CODES\CSI-QA-testing\node_modules\browserstack-node-sdk\src\bin\playwright\modifyPlaywrightConf.js:1:21681)
    at Object.<anonymous> (D:\CODES\CSI-QA-testing\playwright-browserstack-sdk.config.ts:4:24)
    at Module._compile (node:internal/modules/cjs/loader:1830:14)
    at Module.newCompile2 (D:\CODES\CSI-QA-testing\node_modules\playwright\lib\third_party\pirates.js:46:29)
    at Object.<anonymous> (node:internal/modules/cjs/loader:1961:10)
    at Object.newLoader2 [as .ts] (D:\CODES\CSI-QA-testing\node_modules\playwright\lib\third_party\pirates.js:52:22)
    at Module.load (node:internal/modules/cjs/loader:1553:32)
    at Module._load (node:internal/modules/cjs/loader:1355:12)
    at wrapModuleLoad (node:internal/modules/cjs/loader:255:19)
    at Module.require (node:internal/modules/cjs/loader:1576:12)
    at require (node:internal/modules/helpers:153:16)
    at requireOrImport (D:\CODES\CSI-QA-testing\node_modules\playwright\lib\transform\transform.js:218:18)
    at loadUserConfig (D:\CODES\CSI-QA-testing\node_modules\playwright\lib\common\configLoader.js:107:89)
    at loadConfig (D:\CODES\CSI-QA-testing\node_modules\playwright\lib\common\configLoader.js:119:28)
    at deserializeConfig (D:\CODES\CSI-QA-testing\node_modules\playwright\lib\common\configLoader.js:104:10)
    at WorkerMain._loadIfNeeded (D:\CODES\CSI-QA-testing\node_modules\playwright\lib\worker\workerMain.js:165:20)
    at WorkerMain.runTestGroup (D:\CODES\CSI-QA-testing\node_modules\playwright\lib\worker\workerMain.js:179:7)
    at process.<anonymous> (D:\CODES\CSI-QA-testing\node_modules\playwright\lib\common\process.js:73:22) {
  code: 14,
  details: 'No connection established. Last error: Error: connect ECONNREFUSED 127.0.0.1:5400. Resolution note: ',
  metadata: Metadata {
    internalRepr: Map(0) {},
    opaqueData: Map(0) {},
    options: {}
  }
}
2026-05-05 10:29:26 - [34mdebug[39m: requireModuleV3 :: module - playwright/lib/transform/transform.js, package - playwright
2026-05-05 10:29:26 - [34mdebug[39m: Resolved from resolveModuleV3 :: Path - D:\CODES\CSI-QA-testing\node_modules\playwright\lib\transform\transform.js
2026-05-05 10:29:26 - [34mdebug[39m: Local set to true. Adding browserstack.local: true and browserstack.localIdentifier: 5_May_1027_DESKTOP-B1PF2KP_dlxa to capabilities.
2026-05-05 10:29:26 - [34mdebug[39m: requireModuleV3 :: module - playwright/lib/runner/projectUtils.js, package - playwright
2026-05-05 10:29:26 - [34mdebug[39m: Resolved from resolveModuleV3 :: Path - D:\CODES\CSI-QA-testing\node_modules\playwright\lib\runner\projectUtils.js
[35msilly[39m: [2026-05-05T16:29:26.332Z][ TEST REPORTING AND ANALYTICS ] Test Started with unique id chrome-latest:Windows 11-browserstack2-b13ca825f9323cbb0c52-1e6a9536af449e200eb6
2026-05-05 10:29:26 - [34mdebug[39m: Searching for key: path
[35msilly[39m: [2026-05-05T16:29:26.333Z][ TEST REPORTING AND ANALYTICS ] Processing event - 'TestRunStarted' 9ac0a8f2-1e45-4c21-b91e-f5fdf50cd2c7
[35msilly[39m: [2026-05-05T16:29:26.335Z][ TEST REPORTING AND ANALYTICS ] Started :: beforeWorkerHook, PID - 12616, Argument - 2
[35msilly[39m: [2026-05-05T16:29:26.335Z][ TEST REPORTING AND ANALYTICS ] Hook Started with unique id beforeEach hook for chrome-latest:Windows 11-browserstack2-b13ca825f9323cbb0c52-1e6a9536af449e200eb6 is triggered for test b13ca825f9323cbb0c52-1e6a9536af449e200eb6-0
[35msilly[39m: [2026-05-05T16:29:26.335Z][ TEST REPORTING AND ANALYTICS ] Processing event - 'HookRunStarted' 1582961b-2229-4773-9bcf-3dbbeb19bbe7
2026-05-05 10:29:26 - [34mdebug[39m: requireModuleV3 :: module - @playwright\test\node_modules\playwright-core, package - @playwright/test
2026-05-05 10:29:26 - [34mdebug[39m: requireModuleV2 :: module - @playwright\test\node_modules\playwright-core, package - @playwright/test
2026-05-05 10:29:26 - [34mdebug[39m: Getting @playwright\test\node_modules\playwright-core from D:\CODES\CSI-QA-testing
2026-05-05 10:29:26 - [34mdebug[39m: @playwright\test\node_modules\playwright-core doesn't exist at D:\CODES\CSI-QA-testing
2026-05-05 10:29:26 - [34mdebug[39m: Getting @playwright\test\node_modules\playwright-core from null
2026-05-05 10:29:26 - [34mdebug[39m: requireModuleV3 :: module - playwright\node_modules\playwright-core, package - playwright
2026-05-05 10:29:26 - [34mdebug[39m: requireModuleV2 :: module - playwright\node_modules\playwright-core, package - playwright
2026-05-05 10:29:26 - [34mdebug[39m: Getting playwright\node_modules\playwright-core from D:\CODES\CSI-QA-testing
2026-05-05 10:29:26 - [34mdebug[39m: playwright\node_modules\playwright-core doesn't exist at D:\CODES\CSI-QA-testing
2026-05-05 10:29:26 - [34mdebug[39m: Getting playwright\node_modules\playwright-core from null
2026-05-05 10:29:26 - [34mdebug[39m: requireModuleV2 :: module - playwright-core, package - null
2026-05-05 10:29:26 - [34mdebug[39m: Resolved path for playwright-core is D:\CODES\CSI-QA-testing\node_modules\playwright-core
2026-05-05 10:29:26 - [34mdebug[39m: requireModuleV2 :: module - D:\CODES\CSI-QA-testing\node_modules\playwright-core\lib\client\browserType.js, package - null
2026-05-05 10:29:26 - [34mdebug[39m: requireModuleV3 :: module - @playwright\test\node_modules\playwright-core, package - @playwright/test
2026-05-05 10:29:26 - [34mdebug[39m: requireModuleV2 :: module - @playwright\test\node_modules\playwright-core, package - @playwright/test
2026-05-05 10:29:26 - [34mdebug[39m: Getting @playwright\test\node_modules\playwright-core from D:\CODES\CSI-QA-testing
2026-05-05 10:29:26 - [34mdebug[39m: @playwright\test\node_modules\playwright-core doesn't exist at D:\CODES\CSI-QA-testing
2026-05-05 10:29:26 - [34mdebug[39m: Getting @playwright\test\node_modules\playwright-core from null
2026-05-05 10:29:26 - [34mdebug[39m: requireModuleV3 :: module - playwright\node_modules\playwright-core, package - playwright
2026-05-05 10:29:26 - [34mdebug[39m: requireModuleV2 :: module - playwright\node_modules\playwright-core, package - playwright
2026-05-05 10:29:26 - [34mdebug[39m: Getting playwright\node_modules\playwright-core from D:\CODES\CSI-QA-testing
2026-05-05 10:29:26 - [34mdebug[39m: playwright\node_modules\playwright-core doesn't exist at D:\CODES\CSI-QA-testing
2026-05-05 10:29:26 - [34mdebug[39m: Getting playwright\node_modules\playwright-core from null
2026-05-05 10:29:26 - [34mdebug[39m: requireModuleV2 :: module - playwright-core, package - null
2026-05-05 10:29:26 - [34mdebug[39m: Resolved path for playwright-core is D:\CODES\CSI-QA-testing\node_modules\playwright-core
2026-05-05 10:29:26 - [34mdebug[39m: requireModuleV2 :: module - D:\CODES\CSI-QA-testing\node_modules\playwright-core\lib\client\browserContext.js, package - null
2026-05-05 10:29:26 - [34mdebug[39m: requireModuleV3 :: module - @playwright\test\node_modules\playwright-core, package - @playwright/test
2026-05-05 10:29:26 - [34mdebug[39m: requireModuleV2 :: module - @playwright\test\node_modules\playwright-core, package - @playwright/test
2026-05-05 10:29:26 - [34mdebug[39m: Getting @playwright\test\node_modules\playwright-core from D:\CODES\CSI-QA-testing
2026-05-05 10:29:26 - [34mdebug[39m: @playwright\test\node_modules\playwright-core doesn't exist at D:\CODES\CSI-QA-testing
2026-05-05 10:29:26 - [34mdebug[39m: Getting @playwright\test\node_modules\playwright-core from null
2026-05-05 10:29:26 - [34mdebug[39m: requireModuleV3 :: module - playwright\node_modules\playwright-core, package - playwright
2026-05-05 10:29:26 - [34mdebug[39m: requireModuleV2 :: module - playwright\node_modules\playwright-core, package - playwright
2026-05-05 10:29:26 - [34mdebug[39m: Getting playwright\node_modules\playwright-core from D:\CODES\CSI-QA-testing
2026-05-05 10:29:26 - [34mdebug[39m: playwright\node_modules\playwright-core doesn't exist at D:\CODES\CSI-QA-testing
2026-05-05 10:29:26 - [34mdebug[39m: Getting playwright\node_modules\playwright-core from null
2026-05-05 10:29:26 - [34mdebug[39m: requireModuleV2 :: module - playwright-core, package - null
2026-05-05 10:29:26 - [34mdebug[39m: Resolved path for playwright-core is D:\CODES\CSI-QA-testing\node_modules\playwright-core
2026-05-05 10:29:26 - [34mdebug[39m: requireModuleV2 :: module - D:\CODES\CSI-QA-testing\node_modules\playwright-core\lib\client\android.js, package - null
2026-05-05 10:29:26 - [34mdebug[39m: requireModuleV3 :: module - @playwright\test\node_modules\playwright-core, package - @playwright/test
2026-05-05 10:29:26 - [34mdebug[39m: requireModuleV2 :: module - @playwright\test\node_modules\playwright-core, package - @playwright/test
2026-05-05 10:29:26 - [34mdebug[39m: Getting @playwright\test\node_modules\playwright-core from D:\CODES\CSI-QA-testing
2026-05-05 10:29:26 - [34mdebug[39m: @playwright\test\node_modules\playwright-core doesn't exist at D:\CODES\CSI-QA-testing
2026-05-05 10:29:26 - [34mdebug[39m: Getting @playwright\test\node_modules\playwright-core from null
2026-05-05 10:29:26 - [34mdebug[39m: requireModuleV3 :: module - playwright\node_modules\playwright-core, package - playwright
2026-05-05 10:29:26 - [34mdebug[39m: requireModuleV2 :: module - playwright\node_modules\playwright-core, package - playwright
2026-05-05 10:29:26 - [34mdebug[39m: Getting playwright\node_modules\playwright-core from D:\CODES\CSI-QA-testing
2026-05-05 10:29:26 - [34mdebug[39m: playwright\node_modules\playwright-core doesn't exist at D:\CODES\CSI-QA-testing
2026-05-05 10:29:26 - [34mdebug[39m: Getting playwright\node_modules\playwright-core from null
2026-05-05 10:29:26 - [34mdebug[39m: requireModuleV2 :: module - playwright-core, package - null
2026-05-05 10:29:26 - [34mdebug[39m: Resolved path for playwright-core is D:\CODES\CSI-QA-testing\node_modules\playwright-core
2026-05-05 10:29:26 - [34mdebug[39m: requireModuleV2 :: module - D:\CODES\CSI-QA-testing\node_modules\playwright-core\lib\client\page.js, package - null
2026-05-05 10:29:26 - [34mdebug[39m: requireModuleV3 :: module - @playwright\test\node_modules\playwright-core, package - @playwright/test
2026-05-05 10:29:26 - [34mdebug[39m: requireModuleV2 :: module - @playwright\test\node_modules\playwright-core, package - @playwright/test
2026-05-05 10:29:26 - [34mdebug[39m: Getting @playwright\test\node_modules\playwright-core from D:\CODES\CSI-QA-testing
2026-05-05 10:29:26 - [34mdebug[39m: @playwright\test\node_modules\playwright-core doesn't exist at D:\CODES\CSI-QA-testing
2026-05-05 10:29:26 - [34mdebug[39m: Getting @playwright\test\node_modules\playwright-core from null
2026-05-05 10:29:26 - [34mdebug[39m: requireModuleV3 :: module - playwright\node_modules\playwright-core, package - playwright
2026-05-05 10:29:26 - [34mdebug[39m: requireModuleV2 :: module - playwright\node_modules\playwright-core, package - playwright
2026-05-05 10:29:26 - [34mdebug[39m: Getting playwright\node_modules\playwright-core from D:\CODES\CSI-QA-testing
2026-05-05 10:29:26 - [34mdebug[39m: playwright\node_modules\playwright-core doesn't exist at D:\CODES\CSI-QA-testing
2026-05-05 10:29:26 - [34mdebug[39m: Getting playwright\node_modules\playwright-core from null
2026-05-05 10:29:26 - [34mdebug[39m: requireModuleV2 :: module - playwright-core, package - null
2026-05-05 10:29:26 - [34mdebug[39m: Resolved path for playwright-core is D:\CODES\CSI-QA-testing\node_modules\playwright-core
2026-05-05 10:29:26 - [34mdebug[39m: requireModuleV2 :: module - D:\CODES\CSI-QA-testing\node_modules\playwright-core\lib\client\page.js, package - null
[35msilly[39m: [2026-05-05T16:29:26.352Z][ TEST REPORTING AND ANALYTICS ] Finished :: beforeWorkerHook, PID - 12616, Argument - 2
[34mdebug[39m: [2026-05-05T16:29:26.352Z][ TEST REPORTING AND ANALYTICS ] Worker Hook started, PID 12616
[34mdebug[39m: [2026-05-05T16:29:26.361Z][ TEST REPORTING AND ANALYTICS ] Test Hook started, PID 12616
[35msilly[39m: [2026-05-05T16:29:26.362Z][ TEST REPORTING AND ANALYTICS ] Started :: beforeTestHook, PID - 12616, Argument - Create a phishing test from template
[35msilly[39m: [2026-05-05T16:29:26.362Z][ TEST REPORTING AND ANALYTICS ] Sending session details at beforeTestHook
[35msilly[39m: [2026-05-05T16:29:26.363Z][ TEST REPORTING AND ANALYTICS ] Finished :: beforeTestHook, PID - 12616, Argument - Create a phishing test from template
2026-05-05 10:29:26 - [34mdebug[39m: [Accessibility] Initialized for test: autoScanning=true, bstackA11yShouldScan=true
2026-05-05 10:29:26 - [34mdebug[39m: Processed accessibility caps false {"useW3C":false,"browserstack.user":"[REDACTED]","browserstack.key":"[REDACTED]","browserstack.local":true,"browserstack.localIdentifier":"5_May_1027_DESKTOP-B1PF2KP_dlxa","browserstack.buildIdentifier":"#25","build":"Avotech-Regression-TestSuite","browserstack.video":true,"interactiveDebugging":true,"os":"Windows","os_version":"11","browserName":"chrome","browser_version":"latest","browserstack.browserstackSDK":"playwright-nodeagent/1.52.2","browserstack.hostName":"DESKTOP-B1PF2KP","browserstack.buildProductMap":{"observability":true,"accessibility":false,"percy":false,"automate":true,"app_automate":false,"lts":false,"central_scanner":false,"lcnc":false},"browserstack.testhubBuildUuid":"1gdastcn8kq9sxsko6uvecgoi3hmpl1o1ghvf2we"}
[35msilly[39m: [2026-05-05T16:29:26.382Z][ TEST REPORTING AND ANALYTICS ] Processing events. Queue Length - 2
[34mdebug[39m: [2026-05-05T16:29:26.383Z][ TEST REPORTING AND ANALYTICS ] Processing batch events for Interval-Queue. Request Size - 2089 bytes. Events are 'TestRunStarted':9ac0a8f2-1e45-4c21-b91e-f5fdf50cd2c7,'HookRunStarted':1582961b-2229-4773-9bcf-3dbbeb19bbe7
2026-05-05 10:29:26 - [34mdebug[39m: Sending request to https://collector-observability.browserstack.com/api/v1/batch
2026-05-05 10:29:26 - [34mdebug[39m: Response from https://collector-observability.browserstack.com/api/v1/batch: 200 OK
[34mdebug[39m: [2026-05-05T16:29:26.786Z][ TEST REPORTING AND ANALYTICS ] Interval-Queue event successful for events 'TestRunStarted':9ac0a8f2-1e45-4c21-b91e-f5fdf50cd2c7,'HookRunStarted':1582961b-2229-4773-9bcf-3dbbeb19bbe7 -- {"success":true}
[35msilly[39m: [2026-05-05T16:29:26.787Z][ TEST REPORTING AND ANALYTICS ] Remaining Queue Length - 0
[34mdebug[39m: [2026-05-05T16:29:32.908Z][ TEST REPORTING AND ANALYTICS ] Setting platform details received from BS: [object Object]
[34mdebug[39m: [2026-05-05T16:29:32.908Z][ TEST REPORTING AND ANALYTICS ] Setting session id received from BS be2a6b3e6d300f0e0ca2a7ffe727d85f56a65015
2026-05-05 10:29:32 - [34mdebug[39m: Device Model is not available
[35msilly[39m: [2026-05-05T16:29:32.913Z][ TEST REPORTING AND ANALYTICS ] Sending session details at connect
[34mdebug[39m: [2026-05-05T16:29:32.916Z][ TEST REPORTING AND ANALYTICS ] Sending session details for chrome-latest:Windows 11-browserstack2-b13ca825f9323cbb0c52-1e6a9536af449e200eb6-0, {
  browserstack: {
    browser: 'chrome',
    browser_version: '147.0.7727.56',
    capabilities: {},
    platform: 'Windows',
    platform_version: '11',
    product: 'automate',
    session_id: 'be2a6b3e6d300f0e0ca2a7ffe727d85f56a65015'
  }
}
[35msilly[39m: [2026-05-05T16:29:32.917Z][ TEST REPORTING AND ANALYTICS ] Processing event - 'CBTSessionCreated' aef8e1a8-fff5-4eca-ab3e-144522aee86c
2026-05-05 10:29:32 - [34mdebug[39m: Device Model is not available
[35msilly[39m: [2026-05-05T16:29:32.920Z][ TEST REPORTING AND ANALYTICS ] Sending session details at browser fixture
[34mdebug[39m: [2026-05-05T16:29:32.920Z][ TEST REPORTING AND ANALYTICS ] Sending session details for chrome-latest:Windows 11-browserstack2-b13ca825f9323cbb0c52-1e6a9536af449e200eb6-0, {
  browserstack: {
    browser: 'chrome',
    browser_version: '147.0.7727.56',
    capabilities: {},
    platform: 'Windows',
    platform_version: '11',
    product: 'automate',
    session_id: 'be2a6b3e6d300f0e0ca2a7ffe727d85f56a65015'
  }
}
[35msilly[39m: [2026-05-05T16:29:32.920Z][ TEST REPORTING AND ANALYTICS ] Processing event - 'CBTSessionCreated' aef8e1a8-fff5-4eca-ab3e-144522aee86c
[35msilly[39m: [2026-05-05T16:29:34.930Z][ TEST REPORTING AND ANALYTICS ] Processing events. Queue Length - 2
[34mdebug[39m: [2026-05-05T16:29:34.930Z][ TEST REPORTING AND ANALYTICS ] Processing batch events for Interval-Queue. Request Size - 643 bytes. Events are 'CBTSessionCreated':aef8e1a8-fff5-4eca-ab3e-144522aee86c,'CBTSessionCreated':aef8e1a8-fff5-4eca-ab3e-144522aee86c
2026-05-05 10:29:34 - [34mdebug[39m: Sending request to https://collector-observability.browserstack.com/api/v1/batch
[35msilly[39m: [2026-05-05T16:29:36.762Z][ TEST REPORTING AND ANALYTICS ] Processing event - 'LogCreated' undefined
2026-05-05 10:29:36 - [34mdebug[39m: Response from https://collector-observability.browserstack.com/api/v1/batch: 200 OK
[34mdebug[39m: [2026-05-05T16:29:36.769Z][ TEST REPORTING AND ANALYTICS ] Interval-Queue event successful for events 'CBTSessionCreated':aef8e1a8-fff5-4eca-ab3e-144522aee86c,'CBTSessionCreated':aef8e1a8-fff5-4eca-ab3e-144522aee86c -- {"success":true}
[35msilly[39m: [2026-05-05T16:29:36.770Z][ TEST REPORTING AND ANALYTICS ] Remaining Queue Length - 1
[35msilly[39m: [2026-05-05T16:29:36.936Z][ TEST REPORTING AND ANALYTICS ] Processing events. Queue Length - 1
[34mdebug[39m: [2026-05-05T16:29:36.937Z][ TEST REPORTING AND ANALYTICS ] Processing batch events for Interval-Queue. Request Size - 1416 bytes. Events are 'LogCreated':undefined
2026-05-05 10:29:36 - [34mdebug[39m: Sending request to https://collector-observability.browserstack.com/api/v1/batch
[35msilly[39m: [2026-05-05T16:29:37.323Z][ TEST REPORTING AND ANALYTICS ] Processing event - 'LogCreated' undefined
2026-05-05 10:29:37 - [34mdebug[39m: Response from https://collector-observability.browserstack.com/api/v1/batch: 200 OK
[34mdebug[39m: [2026-05-05T16:29:37.327Z][ TEST REPORTING AND ANALYTICS ] Interval-Queue event successful for events 'LogCreated':undefined -- {"success":true}
[35msilly[39m: [2026-05-05T16:29:37.328Z][ TEST REPORTING AND ANALYTICS ] Remaining Queue Length - 1
[35msilly[39m: [2026-05-05T16:29:38.952Z][ TEST REPORTING AND ANALYTICS ] Processing events. Queue Length - 1
[34mdebug[39m: [2026-05-05T16:29:38.952Z][ TEST REPORTING AND ANALYTICS ] Processing batch events for Interval-Queue. Request Size - 1416 bytes. Events are 'LogCreated':undefined
2026-05-05 10:29:38 - [34mdebug[39m: Sending request to https://collector-observability.browserstack.com/api/v1/batch
[35msilly[39m: [2026-05-05T16:29:39.335Z][ TEST REPORTING AND ANALYTICS ] Processing event - 'LogCreated' undefined
2026-05-05 10:29:39 - [34mdebug[39m: Response from https://collector-observability.browserstack.com/api/v1/batch: 200 OK
[34mdebug[39m: [2026-05-05T16:29:39.336Z][ TEST REPORTING AND ANALYTICS ] Interval-Queue event successful for events 'LogCreated':undefined -- {"success":true}
[35msilly[39m: [2026-05-05T16:29:39.336Z][ TEST REPORTING AND ANALYTICS ] Remaining Queue Length - 1
[35msilly[39m: [2026-05-05T16:29:40.951Z][ TEST REPORTING AND ANALYTICS ] Processing events. Queue Length - 1
[34mdebug[39m: [2026-05-05T16:29:40.952Z][ TEST REPORTING AND ANALYTICS ] Processing batch events for Interval-Queue. Request Size - 1416 bytes. Events are 'LogCreated':undefined
2026-05-05 10:29:40 - [34mdebug[39m: Sending request to https://collector-observability.browserstack.com/api/v1/batch
[35msilly[39m: [2026-05-05T16:29:41.357Z][ TEST REPORTING AND ANALYTICS ] Processing event - 'LogCreated' undefined
2026-05-05 10:29:41 - [34mdebug[39m: Response from https://collector-observability.browserstack.com/api/v1/batch: 200 OK
[34mdebug[39m: [2026-05-05T16:29:41.358Z][ TEST REPORTING AND ANALYTICS ] Interval-Queue event successful for events 'LogCreated':undefined -- {"success":true}
[35msilly[39m: [2026-05-05T16:29:41.358Z][ TEST REPORTING AND ANALYTICS ] Remaining Queue Length - 1
[35msilly[39m: [2026-05-05T16:29:42.966Z][ TEST REPORTING AND ANALYTICS ] Processing events. Queue Length - 1
[34mdebug[39m: [2026-05-05T16:29:42.967Z][ TEST REPORTING AND ANALYTICS ] Processing batch events for Interval-Queue. Request Size - 1416 bytes. Events are 'LogCreated':undefined
2026-05-05 10:29:42 - [34mdebug[39m: Sending request to https://collector-observability.browserstack.com/api/v1/batch
[35msilly[39m: [2026-05-05T16:29:43.348Z][ TEST REPORTING AND ANALYTICS ] Processing event - 'LogCreated' undefined
2026-05-05 10:29:43 - [34mdebug[39m: Response from https://collector-observability.browserstack.com/api/v1/batch: 200 OK
[34mdebug[39m: [2026-05-05T16:29:43.349Z][ TEST REPORTING AND ANALYTICS ] Interval-Queue event successful for events 'LogCreated':undefined -- {"success":true}
[35msilly[39m: [2026-05-05T16:29:43.349Z][ TEST REPORTING AND ANALYTICS ] Remaining Queue Length - 1
[35msilly[39m: [2026-05-05T16:29:44.976Z][ TEST REPORTING AND ANALYTICS ] Processing events. Queue Length - 1
[34mdebug[39m: [2026-05-05T16:29:44.976Z][ TEST REPORTING AND ANALYTICS ] Processing batch events for Interval-Queue. Request Size - 1416 bytes. Events are 'LogCreated':undefined
2026-05-05 10:29:44 - [34mdebug[39m: Sending request to https://collector-observability.browserstack.com/api/v1/batch
[35msilly[39m: [2026-05-05T16:29:45.381Z][ TEST REPORTING AND ANALYTICS ] Processing event - 'LogCreated' undefined
2026-05-05 10:29:45 - [34mdebug[39m: Response from https://collector-observability.browserstack.com/api/v1/batch: 200 OK
[34mdebug[39m: [2026-05-05T16:29:45.382Z][ TEST REPORTING AND ANALYTICS ] Interval-Queue event successful for events 'LogCreated':undefined -- {"success":true}
[35msilly[39m: [2026-05-05T16:29:45.383Z][ TEST REPORTING AND ANALYTICS ] Remaining Queue Length - 1
[35msilly[39m: [2026-05-05T16:29:46.986Z][ TEST REPORTING AND ANALYTICS ] Processing events. Queue Length - 1
[34mdebug[39m: [2026-05-05T16:29:46.986Z][ TEST REPORTING AND ANALYTICS ] Processing batch events for Interval-Queue. Request Size - 1416 bytes. Events are 'LogCreated':undefined
2026-05-05 10:29:46 - [34mdebug[39m: Sending request to https://collector-observability.browserstack.com/api/v1/batch
[35msilly[39m: [2026-05-05T16:29:47.362Z][ TEST REPORTING AND ANALYTICS ] Processing event - 'LogCreated' undefined
2026-05-05 10:29:47 - [34mdebug[39m: Response from https://collector-observability.browserstack.com/api/v1/batch: 200 OK
[34mdebug[39m: [2026-05-05T16:29:47.362Z][ TEST REPORTING AND ANALYTICS ] Interval-Queue event successful for events 'LogCreated':undefined -- {"success":true}
[35msilly[39m: [2026-05-05T16:29:47.363Z][ TEST REPORTING AND ANALYTICS ] Remaining Queue Length - 1
[35msilly[39m: [2026-05-05T16:29:48.986Z][ TEST REPORTING AND ANALYTICS ] Processing events. Queue Length - 1
[34mdebug[39m: [2026-05-05T16:29:48.986Z][ TEST REPORTING AND ANALYTICS ] Processing batch events for Interval-Queue. Request Size - 1416 bytes. Events are 'LogCreated':undefined
2026-05-05 10:29:48 - [34mdebug[39m: Sending request to https://collector-observability.browserstack.com/api/v1/batch
[35msilly[39m: [2026-05-05T16:29:49.381Z][ TEST REPORTING AND ANALYTICS ] Processing event - 'LogCreated' undefined
2026-05-05 10:29:49 - [34mdebug[39m: Response from https://collector-observability.browserstack.com/api/v1/batch: 200 OK
[34mdebug[39m: [2026-05-05T16:29:49.382Z][ TEST REPORTING AND ANALYTICS ] Interval-Queue event successful for events 'LogCreated':undefined -- {"success":true}
[35msilly[39m: [2026-05-05T16:29:49.382Z][ TEST REPORTING AND ANALYTICS ] Remaining Queue Length - 1
[35msilly[39m: [2026-05-05T16:29:50.995Z][ TEST REPORTING AND ANALYTICS ] Processing events. Queue Length - 1
[34mdebug[39m: [2026-05-05T16:29:50.995Z][ TEST REPORTING AND ANALYTICS ] Processing batch events for Interval-Queue. Request Size - 1416 bytes. Events are 'LogCreated':undefined
2026-05-05 10:29:50 - [34mdebug[39m: Sending request to https://collector-observability.browserstack.com/api/v1/batch
[35msilly[39m: [2026-05-05T16:29:51.446Z][ TEST REPORTING AND ANALYTICS ] Processing event - 'LogCreated' undefined
2026-05-05 10:29:51 - [34mdebug[39m: Response from https://collector-observability.browserstack.com/api/v1/batch: 200 OK
[34mdebug[39m: [2026-05-05T16:29:51.448Z][ TEST REPORTING AND ANALYTICS ] Interval-Queue event successful for events 'LogCreated':undefined -- {"success":true}
[35msilly[39m: [2026-05-05T16:29:51.448Z][ TEST REPORTING AND ANALYTICS ] Remaining Queue Length - 1
[35msilly[39m: [2026-05-05T16:29:52.996Z][ TEST REPORTING AND ANALYTICS ] Processing events. Queue Length - 1
[34mdebug[39m: [2026-05-05T16:29:52.996Z][ TEST REPORTING AND ANALYTICS ] Processing batch events for Interval-Queue. Request Size - 1416 bytes. Events are 'LogCreated':undefined
2026-05-05 10:29:52 - [34mdebug[39m: Sending request to https://collector-observability.browserstack.com/api/v1/batch
[35msilly[39m: [2026-05-05T16:29:53.394Z][ TEST REPORTING AND ANALYTICS ] Processing event - 'LogCreated' undefined
2026-05-05 10:29:53 - [34mdebug[39m: Response from https://collector-observability.browserstack.com/api/v1/batch: 200 OK
[34mdebug[39m: [2026-05-05T16:29:53.398Z][ TEST REPORTING AND ANALYTICS ] Interval-Queue event successful for events 'LogCreated':undefined -- {"success":true}
[35msilly[39m: [2026-05-05T16:29:53.398Z][ TEST REPORTING AND ANALYTICS ] Remaining Queue Length - 1
[35msilly[39m: [2026-05-05T16:29:55.006Z][ TEST REPORTING AND ANALYTICS ] Processing events. Queue Length - 1
[34mdebug[39m: [2026-05-05T16:29:55.006Z][ TEST REPORTING AND ANALYTICS ] Processing batch events for Interval-Queue. Request Size - 1416 bytes. Events are 'LogCreated':undefined
2026-05-05 10:29:55 - [34mdebug[39m: Sending request to https://collector-observability.browserstack.com/api/v1/batch
[35msilly[39m: [2026-05-05T16:29:55.042Z][ TEST REPORTING AND ANALYTICS ] Hook Finished with unique id beforeEach hook for chrome-latest:Windows 11-browserstack2-b13ca825f9323cbb0c52-1e6a9536af449e200eb6 is triggered
[35msilly[39m: [2026-05-05T16:29:55.043Z][ TEST REPORTING AND ANALYTICS ] Processing event - 'LogCreated' undefined
[35msilly[39m: [2026-05-05T16:29:55.043Z][ TEST REPORTING AND ANALYTICS ] Processing event - 'HookRunFinished' 1582961b-2229-4773-9bcf-3dbbeb19bbe7
[35msilly[39m: [2026-05-05T16:29:55.382Z][ TEST REPORTING AND ANALYTICS ] Processing event - 'LogCreated' undefined
2026-05-05 10:29:55 - [34mdebug[39m: Response from https://collector-observability.browserstack.com/api/v1/batch: 200 OK
[34mdebug[39m: [2026-05-05T16:29:55.383Z][ TEST REPORTING AND ANALYTICS ] Interval-Queue event successful for events 'LogCreated':undefined -- {"success":true}
[35msilly[39m: [2026-05-05T16:29:55.383Z][ TEST REPORTING AND ANALYTICS ] Remaining Queue Length - 1
[35msilly[39m: [2026-05-05T16:29:56.546Z][ TEST REPORTING AND ANALYTICS ] Processing events. Queue Length - 2
[34mdebug[39m: [2026-05-05T16:29:56.547Z][ TEST REPORTING AND ANALYTICS ] Processing batch events for Interval-Queue. Request Size - 5631 bytes. Events are 'LogCreated':undefined,'HookRunFinished':1582961b-2229-4773-9bcf-3dbbeb19bbe7
2026-05-05 10:29:56 - [34mdebug[39m: Sending request to https://collector-observability.browserstack.com/api/v1/batch
[35msilly[39m: [2026-05-05T16:29:57.006Z][ TEST REPORTING AND ANALYTICS ] Processing events. Queue Length - 1
[34mdebug[39m: [2026-05-05T16:29:57.007Z][ TEST REPORTING AND ANALYTICS ] Processing batch events for Interval-Queue. Request Size - 1416 bytes. Events are 'LogCreated':undefined
2026-05-05 10:29:57 - [34mdebug[39m: Sending request to https://collector-observability.browserstack.com/api/v1/batch
2026-05-05 10:29:57 - [34mdebug[39m: Response from https://collector-observability.browserstack.com/api/v1/batch: 200 OK
[34mdebug[39m: [2026-05-05T16:29:57.125Z][ TEST REPORTING AND ANALYTICS ] Interval-Queue event successful for events 'LogCreated':undefined,'HookRunFinished':1582961b-2229-4773-9bcf-3dbbeb19bbe7 -- {"success":true}
[35msilly[39m: [2026-05-05T16:29:57.126Z][ TEST REPORTING AND ANALYTICS ] Remaining Queue Length - 0
[35msilly[39m: [2026-05-05T16:29:57.402Z][ TEST REPORTING AND ANALYTICS ] Processing event - 'LogCreated' undefined
2026-05-05 10:29:57 - [34mdebug[39m: Response from https://collector-observability.browserstack.com/api/v1/batch: 200 OK
[34mdebug[39m: [2026-05-05T16:29:57.403Z][ TEST REPORTING AND ANALYTICS ] Interval-Queue event successful for events 'LogCreated':undefined -- {"success":true}
[35msilly[39m: [2026-05-05T16:29:57.403Z][ TEST REPORTING AND ANALYTICS ] Remaining Queue Length - 1
[35msilly[39m: [2026-05-05T16:29:59.015Z][ TEST REPORTING AND ANALYTICS ] Processing events. Queue Length - 1
[34mdebug[39m: [2026-05-05T16:29:59.016Z][ TEST REPORTING AND ANALYTICS ] Processing batch events for Interval-Queue. Request Size - 1416 bytes. Events are 'LogCreated':undefined
2026-05-05 10:29:59 - [34mdebug[39m: Sending request to https://collector-observability.browserstack.com/api/v1/batch
[35msilly[39m: [2026-05-05T16:29:59.394Z][ TEST REPORTING AND ANALYTICS ] Processing event - 'LogCreated' undefined
2026-05-05 10:29:59 - [34mdebug[39m: Response from https://collector-observability.browserstack.com/api/v1/batch: 200 OK
[34mdebug[39m: [2026-05-05T16:29:59.395Z][ TEST REPORTING AND ANALYTICS ] Interval-Queue event successful for events 'LogCreated':undefined -- {"success":true}
[35msilly[39m: [2026-05-05T16:29:59.395Z][ TEST REPORTING AND ANALYTICS ] Remaining Queue Length - 1
[35msilly[39m: [2026-05-05T16:30:01.020Z][ TEST REPORTING AND ANALYTICS ] Processing events. Queue Length - 1
[34mdebug[39m: [2026-05-05T16:30:01.020Z][ TEST REPORTING AND ANALYTICS ] Processing batch events for Interval-Queue. Request Size - 1416 bytes. Events are 'LogCreated':undefined
2026-05-05 10:30:01 - [34mdebug[39m: Sending request to https://collector-observability.browserstack.com/api/v1/batch
[35msilly[39m: [2026-05-05T16:30:01.401Z][ TEST REPORTING AND ANALYTICS ] Processing event - 'LogCreated' undefined
2026-05-05 10:30:01 - [34mdebug[39m: Response from https://collector-observability.browserstack.com/api/v1/batch: 200 OK
[34mdebug[39m: [2026-05-05T16:30:01.403Z][ TEST REPORTING AND ANALYTICS ] Interval-Queue event successful for events 'LogCreated':undefined -- {"success":true}
[35msilly[39m: [2026-05-05T16:30:01.403Z][ TEST REPORTING AND ANALYTICS ] Remaining Queue Length - 1
[35msilly[39m: [2026-05-05T16:30:03.031Z][ TEST REPORTING AND ANALYTICS ] Processing events. Queue Length - 1
[34mdebug[39m: [2026-05-05T16:30:03.032Z][ TEST REPORTING AND ANALYTICS ] Processing batch events for Interval-Queue. Request Size - 1416 bytes. Events are 'LogCreated':undefined
2026-05-05 10:30:03 - [34mdebug[39m: Sending request to https://collector-observability.browserstack.com/api/v1/batch
[35msilly[39m: [2026-05-05T16:30:03.407Z][ TEST REPORTING AND ANALYTICS ] Processing event - 'LogCreated' undefined
2026-05-05 10:30:03 - [34mdebug[39m: Response from https://collector-observability.browserstack.com/api/v1/batch: 200 OK
[34mdebug[39m: [2026-05-05T16:30:03.408Z][ TEST REPORTING AND ANALYTICS ] Interval-Queue event successful for events 'LogCreated':undefined -- {"success":true}
[35msilly[39m: [2026-05-05T16:30:03.408Z][ TEST REPORTING AND ANALYTICS ] Remaining Queue Length - 1
[35msilly[39m: [2026-05-05T16:30:05.046Z][ TEST REPORTING AND ANALYTICS ] Processing events. Queue Length - 1
[34mdebug[39m: [2026-05-05T16:30:05.046Z][ TEST REPORTING AND ANALYTICS ] Processing batch events for Interval-Queue. Request Size - 1416 bytes. Events are 'LogCreated':undefined
2026-05-05 10:30:05 - [34mdebug[39m: Sending request to https://collector-observability.browserstack.com/api/v1/batch
[35msilly[39m: [2026-05-05T16:30:05.464Z][ TEST REPORTING AND ANALYTICS ] Processing event - 'LogCreated' undefined
2026-05-05 10:30:05 - [34mdebug[39m: Response from https://collector-observability.browserstack.com/api/v1/batch: 200 OK
[34mdebug[39m: [2026-05-05T16:30:05.465Z][ TEST REPORTING AND ANALYTICS ] Interval-Queue event successful for events 'LogCreated':undefined -- {"success":true}
[35msilly[39m: [2026-05-05T16:30:05.465Z][ TEST REPORTING AND ANALYTICS ] Remaining Queue Length - 1
[35msilly[39m: [2026-05-05T16:30:07.046Z][ TEST REPORTING AND ANALYTICS ] Processing events. Queue Length - 1
[34mdebug[39m: [2026-05-05T16:30:07.047Z][ TEST REPORTING AND ANALYTICS ] Processing batch events for Interval-Queue. Request Size - 1416 bytes. Events are 'LogCreated':undefined
2026-05-05 10:30:07 - [34mdebug[39m: Sending request to https://collector-observability.browserstack.com/api/v1/batch
[35msilly[39m: [2026-05-05T16:30:07.429Z][ TEST REPORTING AND ANALYTICS ] Processing event - 'LogCreated' undefined
2026-05-05 10:30:07 - [34mdebug[39m: Response from https://collector-observability.browserstack.com/api/v1/batch: 200 OK
[34mdebug[39m: [2026-05-05T16:30:07.430Z][ TEST REPORTING AND ANALYTICS ] Interval-Queue event successful for events 'LogCreated':undefined -- {"success":true}
[35msilly[39m: [2026-05-05T16:30:07.430Z][ TEST REPORTING AND ANALYTICS ] Remaining Queue Length - 1
[35msilly[39m: [2026-05-05T16:30:09.066Z][ TEST REPORTING AND ANALYTICS ] Processing events. Queue Length - 1
[34mdebug[39m: [2026-05-05T16:30:09.066Z][ TEST REPORTING AND ANALYTICS ] Processing batch events for Interval-Queue. Request Size - 1416 bytes. Events are 'LogCreated':undefined
2026-05-05 10:30:09 - [34mdebug[39m: Sending request to https://collector-observability.browserstack.com/api/v1/batch
[35msilly[39m: [2026-05-05T16:30:09.446Z][ TEST REPORTING AND ANALYTICS ] Processing event - 'LogCreated' undefined
2026-05-05 10:30:09 - [34mdebug[39m: Response from https://collector-observability.browserstack.com/api/v1/batch: 200 OK
[34mdebug[39m: [2026-05-05T16:30:09.447Z][ TEST REPORTING AND ANALYTICS ] Interval-Queue event successful for events 'LogCreated':undefined -- {"success":true}
[35msilly[39m: [2026-05-05T16:30:09.447Z][ TEST REPORTING AND ANALYTICS ] Remaining Queue Length - 1
[35msilly[39m: [2026-05-05T16:30:11.066Z][ TEST REPORTING AND ANALYTICS ] Processing events. Queue Length - 1
[34mdebug[39m: [2026-05-05T16:30:11.066Z][ TEST REPORTING AND ANALYTICS ] Processing batch events for Interval-Queue. Request Size - 1416 bytes. Events are 'LogCreated':undefined
2026-05-05 10:30:11 - [34mdebug[39m: Sending request to https://collector-observability.browserstack.com/api/v1/batch
[35msilly[39m: [2026-05-05T16:30:11.451Z][ TEST REPORTING AND ANALYTICS ] Processing event - 'LogCreated' undefined
2026-05-05 10:30:11 - [34mdebug[39m: Response from https://collector-observability.browserstack.com/api/v1/batch: 200 OK
[34mdebug[39m: [2026-05-05T16:30:11.451Z][ TEST REPORTING AND ANALYTICS ] Interval-Queue event successful for events 'LogCreated':undefined -- {"success":true}
[35msilly[39m: [2026-05-05T16:30:11.451Z][ TEST REPORTING AND ANALYTICS ] Remaining Queue Length - 1
[35msilly[39m: [2026-05-05T16:30:13.074Z][ TEST REPORTING AND ANALYTICS ] Processing events. Queue Length - 1
[34mdebug[39m: [2026-05-05T16:30:13.075Z][ TEST REPORTING AND ANALYTICS ] Processing batch events for Interval-Queue. Request Size - 1416 bytes. Events are 'LogCreated':undefined
2026-05-05 10:30:13 - [34mdebug[39m: Sending request to https://collector-observability.browserstack.com/api/v1/batch
[35msilly[39m: [2026-05-05T16:30:13.459Z][ TEST REPORTING AND ANALYTICS ] Processing event - 'LogCreated' undefined
2026-05-05 10:30:13 - [34mdebug[39m: Response from https://collector-observability.browserstack.com/api/v1/batch: 200 OK
[34mdebug[39m: [2026-05-05T16:30:13.460Z][ TEST REPORTING AND ANALYTICS ] Interval-Queue event successful for events 'LogCreated':undefined -- {"success":true}
[35msilly[39m: [2026-05-05T16:30:13.460Z][ TEST REPORTING AND ANALYTICS ] Remaining Queue Length - 1
[35msilly[39m: [2026-05-05T16:30:15.077Z][ TEST REPORTING AND ANALYTICS ] Processing events. Queue Length - 1
[34mdebug[39m: [2026-05-05T16:30:15.078Z][ TEST REPORTING AND ANALYTICS ] Processing batch events for Interval-Queue. Request Size - 1416 bytes. Events are 'LogCreated':undefined
2026-05-05 10:30:15 - [34mdebug[39m: Sending request to https://collector-observability.browserstack.com/api/v1/batch
[35msilly[39m: [2026-05-05T16:30:15.466Z][ TEST REPORTING AND ANALYTICS ] Processing event - 'LogCreated' undefined
2026-05-05 10:30:15 - [34mdebug[39m: Response from https://collector-observability.browserstack.com/api/v1/batch: 200 OK
[34mdebug[39m: [2026-05-05T16:30:15.470Z][ TEST REPORTING AND ANALYTICS ] Interval-Queue event successful for events 'LogCreated':undefined -- {"success":true}
[35msilly[39m: [2026-05-05T16:30:15.471Z][ TEST REPORTING AND ANALYTICS ] Remaining Queue Length - 1
[35msilly[39m: [2026-05-05T16:30:17.082Z][ TEST REPORTING AND ANALYTICS ] Processing events. Queue Length - 1
[34mdebug[39m: [2026-05-05T16:30:17.082Z][ TEST REPORTING AND ANALYTICS ] Processing batch events for Interval-Queue. Request Size - 1416 bytes. Events are 'LogCreated':undefined
2026-05-05 10:30:17 - [34mdebug[39m: Sending request to https://collector-observability.browserstack.com/api/v1/batch
[35msilly[39m: [2026-05-05T16:30:17.470Z][ TEST REPORTING AND ANALYTICS ] Processing event - 'LogCreated' undefined
2026-05-05 10:30:17 - [34mdebug[39m: Response from https://collector-observability.browserstack.com/api/v1/batch: 200 OK
[34mdebug[39m: [2026-05-05T16:30:17.471Z][ TEST REPORTING AND ANALYTICS ] Interval-Queue event successful for events 'LogCreated':undefined -- {"success":true}
[35msilly[39m: [2026-05-05T16:30:17.471Z][ TEST REPORTING AND ANALYTICS ] Remaining Queue Length - 1
[35msilly[39m: [2026-05-05T16:30:19.081Z][ TEST REPORTING AND ANALYTICS ] Processing events. Queue Length - 1
[34mdebug[39m: [2026-05-05T16:30:19.082Z][ TEST REPORTING AND ANALYTICS ] Processing batch events for Interval-Queue. Request Size - 1416 bytes. Events are 'LogCreated':undefined
2026-05-05 10:30:19 - [34mdebug[39m: Sending request to https://collector-observability.browserstack.com/api/v1/batch
[35msilly[39m: [2026-05-05T16:30:19.470Z][ TEST REPORTING AND ANALYTICS ] Processing event - 'LogCreated' undefined
2026-05-05 10:30:19 - [34mdebug[39m: Response from https://collector-observability.browserstack.com/api/v1/batch: 200 OK
[34mdebug[39m: [2026-05-05T16:30:19.471Z][ TEST REPORTING AND ANALYTICS ] Interval-Queue event successful for events 'LogCreated':undefined -- {"success":true}
[35msilly[39m: [2026-05-05T16:30:19.471Z][ TEST REPORTING AND ANALYTICS ] Remaining Queue Length - 1
[35msilly[39m: [2026-05-05T16:30:21.084Z][ TEST REPORTING AND ANALYTICS ] Processing events. Queue Length - 1
[34mdebug[39m: [2026-05-05T16:30:21.084Z][ TEST REPORTING AND ANALYTICS ] Processing batch events for Interval-Queue. Request Size - 1416 bytes. Events are 'LogCreated':undefined
2026-05-05 10:30:21 - [34mdebug[39m: Sending request to https://collector-observability.browserstack.com/api/v1/batch
[35msilly[39m: [2026-05-05T16:30:21.469Z][ TEST REPORTING AND ANALYTICS ] Processing event - 'LogCreated' undefined
2026-05-05 10:30:21 - [34mdebug[39m: Response from https://collector-observability.browserstack.com/api/v1/batch: 200 OK
[34mdebug[39m: [2026-05-05T16:30:21.470Z][ TEST REPORTING AND ANALYTICS ] Interval-Queue event successful for events 'LogCreated':undefined -- {"success":true}
[35msilly[39m: [2026-05-05T16:30:21.470Z][ TEST REPORTING AND ANALYTICS ] Remaining Queue Length - 1
[35msilly[39m: [2026-05-05T16:30:23.084Z][ TEST REPORTING AND ANALYTICS ] Processing events. Queue Length - 1
[34mdebug[39m: [2026-05-05T16:30:23.084Z][ TEST REPORTING AND ANALYTICS ] Processing batch events for Interval-Queue. Request Size - 1416 bytes. Events are 'LogCreated':undefined
2026-05-05 10:30:23 - [34mdebug[39m: Sending request to https://collector-observability.browserstack.com/api/v1/batch
[35msilly[39m: [2026-05-05T16:30:23.898Z][ TEST REPORTING AND ANALYTICS ] Processing event - 'LogCreated' undefined
2026-05-05 10:30:23 - [34mdebug[39m: Response from https://collector-observability.browserstack.com/api/v1/batch: 200 OK
[34mdebug[39m: [2026-05-05T16:30:23.898Z][ TEST REPORTING AND ANALYTICS ] Interval-Queue event successful for events 'LogCreated':undefined -- {"success":true}
[35msilly[39m: [2026-05-05T16:30:23.898Z][ TEST REPORTING AND ANALYTICS ] Remaining Queue Length - 1
[35msilly[39m: [2026-05-05T16:30:25.092Z][ TEST REPORTING AND ANALYTICS ] Processing events. Queue Length - 1
[34mdebug[39m: [2026-05-05T16:30:25.093Z][ TEST REPORTING AND ANALYTICS ] Processing batch events for Interval-Queue. Request Size - 1416 bytes. Events are 'LogCreated':undefined
2026-05-05 10:30:25 - [34mdebug[39m: Sending request to https://collector-observability.browserstack.com/api/v1/batch
[35msilly[39m: [2026-05-05T16:30:25.500Z][ TEST REPORTING AND ANALYTICS ] Processing event - 'LogCreated' undefined
2026-05-05 10:30:25 - [34mdebug[39m: Response from https://collector-observability.browserstack.com/api/v1/batch: 200 OK
[34mdebug[39m: [2026-05-05T16:30:25.500Z][ TEST REPORTING AND ANALYTICS ] Interval-Queue event successful for events 'LogCreated':undefined -- {"success":true}
[35msilly[39m: [2026-05-05T16:30:25.500Z][ TEST REPORTING AND ANALYTICS ] Remaining Queue Length - 1
[35msilly[39m: [2026-05-05T16:30:27.106Z][ TEST REPORTING AND ANALYTICS ] Processing events. Queue Length - 1
[34mdebug[39m: [2026-05-05T16:30:27.107Z][ TEST REPORTING AND ANALYTICS ] Processing batch events for Interval-Queue. Request Size - 1416 bytes. Events are 'LogCreated':undefined
2026-05-05 10:30:27 - [34mdebug[39m: Sending request to https://collector-observability.browserstack.com/api/v1/batch
[35msilly[39m: [2026-05-05T16:30:27.512Z][ TEST REPORTING AND ANALYTICS ] Processing event - 'LogCreated' undefined
2026-05-05 10:30:27 - [34mdebug[39m: Response from https://collector-observability.browserstack.com/api/v1/batch: 200 OK
[34mdebug[39m: [2026-05-05T16:30:27.514Z][ TEST REPORTING AND ANALYTICS ] Interval-Queue event successful for events 'LogCreated':undefined -- {"success":true}
[35msilly[39m: [2026-05-05T16:30:27.514Z][ TEST REPORTING AND ANALYTICS ] Remaining Queue Length - 1
[35msilly[39m: [2026-05-05T16:30:29.116Z][ TEST REPORTING AND ANALYTICS ] Processing events. Queue Length - 1
[34mdebug[39m: [2026-05-05T16:30:29.117Z][ TEST REPORTING AND ANALYTICS ] Processing batch events for Interval-Queue. Request Size - 1416 bytes. Events are 'LogCreated':undefined
2026-05-05 10:30:29 - [34mdebug[39m: Sending request to https://collector-observability.browserstack.com/api/v1/batch
[35msilly[39m: [2026-05-05T16:30:29.492Z][ TEST REPORTING AND ANALYTICS ] Processing event - 'LogCreated' undefined
2026-05-05 10:30:29 - [34mdebug[39m: Response from https://collector-observability.browserstack.com/api/v1/batch: 200 OK
[34mdebug[39m: [2026-05-05T16:30:29.495Z][ TEST REPORTING AND ANALYTICS ] Interval-Queue event successful for events 'LogCreated':undefined -- {"success":true}
[35msilly[39m: [2026-05-05T16:30:29.495Z][ TEST REPORTING AND ANALYTICS ] Remaining Queue Length - 1
[35msilly[39m: [2026-05-05T16:30:31.126Z][ TEST REPORTING AND ANALYTICS ] Processing events. Queue Length - 1
[34mdebug[39m: [2026-05-05T16:30:31.127Z][ TEST REPORTING AND ANALYTICS ] Processing batch events for Interval-Queue. Request Size - 1416 bytes. Events are 'LogCreated':undefined
2026-05-05 10:30:31 - [34mdebug[39m: Sending request to https://collector-observability.browserstack.com/api/v1/batch
[35msilly[39m: [2026-05-05T16:30:31.506Z][ TEST REPORTING AND ANALYTICS ] Processing event - 'LogCreated' undefined
2026-05-05 10:30:31 - [34mdebug[39m: Response from https://collector-observability.browserstack.com/api/v1/batch: 200 OK
[34mdebug[39m: [2026-05-05T16:30:31.508Z][ TEST REPORTING AND ANALYTICS ] Interval-Queue event successful for events 'LogCreated':undefined -- {"success":true}
[35msilly[39m: [2026-05-05T16:30:31.508Z][ TEST REPORTING AND ANALYTICS ] Remaining Queue Length - 1
[35msilly[39m: [2026-05-05T16:30:33.137Z][ TEST REPORTING AND ANALYTICS ] Processing events. Queue Length - 1
[34mdebug[39m: [2026-05-05T16:30:33.137Z][ TEST REPORTING AND ANALYTICS ] Processing batch events for Interval-Queue. Request Size - 1416 bytes. Events are 'LogCreated':undefined
2026-05-05 10:30:33 - [34mdebug[39m: Sending request to https://collector-observability.browserstack.com/api/v1/batch
[35msilly[39m: [2026-05-05T16:30:33.541Z][ TEST REPORTING AND ANALYTICS ] Processing event - 'LogCreated' undefined
2026-05-05 10:30:33 - [34mdebug[39m: Response from https://collector-observability.browserstack.com/api/v1/batch: 200 OK
[34mdebug[39m: [2026-05-05T16:30:33.542Z][ TEST REPORTING AND ANALYTICS ] Interval-Queue event successful for events 'LogCreated':undefined -- {"success":true}
[35msilly[39m: [2026-05-05T16:30:33.542Z][ TEST REPORTING AND ANALYTICS ] Remaining Queue Length - 1
[35msilly[39m: [2026-05-05T16:30:35.156Z][ TEST REPORTING AND ANALYTICS ] Processing events. Queue Length - 1
[34mdebug[39m: [2026-05-05T16:30:35.156Z][ TEST REPORTING AND ANALYTICS ] Processing batch events for Interval-Queue. Request Size - 1416 bytes. Events are 'LogCreated':undefined
2026-05-05 10:30:35 - [34mdebug[39m: Sending request to https://collector-observability.browserstack.com/api/v1/batch
[35msilly[39m: [2026-05-05T16:30:35.548Z][ TEST REPORTING AND ANALYTICS ] Processing event - 'LogCreated' undefined
2026-05-05 10:30:35 - [34mdebug[39m: Response from https://collector-observability.browserstack.com/api/v1/batch: 200 OK
[34mdebug[39m: [2026-05-05T16:30:35.550Z][ TEST REPORTING AND ANALYTICS ] Interval-Queue event successful for events 'LogCreated':undefined -- {"success":true}
[35msilly[39m: [2026-05-05T16:30:35.551Z][ TEST REPORTING AND ANALYTICS ] Remaining Queue Length - 1
[35msilly[39m: [2026-05-05T16:30:37.170Z][ TEST REPORTING AND ANALYTICS ] Processing events. Queue Length - 1
[34mdebug[39m: [2026-05-05T16:30:37.170Z][ TEST REPORTING AND ANALYTICS ] Processing batch events for Interval-Queue. Request Size - 1416 bytes. Events are 'LogCreated':undefined
2026-05-05 10:30:37 - [34mdebug[39m: Sending request to https://collector-observability.browserstack.com/api/v1/batch
[35msilly[39m: [2026-05-05T16:30:37.551Z][ TEST REPORTING AND ANALYTICS ] Processing event - 'LogCreated' undefined
2026-05-05 10:30:37 - [34mdebug[39m: Response from https://collector-observability.browserstack.com/api/v1/batch: 200 OK
[34mdebug[39m: [2026-05-05T16:30:37.552Z][ TEST REPORTING AND ANALYTICS ] Interval-Queue event successful for events 'LogCreated':undefined -- {"success":true}
[35msilly[39m: [2026-05-05T16:30:37.552Z][ TEST REPORTING AND ANALYTICS ] Remaining Queue Length - 1
[35msilly[39m: [2026-05-05T16:30:39.176Z][ TEST REPORTING AND ANALYTICS ] Processing events. Queue Length - 1
[34mdebug[39m: [2026-05-05T16:30:39.177Z][ TEST REPORTING AND ANALYTICS ] Processing batch events for Interval-Queue. Request Size - 1416 bytes. Events are 'LogCreated':undefined
2026-05-05 10:30:39 - [34mdebug[39m: Sending request to https://collector-observability.browserstack.com/api/v1/batch
[35msilly[39m: [2026-05-05T16:30:39.572Z][ TEST REPORTING AND ANALYTICS ] Processing event - 'LogCreated' undefined
2026-05-05 10:30:39 - [34mdebug[39m: Response from https://collector-observability.browserstack.com/api/v1/batch: 200 OK
[34mdebug[39m: [2026-05-05T16:30:39.575Z][ TEST REPORTING AND ANALYTICS ] Interval-Queue event successful for events 'LogCreated':undefined -- {"success":true}
[35msilly[39m: [2026-05-05T16:30:39.575Z][ TEST REPORTING AND ANALYTICS ] Remaining Queue Length - 1
[35msilly[39m: [2026-05-05T16:30:41.188Z][ TEST REPORTING AND ANALYTICS ] Processing events. Queue Length - 1
[34mdebug[39m: [2026-05-05T16:30:41.190Z][ TEST REPORTING AND ANALYTICS ] Processing batch events for Interval-Queue. Request Size - 1416 bytes. Events are 'LogCreated':undefined
2026-05-05 10:30:41 - [34mdebug[39m: Sending request to https://collector-observability.browserstack.com/api/v1/batch
[35msilly[39m: [2026-05-05T16:30:41.586Z][ TEST REPORTING AND ANALYTICS ] Processing event - 'LogCreated' undefined
2026-05-05 10:30:41 - [34mdebug[39m: Response from https://collector-observability.browserstack.com/api/v1/batch: 200 OK
[34mdebug[39m: [2026-05-05T16:30:41.589Z][ TEST REPORTING AND ANALYTICS ] Interval-Queue event successful for events 'LogCreated':undefined -- {"success":true}
[35msilly[39m: [2026-05-05T16:30:41.590Z][ TEST REPORTING AND ANALYTICS ] Remaining Queue Length - 1
[35msilly[39m: [2026-05-05T16:30:43.196Z][ TEST REPORTING AND ANALYTICS ] Processing events. Queue Length - 1
[34mdebug[39m: [2026-05-05T16:30:43.197Z][ TEST REPORTING AND ANALYTICS ] Processing batch events for Interval-Queue. Request Size - 1416 bytes. Events are 'LogCreated':undefined
2026-05-05 10:30:43 - [34mdebug[39m: Sending request to https://collector-observability.browserstack.com/api/v1/batch
[35msilly[39m: [2026-05-05T16:30:43.582Z][ TEST REPORTING AND ANALYTICS ] Processing event - 'LogCreated' undefined
2026-05-05 10:30:43 - [34mdebug[39m: Response from https://collector-observability.browserstack.com/api/v1/batch: 200 OK
[34mdebug[39m: [2026-05-05T16:30:43.582Z][ TEST REPORTING AND ANALYTICS ] Interval-Queue event successful for events 'LogCreated':undefined -- {"success":true}
[35msilly[39m: [2026-05-05T16:30:43.582Z][ TEST REPORTING AND ANALYTICS ] Remaining Queue Length - 1
[35msilly[39m: [2026-05-05T16:30:45.203Z][ TEST REPORTING AND ANALYTICS ] Processing events. Queue Length - 1
[34mdebug[39m: [2026-05-05T16:30:45.204Z][ TEST REPORTING AND ANALYTICS ] Processing batch events for Interval-Queue. Request Size - 1416 bytes. Events are 'LogCreated':undefined
2026-05-05 10:30:45 - [34mdebug[39m: Sending request to https://collector-observability.browserstack.com/api/v1/batch
[35msilly[39m: [2026-05-05T16:30:45.586Z][ TEST REPORTING AND ANALYTICS ] Processing event - 'LogCreated' undefined
2026-05-05 10:30:45 - [34mdebug[39m: Response from https://collector-observability.browserstack.com/api/v1/batch: 200 OK
[34mdebug[39m: [2026-05-05T16:30:45.587Z][ TEST REPORTING AND ANALYTICS ] Interval-Queue event successful for events 'LogCreated':undefined -- {"success":true}
[35msilly[39m: [2026-05-05T16:30:45.587Z][ TEST REPORTING AND ANALYTICS ] Remaining Queue Length - 1
[35msilly[39m: [2026-05-05T16:30:47.217Z][ TEST REPORTING AND ANALYTICS ] Processing events. Queue Length - 1
[34mdebug[39m: [2026-05-05T16:30:47.218Z][ TEST REPORTING AND ANALYTICS ] Processing batch events for Interval-Queue. Request Size - 1416 bytes. Events are 'LogCreated':undefined
2026-05-05 10:30:47 - [34mdebug[39m: Sending request to https://collector-observability.browserstack.com/api/v1/batch
[35msilly[39m: [2026-05-05T16:30:47.611Z][ TEST REPORTING AND ANALYTICS ] Processing event - 'LogCreated' undefined
2026-05-05 10:30:47 - [34mdebug[39m: Response from https://collector-observability.browserstack.com/api/v1/batch: 200 OK
[34mdebug[39m: [2026-05-05T16:30:47.612Z][ TEST REPORTING AND ANALYTICS ] Interval-Queue event successful for events 'LogCreated':undefined -- {"success":true}
[35msilly[39m: [2026-05-05T16:30:47.612Z][ TEST REPORTING AND ANALYTICS ] Remaining Queue Length - 1
[35msilly[39m: [2026-05-05T16:30:49.226Z][ TEST REPORTING AND ANALYTICS ] Processing events. Queue Length - 1
[34mdebug[39m: [2026-05-05T16:30:49.227Z][ TEST REPORTING AND ANALYTICS ] Processing batch events for Interval-Queue. Request Size - 1416 bytes. Events are 'LogCreated':undefined
2026-05-05 10:30:49 - [34mdebug[39m: Sending request to https://collector-observability.browserstack.com/api/v1/batch
2026-05-05 10:30:49 - [34mdebug[39m: Accessibility extension data for current test: {"thTestRunUuid":"aef8e1a8-fff5-4eca-ab3e-144522aee86c","thBuildUuid":"1gdastcn8kq9sxsko6uvecgoi3hmpl1o1ghvf2we","thJwtToken":"eyJhbGciOiJIUzI1NiJ9.eyJpc3MiOiJicm93c2Vyc3RhY2tfb2IiLCJzdWIiOiIxMDkzMzE0NCIsImdyb3VwX2lkIjoxMDg0OTc3MywidXNlcl9pZCI6MTA5MzMxNDQsImJ1aWxkX2hhc2hlZF9pZCI6IjFnZGFzdGNuOGtxOXN4c2tvNnV2ZWNnb2kzaG1wbDFvMWdodmYyd2UiLCJwcm9qZWN0X25hbWUiOiIiLCJob29rX2FzX3Rlc3QiOiIxIiwiYnVpbGRfbmFtZSI6IkF2b3RlY2gtUmVncmVzc2lvbi1UZXN0U3VpdGUiLCJwcm9kdWN0X21hcCI6IntcIm9ic2VydmFiaWxpdHlcIjp0cnVlLFwiYXV0b21hdGVcIjp0cnVlLFwiY2FkXCI6dHJ1ZSxcImFjY2Vzc2liaWxpdHlBdXRvRW5hYmxlZFwiOnRydWUsXCJub25TREtcIjpmYWxzZSxcIm9yaWdpbkZyb21Qcm9kdWN0TWFwXCI6XCJBdXRvbWF0ZVwiLFwiYnN0YWNrQXV0b21hdGlvblwiOnRydWV9IiwiZ3JyX3JlZ2lvbiI6IiIsImlzX2xvd192b2x1bWUiOmZhbHNlLCJpc19sY25jX2V2ZW50IjpmYWxzZSwiaXNfbHRzX2V2ZW50IjpmYWxzZSwic2lnbmluZ19rZXlfaGFzaCI6IjM3YzExMzFlNGIyZTc0M2M3NjZlMWQ3MGJmNWYyYjU3ZGM2OWIxOTVkMzAwZTMyYWU4ZDAyMzEyMGE0YTZkOTciLCJpYXQiOjE3Nzc5OTg0NzMsImV4cCI6MTc3ODM0NDA3M30.Gp72MtFIYMISvs78WJF6exDqEAuDQ-wAShJ3z3IxYOs"}
2026-05-05 10:30:49 - [32minfo[39m: Automate test case execution has ended. Processing for accessibility testing is underway. 
2026-05-05 10:30:49 - [34mdebug[39m: Performing scan before saving results.
2026-05-05 10:30:49 - [33mwarn[39m: Not a valid Accessibility Automation session for playwright-page, cannot perform scan with retry.
2026-05-05 10:30:49 - [34mdebug[39m: result=false
2026-05-05 10:30:49 - [33mwarn[39m: Not a valid Accessibility Automation session for playwright-page, cannot save accessibility results with retry.
2026-05-05 10:30:49 - [34mdebug[39m: saved Result scan=false
2026-05-05 10:30:49 - [32minfo[39m: Accessibility testing for this test case has ended.
[35msilly[39m: [2026-05-05T16:30:49.609Z][ TEST REPORTING AND ANALYTICS ] Processing event - 'LogCreated' undefined
2026-05-05 10:30:49 - [34mdebug[39m: Response from https://collector-observability.browserstack.com/api/v1/batch: 200 OK
[34mdebug[39m: [2026-05-05T16:30:49.609Z][ TEST REPORTING AND ANALYTICS ] Interval-Queue event successful for events 'LogCreated':undefined -- {"success":true}
[35msilly[39m: [2026-05-05T16:30:49.609Z][ TEST REPORTING AND ANALYTICS ] Remaining Queue Length - 1
[35msilly[39m: [2026-05-05T16:30:49.703Z][ TEST REPORTING AND ANALYTICS ] Started :: afterTestHook, PID - 12616, Argument - Create a phishing test from template
[34mdebug[39m: [2026-05-05T16:30:49.703Z][ TEST REPORTING AND ANALYTICS ] Started :: Executing After Test Hook, PID - 12616, Test Title - Create a phishing test from template, Test File - D:\CODES\CSI-QA-testing\tests\csi\Phising\Phising.spec.ts
2026-05-05 10:30:49 - [32minfo[39m: [Accessibility] afterTestHook state: accessibilityPlatform=false, bstackA11yShouldScan=true
[34mdebug[39m: [2026-05-05T16:30:49.704Z][ TEST REPORTING AND ANALYTICS ] Sending session details for chrome-latest:Windows 11-browserstack2-b13ca825f9323cbb0c52-1e6a9536af449e200eb6-0, {
  browserstack: {
    browser: 'chrome',
    browser_version: '147.0.7727.56',
    capabilities: {},
    platform: 'Windows',
    platform_version: '11',
    product: 'automate',
    session_id: 'be2a6b3e6d300f0e0ca2a7ffe727d85f56a65015'
  }
}
[35msilly[39m: [2026-05-05T16:30:49.704Z][ TEST REPORTING AND ANALYTICS ] Processing event - 'CBTSessionCreated' aef8e1a8-fff5-4eca-ab3e-144522aee86c
[35msilly[39m: [2026-05-05T16:30:49.704Z][ TEST REPORTING AND ANALYTICS ] Finished :: afterTestHook, PID - 12616, Argument - Create a phishing test from template
[34mdebug[39m: [2026-05-05T16:30:50.212Z][ TEST REPORTING AND ANALYTICS ] Finished :: Executing After Test Hook, PID - 12616, Test Title - Create a phishing test from template, Test File - D:\CODES\CSI-QA-testing\tests\csi\Phising\Phising.spec.ts
[34mdebug[39m: [2026-05-05T16:30:50.212Z][ TEST REPORTING AND ANALYTICS ] Test Hook ended, PID 12616
[35msilly[39m: [2026-05-05T16:30:50.227Z][ TEST REPORTING AND ANALYTICS ] Started :: afterWorkerHook, PID - 12616, Argument - 2
[35msilly[39m: [2026-05-05T16:30:50.228Z][ TEST REPORTING AND ANALYTICS ] Finished :: afterWorkerHook, PID - 12616, Argument - 2
[35msilly[39m: [2026-05-05T16:30:51.237Z][ TEST REPORTING AND ANALYTICS ] Processing events. Queue Length - 2
[34mdebug[39m: [2026-05-05T16:30:51.237Z][ TEST REPORTING AND ANALYTICS ] Processing batch events for Interval-Queue. Request Size - 1737 bytes. Events are 'LogCreated':undefined,'CBTSessionCreated':aef8e1a8-fff5-4eca-ab3e-144522aee86c
2026-05-05 10:30:51 - [34mdebug[39m: Sending request to https://collector-observability.browserstack.com/api/v1/batch
2026-05-05 10:30:51 - [34mdebug[39m: Response from https://collector-observability.browserstack.com/api/v1/batch: 200 OK
[34mdebug[39m: [2026-05-05T16:30:51.618Z][ TEST REPORTING AND ANALYTICS ] Interval-Queue event successful for events 'LogCreated':undefined,'CBTSessionCreated':aef8e1a8-fff5-4eca-ab3e-144522aee86c -- {"success":true}
[35msilly[39m: [2026-05-05T16:30:51.618Z][ TEST REPORTING AND ANALYTICS ] Remaining Queue Length - 0
[34mdebug[39m: [2026-05-05T16:30:51.732Z][ TEST REPORTING AND ANALYTICS ] Finished :: Exiting Playwright worker, PID - 12616, WorkerIndex - 2
[34mdebug[39m: [2026-05-05T16:30:51.744Z][ TEST REPORTING AND ANALYTICS ] Test Finished with unique id chrome-latest:Windows 11-browserstack2-b13ca825f9323cbb0c52-1e6a9536af449e200eb6
[35msilly[39m: [2026-05-05T16:30:51.746Z][ TEST REPORTING AND ANALYTICS ] Processing event - 'LogCreated' undefined
2026-05-05 10:30:51 - [34mdebug[39m: Searching for key: path
[35msilly[39m: [2026-05-05T16:30:51.748Z][ TEST REPORTING AND ANALYTICS ] Processing event - 'TestRunFinished' 9ac0a8f2-1e45-4c21-b91e-f5fdf50cd2c7
[34mdebug[39m: [2026-05-05T16:30:51.749Z][ TEST REPORTING AND ANALYTICS ] Starting sending trace zip for test: 9ac0a8f2-1e45-4c21-b91e-f5fdf50cd2c7
2026-05-05 10:30:51 - [34mdebug[39m: Checking if trace is enabled for test: 9ac0a8f2-1e45-4c21-b91e-f5fdf50cd2c7
2026-05-05 10:30:51 - [34mdebug[39m: Searching for key: path
[34mdebug[39m: [2026-05-05T16:30:51.808Z][ TEST REPORTING AND ANALYTICS ] Call to child fork with args D:\CODES\CSI-QA-testing\node_modules\playwright\lib\common\process.js
[35msilly[39m: [2026-05-05T16:30:52.719Z][ TEST REPORTING AND ANALYTICS ] Processing events. Queue Length - 2
[34mdebug[39m: [2026-05-05T16:30:52.720Z][ TEST REPORTING AND ANALYTICS ] Processing batch events for Interval-Queue. Request Size - 13005 bytes. Events are 'LogCreated':undefined,'TestRunFinished':9ac0a8f2-1e45-4c21-b91e-f5fdf50cd2c7
2026-05-05 10:30:52 - [34mdebug[39m: Sending request to https://collector-observability.browserstack.com/api/v1/batch
2026-05-05 10:30:53 - [34mdebug[39m: Response from https://collector-observability.browserstack.com/api/v1/batch: 200 OK
[34mdebug[39m: [2026-05-05T16:30:53.138Z][ TEST REPORTING AND ANALYTICS ] Interval-Queue event successful for events 'LogCreated':undefined,'TestRunFinished':9ac0a8f2-1e45-4c21-b91e-f5fdf50cd2c7 -- {"success":true}
[35msilly[39m: [2026-05-05T16:30:53.138Z][ TEST REPORTING AND ANALYTICS ] Remaining Queue Length - 0
2026-05-05 10:30:52 - [34mdebug[39m: Could not locate npm module path with error  Cannot access 'isYarnPnP' before initialization
2026-05-05 10:30:52 - [34mdebug[39m: requireModuleV3 :: module - @playwright/test/package.json, package - @playwright/test
2026-05-05 10:30:52 - [34mdebug[39m: requireModuleV2 :: module - @playwright/test/package.json, package - @playwright/test
2026-05-05 10:30:52 - [34mdebug[39m: requireModuleV3 :: module - playwright/lib/common/process.js, package - playwright
2026-05-05 10:30:52 - [34mdebug[39m: Resolved from resolveModuleV3 :: Path - D:\CODES\CSI-QA-testing\node_modules\playwright\lib\common\process.js
2026-05-05 10:30:53 - [34mdebug[39m: requireModuleV3 :: module - @playwright/test/index.js, package - @playwright/test
2026-05-05 10:30:53 - [34mdebug[39m: requireModuleV2 :: module - @playwright/test/index.js, package - @playwright/test
2026-05-05 10:30:53 - [34mdebug[39m: Getting @playwright/test/index.js from D:\CODES\CSI-QA-testing
2026-05-05 10:30:53 - [34mdebug[39m: requireModuleV3 :: module - @playwright\test\node_modules\playwright-core, package - @playwright/test
2026-05-05 10:30:53 - [34mdebug[39m: requireModuleV2 :: module - @playwright\test\node_modules\playwright-core, package - @playwright/test
2026-05-05 10:30:53 - [34mdebug[39m: Getting @playwright\test\node_modules\playwright-core from D:\CODES\CSI-QA-testing
2026-05-05 10:30:53 - [34mdebug[39m: @playwright\test\node_modules\playwright-core doesn't exist at D:\CODES\CSI-QA-testing
2026-05-05 10:30:53 - [34mdebug[39m: Getting @playwright\test\node_modules\playwright-core from null
2026-05-05 10:30:53 - [34mdebug[39m: requireModuleV3 :: module - playwright\node_modules\playwright-core, package - playwright
2026-05-05 10:30:53 - [34mdebug[39m: requireModuleV2 :: module - playwright\node_modules\playwright-core, package - playwright
2026-05-05 10:30:53 - [34mdebug[39m: Getting playwright\node_modules\playwright-core from D:\CODES\CSI-QA-testing
2026-05-05 10:30:53 - [34mdebug[39m: playwright\node_modules\playwright-core doesn't exist at D:\CODES\CSI-QA-testing
2026-05-05 10:30:53 - [34mdebug[39m: Getting playwright\node_modules\playwright-core from null
2026-05-05 10:30:53 - [34mdebug[39m: requireModuleV2 :: module - playwright-core, package - null
2026-05-05 10:30:53 - [34mdebug[39m: Resolved path for playwright-core is D:\CODES\CSI-QA-testing\node_modules\playwright-core
2026-05-05 10:30:53 - [34mdebug[39m: requireModuleV2 :: module - D:\CODES\CSI-QA-testing\node_modules\playwright-core\lib\client\connection.js, package - null
2026-05-05 10:30:53 - [32minfo[39m: [BrowserstackCLI] Starting as child process with session ID: ba3ee7a3-ab6a-42f0-a360-eaad5d3a892f
2026-05-05 10:30:53 - [32minfo[39m: [GrpcClient] Connected to gRPC server at 127.0.0.1:5400
2026-05-05 10:30:53 - [32minfo[39m: [GrpcClient] Connecting bin session
2026-05-05 10:30:53 - [31merror[39m: [GrpcClient] ConnectBinSession error: 14 UNAVAILABLE: No connection established. Last error: Error: connect ECONNREFUSED 127.0.0.1:5400. Resolution note: 
2026-05-05 10:30:53 - [31merror[39m: [GrpcClient] Error in connectBinSession: Error: 14 UNAVAILABLE: No connection established. Last error: Error: connect ECONNREFUSED 127.0.0.1:5400. Resolution note: 
    at callErrorFromStatus (D:\CODES\CSI-QA-testing\node_modules\@grpc\grpc-js\src\call.ts:84:17)
    at Object.onReceiveStatus (D:\CODES\CSI-QA-testing\node_modules\@grpc\grpc-js\src\client.ts:360:55)
    at Object.onReceiveStatus (D:\CODES\CSI-QA-testing\node_modules\@grpc\grpc-js\src\client-interceptors.ts:466:34)
    at Object.onReceiveStatus (D:\CODES\CSI-QA-testing\node_modules\@grpc\grpc-js\src\client-interceptors.ts:424:48)
    at D:\CODES\CSI-QA-testing\node_modules\@grpc\grpc-js\src\resolving-call.ts:170:24
    at processTicksAndRejections (node:internal/process/task_queues:85:11)
for call at
    at ServiceClientImpl.makeUnaryRequest (D:\CODES\CSI-QA-testing\node_modules\@grpc\grpc-js\src\client.ts:325:42)
    at ServiceClientImpl.connectBinSession (D:\CODES\CSI-QA-testing\node_modules\@grpc\grpc-js\src\make-client.ts:189:15)
    at _0xcc7d46 (D:\CODES\CSI-QA-testing\node_modules\browserstack-node-sdk\src\bin\v2\grpcClient.js:1:13224)
    at new Promise (<anonymous>)
    at GrpcClient.connectBinSession (D:\CODES\CSI-QA-testing\node_modules\browserstack-node-sdk\src\bin\v2\grpcClient.js:1:13122)
    at BrowserstackCLI.startChild (D:\CODES\CSI-QA-testing\node_modules\browserstack-node-sdk\src\bin\v2\browserstackCLI.js:1:20593)
    at BrowserstackCLI.bootstrap (D:\CODES\CSI-QA-testing\node_modules\browserstack-node-sdk\src\bin\v2\browserstackCLI.js:1:7905)
    at Object._modifyPlaywright (D:\CODES\CSI-QA-testing\node_modules\browserstack-node-sdk\src\bin\playwright\modifyPlaywrightConf.js:1:21681)
    at Object.<anonymous> (D:\CODES\CSI-QA-testing\playwright-browserstack-sdk.config.ts:4:24)
    at Module._compile (node:internal/modules/cjs/loader:1830:14)
    at Module.newCompile2 (D:\CODES\CSI-QA-testing\node_modules\playwright\lib\third_party\pirates.js:46:29)
    at Object.<anonymous> (node:internal/modules/cjs/loader:1961:10)
    at Object.newLoader2 [as .ts] (D:\CODES\CSI-QA-testing\node_modules\playwright\lib\third_party\pirates.js:52:22)
    at Module.load (node:internal/modules/cjs/loader:1553:32)
    at Module._load (node:internal/modules/cjs/loader:1355:12)
    at wrapModuleLoad (node:internal/modules/cjs/loader:255:19)
    at Module.require (node:internal/modules/cjs/loader:1576:12)
    at require (node:internal/modules/helpers:153:16)
    at requireOrImport (D:\CODES\CSI-QA-testing\node_modules\playwright\lib\transform\transform.js:218:18)
    at loadUserConfig (D:\CODES\CSI-QA-testing\node_modules\playwright\lib\common\configLoader.js:107:89)
    at loadConfig (D:\CODES\CSI-QA-testing\node_modules\playwright\lib\common\configLoader.js:119:28)
    at deserializeConfig (D:\CODES\CSI-QA-testing\node_modules\playwright\lib\common\configLoader.js:104:10)
    at WorkerMain._loadIfNeeded (D:\CODES\CSI-QA-testing\node_modules\playwright\lib\worker\workerMain.js:165:20)
    at WorkerMain.runTestGroup (D:\CODES\CSI-QA-testing\node_modules\playwright\lib\worker\workerMain.js:179:7)
    at process.<anonymous> (D:\CODES\CSI-QA-testing\node_modules\playwright\lib\common\process.js:73:22) {
  code: 14,
  details: 'No connection established. Last error: Error: connect ECONNREFUSED 127.0.0.1:5400. Resolution note: ',
  metadata: Metadata {
    internalRepr: Map(0) {},
    opaqueData: Map(0) {},
    options: {}
  }
}
2026-05-05 10:30:53 - [31merror[39m: [BrowserstackCLI] Failed to start as child process: Error: 14 UNAVAILABLE: No connection established. Last error: Error: connect ECONNREFUSED 127.0.0.1:5400. Resolution note: 
    at callErrorFromStatus (D:\CODES\CSI-QA-testing\node_modules\@grpc\grpc-js\src\call.ts:84:17)
    at Object.onReceiveStatus (D:\CODES\CSI-QA-testing\node_modules\@grpc\grpc-js\src\client.ts:360:55)
    at Object.onReceiveStatus (D:\CODES\CSI-QA-testing\node_modules\@grpc\grpc-js\src\client-interceptors.ts:466:34)
    at Object.onReceiveStatus (D:\CODES\CSI-QA-testing\node_modules\@grpc\grpc-js\src\client-interceptors.ts:424:48)
    at D:\CODES\CSI-QA-testing\node_modules\@grpc\grpc-js\src\resolving-call.ts:170:24
    at processTicksAndRejections (node:internal/process/task_queues:85:11)
for call at
    at ServiceClientImpl.makeUnaryRequest (D:\CODES\CSI-QA-testing\node_modules\@grpc\grpc-js\src\client.ts:325:42)
    at ServiceClientImpl.connectBinSession (D:\CODES\CSI-QA-testing\node_modules\@grpc\grpc-js\src\make-client.ts:189:15)
    at _0xcc7d46 (D:\CODES\CSI-QA-testing\node_modules\browserstack-node-sdk\src\bin\v2\grpcClient.js:1:13224)
    at new Promise (<anonymous>)
    at GrpcClient.connectBinSession (D:\CODES\CSI-QA-testing\node_modules\browserstack-node-sdk\src\bin\v2\grpcClient.js:1:13122)
    at BrowserstackCLI.startChild (D:\CODES\CSI-QA-testing\node_modules\browserstack-node-sdk\src\bin\v2\browserstackCLI.js:1:20593)
    at BrowserstackCLI.bootstrap (D:\CODES\CSI-QA-testing\node_modules\browserstack-node-sdk\src\bin\v2\browserstackCLI.js:1:7905)
    at Object._modifyPlaywright (D:\CODES\CSI-QA-testing\node_modules\browserstack-node-sdk\src\bin\playwright\modifyPlaywrightConf.js:1:21681)
    at Object.<anonymous> (D:\CODES\CSI-QA-testing\playwright-browserstack-sdk.config.ts:4:24)
    at Module._compile (node:internal/modules/cjs/loader:1830:14)
    at Module.newCompile2 (D:\CODES\CSI-QA-testing\node_modules\playwright\lib\third_party\pirates.js:46:29)
    at Object.<anonymous> (node:internal/modules/cjs/loader:1961:10)
    at Object.newLoader2 [as .ts] (D:\CODES\CSI-QA-testing\node_modules\playwright\lib\third_party\pirates.js:52:22)
    at Module.load (node:internal/modules/cjs/loader:1553:32)
    at Module._load (node:internal/modules/cjs/loader:1355:12)
    at wrapModuleLoad (node:internal/modules/cjs/loader:255:19)
    at Module.require (node:internal/modules/cjs/loader:1576:12)
    at require (node:internal/modules/helpers:153:16)
    at requireOrImport (D:\CODES\CSI-QA-testing\node_modules\playwright\lib\transform\transform.js:218:18)
    at loadUserConfig (D:\CODES\CSI-QA-testing\node_modules\playwright\lib\common\configLoader.js:107:89)
    at loadConfig (D:\CODES\CSI-QA-testing\node_modules\playwright\lib\common\configLoader.js:119:28)
    at deserializeConfig (D:\CODES\CSI-QA-testing\node_modules\playwright\lib\common\configLoader.js:104:10)
    at WorkerMain._loadIfNeeded (D:\CODES\CSI-QA-testing\node_modules\playwright\lib\worker\workerMain.js:165:20)
    at WorkerMain.runTestGroup (D:\CODES\CSI-QA-testing\node_modules\playwright\lib\worker\workerMain.js:179:7)
    at process.<anonymous> (D:\CODES\CSI-QA-testing\node_modules\playwright\lib\common\process.js:73:22) {
  code: 14,
  details: 'No connection established. Last error: Error: connect ECONNREFUSED 127.0.0.1:5400. Resolution note: ',
  metadata: Metadata {
    internalRepr: Map(0) {},
    opaqueData: Map(0) {},
    options: {}
  }
}
2026-05-05 10:30:53 - [34mdebug[39m: requireModuleV3 :: module - playwright/lib/transform/transform.js, package - playwright
2026-05-05 10:30:53 - [34mdebug[39m: Resolved from resolveModuleV3 :: Path - D:\CODES\CSI-QA-testing\node_modules\playwright\lib\transform\transform.js
2026-05-05 10:30:53 - [34mdebug[39m: Local set to true. Adding browserstack.local: true and browserstack.localIdentifier: 5_May_1027_DESKTOP-B1PF2KP_dlxa to capabilities.
2026-05-05 10:30:53 - [34mdebug[39m: requireModuleV3 :: module - playwright/lib/runner/projectUtils.js, package - playwright
2026-05-05 10:30:53 - [34mdebug[39m: Resolved from resolveModuleV3 :: Path - D:\CODES\CSI-QA-testing\node_modules\playwright\lib\runner\projectUtils.js
[35msilly[39m: [2026-05-05T16:30:53.857Z][ TEST REPORTING AND ANALYTICS ] Test Started with unique id chrome-latest:Windows 11-browserstack3-b844c2afe9c7a518cbf6-17b621e7df75f930958f
2026-05-05 10:30:53 - [34mdebug[39m: Searching for key: path
[35msilly[39m: [2026-05-05T16:30:53.858Z][ TEST REPORTING AND ANALYTICS ] Processing event - 'TestRunStarted' 5ef59da9-5198-4f67-921c-7bc3903bbd5b
[35msilly[39m: [2026-05-05T16:30:53.859Z][ TEST REPORTING AND ANALYTICS ] Hook Started with unique id beforeEach hook for chrome-latest:Windows 11-browserstack3-b844c2afe9c7a518cbf6-17b621e7df75f930958f is triggered for test b844c2afe9c7a518cbf6-17b621e7df75f930958f-0
[35msilly[39m: [2026-05-05T16:30:53.859Z][ TEST REPORTING AND ANALYTICS ] Processing event - 'HookRunStarted' 964e2a94-f4c2-444e-accf-6e9c01d9677a
[35msilly[39m: [2026-05-05T16:30:53.860Z][ TEST REPORTING AND ANALYTICS ] Started :: beforeWorkerHook, PID - 8956, Argument - 3
2026-05-05 10:30:53 - [34mdebug[39m: requireModuleV3 :: module - @playwright\test\node_modules\playwright-core, package - @playwright/test
2026-05-05 10:30:53 - [34mdebug[39m: requireModuleV2 :: module - @playwright\test\node_modules\playwright-core, package - @playwright/test
2026-05-05 10:30:53 - [34mdebug[39m: Getting @playwright\test\node_modules\playwright-core from D:\CODES\CSI-QA-testing
2026-05-05 10:30:53 - [34mdebug[39m: @playwright\test\node_modules\playwright-core doesn't exist at D:\CODES\CSI-QA-testing
2026-05-05 10:30:53 - [34mdebug[39m: Getting @playwright\test\node_modules\playwright-core from null
2026-05-05 10:30:53 - [34mdebug[39m: requireModuleV3 :: module - playwright\node_modules\playwright-core, package - playwright
2026-05-05 10:30:53 - [34mdebug[39m: requireModuleV2 :: module - playwright\node_modules\playwright-core, package - playwright
2026-05-05 10:30:53 - [34mdebug[39m: Getting playwright\node_modules\playwright-core from D:\CODES\CSI-QA-testing
2026-05-05 10:30:53 - [34mdebug[39m: playwright\node_modules\playwright-core doesn't exist at D:\CODES\CSI-QA-testing
2026-05-05 10:30:53 - [34mdebug[39m: Getting playwright\node_modules\playwright-core from null
2026-05-05 10:30:53 - [34mdebug[39m: requireModuleV2 :: module - playwright-core, package - null
2026-05-05 10:30:53 - [34mdebug[39m: Resolved path for playwright-core is D:\CODES\CSI-QA-testing\node_modules\playwright-core
2026-05-05 10:30:53 - [34mdebug[39m: requireModuleV2 :: module - D:\CODES\CSI-QA-testing\node_modules\playwright-core\lib\client\browserType.js, package - null
2026-05-05 10:30:53 - [34mdebug[39m: requireModuleV3 :: module - @playwright\test\node_modules\playwright-core, package - @playwright/test
2026-05-05 10:30:53 - [34mdebug[39m: requireModuleV2 :: module - @playwright\test\node_modules\playwright-core, package - @playwright/test
2026-05-05 10:30:53 - [34mdebug[39m: Getting @playwright\test\node_modules\playwright-core from D:\CODES\CSI-QA-testing
2026-05-05 10:30:53 - [34mdebug[39m: @playwright\test\node_modules\playwright-core doesn't exist at D:\CODES\CSI-QA-testing
2026-05-05 10:30:53 - [34mdebug[39m: Getting @playwright\test\node_modules\playwright-core from null
2026-05-05 10:30:53 - [34mdebug[39m: requireModuleV3 :: module - playwright\node_modules\playwright-core, package - playwright
2026-05-05 10:30:53 - [34mdebug[39m: requireModuleV2 :: module - playwright\node_modules\playwright-core, package - playwright
2026-05-05 10:30:53 - [34mdebug[39m: Getting playwright\node_modules\playwright-core from D:\CODES\CSI-QA-testing
2026-05-05 10:30:53 - [34mdebug[39m: playwright\node_modules\playwright-core doesn't exist at D:\CODES\CSI-QA-testing
2026-05-05 10:30:53 - [34mdebug[39m: Getting playwright\node_modules\playwright-core from null
2026-05-05 10:30:53 - [34mdebug[39m: requireModuleV2 :: module - playwright-core, package - null
2026-05-05 10:30:53 - [34mdebug[39m: Resolved path for playwright-core is D:\CODES\CSI-QA-testing\node_modules\playwright-core
2026-05-05 10:30:53 - [34mdebug[39m: requireModuleV2 :: module - D:\CODES\CSI-QA-testing\node_modules\playwright-core\lib\client\browserContext.js, package - null
2026-05-05 10:30:53 - [34mdebug[39m: requireModuleV3 :: module - @playwright\test\node_modules\playwright-core, package - @playwright/test
2026-05-05 10:30:53 - [34mdebug[39m: requireModuleV2 :: module - @playwright\test\node_modules\playwright-core, package - @playwright/test
2026-05-05 10:30:53 - [34mdebug[39m: Getting @playwright\test\node_modules\playwright-core from D:\CODES\CSI-QA-testing
2026-05-05 10:30:53 - [34mdebug[39m: @playwright\test\node_modules\playwright-core doesn't exist at D:\CODES\CSI-QA-testing
2026-05-05 10:30:53 - [34mdebug[39m: Getting @playwright\test\node_modules\playwright-core from null
2026-05-05 10:30:53 - [34mdebug[39m: requireModuleV3 :: module - playwright\node_modules\playwright-core, package - playwright
2026-05-05 10:30:53 - [34mdebug[39m: requireModuleV2 :: module - playwright\node_modules\playwright-core, package - playwright
2026-05-05 10:30:53 - [34mdebug[39m: Getting playwright\node_modules\playwright-core from D:\CODES\CSI-QA-testing
2026-05-05 10:30:53 - [34mdebug[39m: playwright\node_modules\playwright-core doesn't exist at D:\CODES\CSI-QA-testing
2026-05-05 10:30:53 - [34mdebug[39m: Getting playwright\node_modules\playwright-core from null
2026-05-05 10:30:53 - [34mdebug[39m: requireModuleV2 :: module - playwright-core, package - null
2026-05-05 10:30:53 - [34mdebug[39m: Resolved path for playwright-core is D:\CODES\CSI-QA-testing\node_modules\playwright-core
2026-05-05 10:30:53 - [34mdebug[39m: requireModuleV2 :: module - D:\CODES\CSI-QA-testing\node_modules\playwright-core\lib\client\android.js, package - null
2026-05-05 10:30:53 - [34mdebug[39m: requireModuleV3 :: module - @playwright\test\node_modules\playwright-core, package - @playwright/test
2026-05-05 10:30:53 - [34mdebug[39m: requireModuleV2 :: module - @playwright\test\node_modules\playwright-core, package - @playwright/test
2026-05-05 10:30:53 - [34mdebug[39m: Getting @playwright\test\node_modules\playwright-core from D:\CODES\CSI-QA-testing
2026-05-05 10:30:53 - [34mdebug[39m: @playwright\test\node_modules\playwright-core doesn't exist at D:\CODES\CSI-QA-testing
2026-05-05 10:30:53 - [34mdebug[39m: Getting @playwright\test\node_modules\playwright-core from null
2026-05-05 10:30:53 - [34mdebug[39m: requireModuleV3 :: module - playwright\node_modules\playwright-core, package - playwright
2026-05-05 10:30:53 - [34mdebug[39m: requireModuleV2 :: module - playwright\node_modules\playwright-core, package - playwright
2026-05-05 10:30:53 - [34mdebug[39m: Getting playwright\node_modules\playwright-core from D:\CODES\CSI-QA-testing
2026-05-05 10:30:53 - [34mdebug[39m: playwright\node_modules\playwright-core doesn't exist at D:\CODES\CSI-QA-testing
2026-05-05 10:30:53 - [34mdebug[39m: Getting playwright\node_modules\playwright-core from null
2026-05-05 10:30:53 - [34mdebug[39m: requireModuleV2 :: module - playwright-core, package - null
2026-05-05 10:30:53 - [34mdebug[39m: Resolved path for playwright-core is D:\CODES\CSI-QA-testing\node_modules\playwright-core
2026-05-05 10:30:53 - [34mdebug[39m: requireModuleV2 :: module - D:\CODES\CSI-QA-testing\node_modules\playwright-core\lib\client\page.js, package - null
2026-05-05 10:30:53 - [34mdebug[39m: requireModuleV3 :: module - @playwright\test\node_modules\playwright-core, package - @playwright/test
2026-05-05 10:30:53 - [34mdebug[39m: requireModuleV2 :: module - @playwright\test\node_modules\playwright-core, package - @playwright/test
2026-05-05 10:30:53 - [34mdebug[39m: Getting @playwright\test\node_modules\playwright-core from D:\CODES\CSI-QA-testing
2026-05-05 10:30:53 - [34mdebug[39m: @playwright\test\node_modules\playwright-core doesn't exist at D:\CODES\CSI-QA-testing
2026-05-05 10:30:53 - [34mdebug[39m: Getting @playwright\test\node_modules\playwright-core from null
2026-05-05 10:30:53 - [34mdebug[39m: requireModuleV3 :: module - playwright\node_modules\playwright-core, package - playwright
2026-05-05 10:30:53 - [34mdebug[39m: requireModuleV2 :: module - playwright\node_modules\playwright-core, package - playwright
2026-05-05 10:30:53 - [34mdebug[39m: Getting playwright\node_modules\playwright-core from D:\CODES\CSI-QA-testing
2026-05-05 10:30:53 - [34mdebug[39m: playwright\node_modules\playwright-core doesn't exist at D:\CODES\CSI-QA-testing
2026-05-05 10:30:53 - [34mdebug[39m: Getting playwright\node_modules\playwright-core from null
2026-05-05 10:30:53 - [34mdebug[39m: requireModuleV2 :: module - playwright-core, package - null
2026-05-05 10:30:53 - [34mdebug[39m: Resolved path for playwright-core is D:\CODES\CSI-QA-testing\node_modules\playwright-core
2026-05-05 10:30:53 - [34mdebug[39m: requireModuleV2 :: module - D:\CODES\CSI-QA-testing\node_modules\playwright-core\lib\client\page.js, package - null
[35msilly[39m: [2026-05-05T16:30:53.876Z][ TEST REPORTING AND ANALYTICS ] Finished :: beforeWorkerHook, PID - 8956, Argument - 3
[34mdebug[39m: [2026-05-05T16:30:53.876Z][ TEST REPORTING AND ANALYTICS ] Worker Hook started, PID 8956
[34mdebug[39m: [2026-05-05T16:30:53.887Z][ TEST REPORTING AND ANALYTICS ] Test Hook started, PID 8956
[35msilly[39m: [2026-05-05T16:30:53.887Z][ TEST REPORTING AND ANALYTICS ] Started :: beforeTestHook, PID - 8956, Argument - Navigate to Package Management and create package
[35msilly[39m: [2026-05-05T16:30:53.888Z][ TEST REPORTING AND ANALYTICS ] Sending session details at beforeTestHook
[35msilly[39m: [2026-05-05T16:30:53.888Z][ TEST REPORTING AND ANALYTICS ] Finished :: beforeTestHook, PID - 8956, Argument - Navigate to Package Management and create package
2026-05-05 10:30:53 - [34mdebug[39m: [Accessibility] Initialized for test: autoScanning=true, bstackA11yShouldScan=true
2026-05-05 10:30:53 - [34mdebug[39m: Processed accessibility caps false {"useW3C":false,"browserstack.user":"[REDACTED]","browserstack.key":"[REDACTED]","browserstack.local":true,"browserstack.localIdentifier":"5_May_1027_DESKTOP-B1PF2KP_dlxa","browserstack.buildIdentifier":"#25","build":"Avotech-Regression-TestSuite","browserstack.video":true,"interactiveDebugging":true,"os":"Windows","os_version":"11","browserName":"chrome","browser_version":"latest","browserstack.browserstackSDK":"playwright-nodeagent/1.52.2","browserstack.hostName":"DESKTOP-B1PF2KP","browserstack.buildProductMap":{"observability":true,"accessibility":false,"percy":false,"automate":true,"app_automate":false,"lts":false,"central_scanner":false,"lcnc":false},"browserstack.testhubBuildUuid":"1gdastcn8kq9sxsko6uvecgoi3hmpl1o1ghvf2we"}
[35msilly[39m: [2026-05-05T16:30:54.719Z][ TEST REPORTING AND ANALYTICS ] Processing events. Queue Length - 2
[34mdebug[39m: [2026-05-05T16:30:54.720Z][ TEST REPORTING AND ANALYTICS ] Processing batch events for Interval-Queue. Request Size - 2443 bytes. Events are 'TestRunStarted':5ef59da9-5198-4f67-921c-7bc3903bbd5b,'HookRunStarted':964e2a94-f4c2-444e-accf-6e9c01d9677a
2026-05-05 10:30:54 - [34mdebug[39m: Sending request to https://collector-observability.browserstack.com/api/v1/batch
2026-05-05 10:30:55 - [34mdebug[39m: Response from https://collector-observability.browserstack.com/api/v1/batch: 200 OK
[34mdebug[39m: [2026-05-05T16:30:55.091Z][ TEST REPORTING AND ANALYTICS ] Interval-Queue event successful for events 'TestRunStarted':5ef59da9-5198-4f67-921c-7bc3903bbd5b,'HookRunStarted':964e2a94-f4c2-444e-accf-6e9c01d9677a -- {"success":true}
[35msilly[39m: [2026-05-05T16:30:55.091Z][ TEST REPORTING AND ANALYTICS ] Remaining Queue Length - 0
[34mdebug[39m: [2026-05-05T16:31:00.163Z][ TEST REPORTING AND ANALYTICS ] Setting platform details received from BS: [object Object]
[34mdebug[39m: [2026-05-05T16:31:00.163Z][ TEST REPORTING AND ANALYTICS ] Setting session id received from BS 79eb725608ab6b172efce64fdbcee1e458077bb5
2026-05-05 10:31:00 - [34mdebug[39m: Device Model is not available
[35msilly[39m: [2026-05-05T16:31:00.165Z][ TEST REPORTING AND ANALYTICS ] Sending session details at connect
[34mdebug[39m: [2026-05-05T16:31:00.167Z][ TEST REPORTING AND ANALYTICS ] Sending session details for chrome-latest:Windows 11-browserstack3-b844c2afe9c7a518cbf6-17b621e7df75f930958f-0, {
  browserstack: {
    browser: 'chrome',
    browser_version: '147.0.7727.56',
    capabilities: {},
    platform: 'Windows',
    platform_version: '11',
    product: 'automate',
    session_id: '79eb725608ab6b172efce64fdbcee1e458077bb5'
  }
}
[35msilly[39m: [2026-05-05T16:31:00.168Z][ TEST REPORTING AND ANALYTICS ] Processing event - 'CBTSessionCreated' 35332199-b830-422c-be67-d81fca09a185
2026-05-05 10:31:00 - [34mdebug[39m: Device Model is not available
[35msilly[39m: [2026-05-05T16:31:00.170Z][ TEST REPORTING AND ANALYTICS ] Sending session details at browser fixture
[34mdebug[39m: [2026-05-05T16:31:00.171Z][ TEST REPORTING AND ANALYTICS ] Sending session details for chrome-latest:Windows 11-browserstack3-b844c2afe9c7a518cbf6-17b621e7df75f930958f-0, {
  browserstack: {
    browser: 'chrome',
    browser_version: '147.0.7727.56',
    capabilities: {},
    platform: 'Windows',
    platform_version: '11',
    product: 'automate',
    session_id: '79eb725608ab6b172efce64fdbcee1e458077bb5'
  }
}
[35msilly[39m: [2026-05-05T16:31:00.171Z][ TEST REPORTING AND ANALYTICS ] Processing event - 'CBTSessionCreated' 35332199-b830-422c-be67-d81fca09a185
[35msilly[39m: [2026-05-05T16:31:02.177Z][ TEST REPORTING AND ANALYTICS ] Processing events. Queue Length - 2
[34mdebug[39m: [2026-05-05T16:31:02.178Z][ TEST REPORTING AND ANALYTICS ] Processing batch events for Interval-Queue. Request Size - 643 bytes. Events are 'CBTSessionCreated':35332199-b830-422c-be67-d81fca09a185,'CBTSessionCreated':35332199-b830-422c-be67-d81fca09a185
2026-05-05 10:31:02 - [34mdebug[39m: Sending request to https://collector-observability.browserstack.com/api/v1/batch
[35msilly[39m: [2026-05-05T16:31:03.963Z][ TEST REPORTING AND ANALYTICS ] Processing event - 'LogCreated' undefined
2026-05-05 10:31:03 - [34mdebug[39m: Response from https://collector-observability.browserstack.com/api/v1/batch: 200 OK
[34mdebug[39m: [2026-05-05T16:31:03.968Z][ TEST REPORTING AND ANALYTICS ] Interval-Queue event successful for events 'CBTSessionCreated':35332199-b830-422c-be67-d81fca09a185,'CBTSessionCreated':35332199-b830-422c-be67-d81fca09a185 -- {"success":true}
[35msilly[39m: [2026-05-05T16:31:03.968Z][ TEST REPORTING AND ANALYTICS ] Remaining Queue Length - 1
[35msilly[39m: [2026-05-05T16:31:04.196Z][ TEST REPORTING AND ANALYTICS ] Processing events. Queue Length - 1
[34mdebug[39m: [2026-05-05T16:31:04.197Z][ TEST REPORTING AND ANALYTICS ] Processing batch events for Interval-Queue. Request Size - 1416 bytes. Events are 'LogCreated':undefined
2026-05-05 10:31:04 - [34mdebug[39m: Sending request to https://collector-observability.browserstack.com/api/v1/batch
[35msilly[39m: [2026-05-05T16:31:04.540Z][ TEST REPORTING AND ANALYTICS ] Processing event - 'LogCreated' undefined
2026-05-05 10:31:04 - [34mdebug[39m: Response from https://collector-observability.browserstack.com/api/v1/batch: 200 OK
[34mdebug[39m: [2026-05-05T16:31:04.544Z][ TEST REPORTING AND ANALYTICS ] Interval-Queue event successful for events 'LogCreated':undefined -- {"success":true}
[35msilly[39m: [2026-05-05T16:31:04.544Z][ TEST REPORTING AND ANALYTICS ] Remaining Queue Length - 1
[35msilly[39m: [2026-05-05T16:31:06.206Z][ TEST REPORTING AND ANALYTICS ] Processing events. Queue Length - 1
[34mdebug[39m: [2026-05-05T16:31:06.207Z][ TEST REPORTING AND ANALYTICS ] Processing batch events for Interval-Queue. Request Size - 1416 bytes. Events are 'LogCreated':undefined
2026-05-05 10:31:06 - [34mdebug[39m: Sending request to https://collector-observability.browserstack.com/api/v1/batch
[35msilly[39m: [2026-05-05T16:31:06.586Z][ TEST REPORTING AND ANALYTICS ] Processing event - 'LogCreated' undefined
2026-05-05 10:31:06 - [34mdebug[39m: Response from https://collector-observability.browserstack.com/api/v1/batch: 200 OK
[34mdebug[39m: [2026-05-05T16:31:06.588Z][ TEST REPORTING AND ANALYTICS ] Interval-Queue event successful for events 'LogCreated':undefined -- {"success":true}
[35msilly[39m: [2026-05-05T16:31:06.588Z][ TEST REPORTING AND ANALYTICS ] Remaining Queue Length - 1
[35msilly[39m: [2026-05-05T16:31:08.221Z][ TEST REPORTING AND ANALYTICS ] Processing events. Queue Length - 1
[34mdebug[39m: [2026-05-05T16:31:08.221Z][ TEST REPORTING AND ANALYTICS ] Processing batch events for Interval-Queue. Request Size - 1416 bytes. Events are 'LogCreated':undefined
2026-05-05 10:31:08 - [34mdebug[39m: Sending request to https://collector-observability.browserstack.com/api/v1/batch
[35msilly[39m: [2026-05-05T16:31:08.568Z][ TEST REPORTING AND ANALYTICS ] Processing event - 'LogCreated' undefined
2026-05-05 10:31:08 - [34mdebug[39m: Response from https://collector-observability.browserstack.com/api/v1/batch: 200 OK
[34mdebug[39m: [2026-05-05T16:31:08.569Z][ TEST REPORTING AND ANALYTICS ] Interval-Queue event successful for events 'LogCreated':undefined -- {"success":true}
[35msilly[39m: [2026-05-05T16:31:08.570Z][ TEST REPORTING AND ANALYTICS ] Remaining Queue Length - 1
[35msilly[39m: [2026-05-05T16:31:10.226Z][ TEST REPORTING AND ANALYTICS ] Processing events. Queue Length - 1
[34mdebug[39m: [2026-05-05T16:31:10.226Z][ TEST REPORTING AND ANALYTICS ] Processing batch events for Interval-Queue. Request Size - 1416 bytes. Events are 'LogCreated':undefined
2026-05-05 10:31:10 - [34mdebug[39m: Sending request to https://collector-observability.browserstack.com/api/v1/batch
[35msilly[39m: [2026-05-05T16:31:10.575Z][ TEST REPORTING AND ANALYTICS ] Processing event - 'LogCreated' undefined
2026-05-05 10:31:10 - [34mdebug[39m: Response from https://collector-observability.browserstack.com/api/v1/batch: 200 OK
[34mdebug[39m: [2026-05-05T16:31:10.576Z][ TEST REPORTING AND ANALYTICS ] Interval-Queue event successful for events 'LogCreated':undefined -- {"success":true}
[35msilly[39m: [2026-05-05T16:31:10.576Z][ TEST REPORTING AND ANALYTICS ] Remaining Queue Length - 1
[35msilly[39m: [2026-05-05T16:31:12.226Z][ TEST REPORTING AND ANALYTICS ] Processing events. Queue Length - 1
[34mdebug[39m: [2026-05-05T16:31:12.227Z][ TEST REPORTING AND ANALYTICS ] Processing batch events for Interval-Queue. Request Size - 1416 bytes. Events are 'LogCreated':undefined
2026-05-05 10:31:12 - [34mdebug[39m: Sending request to https://collector-observability.browserstack.com/api/v1/batch
[35msilly[39m: [2026-05-05T16:31:12.615Z][ TEST REPORTING AND ANALYTICS ] Processing event - 'LogCreated' undefined
2026-05-05 10:31:12 - [34mdebug[39m: Response from https://collector-observability.browserstack.com/api/v1/batch: 200 OK
[34mdebug[39m: [2026-05-05T16:31:12.619Z][ TEST REPORTING AND ANALYTICS ] Interval-Queue event successful for events 'LogCreated':undefined -- {"success":true}
[35msilly[39m: [2026-05-05T16:31:12.619Z][ TEST REPORTING AND ANALYTICS ] Remaining Queue Length - 1
[35msilly[39m: [2026-05-05T16:31:14.236Z][ TEST REPORTING AND ANALYTICS ] Processing events. Queue Length - 1
[34mdebug[39m: [2026-05-05T16:31:14.236Z][ TEST REPORTING AND ANALYTICS ] Processing batch events for Interval-Queue. Request Size - 1416 bytes. Events are 'LogCreated':undefined
2026-05-05 10:31:14 - [34mdebug[39m: Sending request to https://collector-observability.browserstack.com/api/v1/batch
[35msilly[39m: [2026-05-05T16:31:14.613Z][ TEST REPORTING AND ANALYTICS ] Processing event - 'LogCreated' undefined
2026-05-05 10:31:14 - [34mdebug[39m: Response from https://collector-observability.browserstack.com/api/v1/batch: 200 OK
[34mdebug[39m: [2026-05-05T16:31:14.614Z][ TEST REPORTING AND ANALYTICS ] Interval-Queue event successful for events 'LogCreated':undefined -- {"success":true}
[35msilly[39m: [2026-05-05T16:31:14.614Z][ TEST REPORTING AND ANALYTICS ] Remaining Queue Length - 1
[35msilly[39m: [2026-05-05T16:31:16.235Z][ TEST REPORTING AND ANALYTICS ] Processing events. Queue Length - 1
[34mdebug[39m: [2026-05-05T16:31:16.236Z][ TEST REPORTING AND ANALYTICS ] Processing batch events for Interval-Queue. Request Size - 1416 bytes. Events are 'LogCreated':undefined
2026-05-05 10:31:16 - [34mdebug[39m: Sending request to https://collector-observability.browserstack.com/api/v1/batch
[35msilly[39m: [2026-05-05T16:31:16.600Z][ TEST REPORTING AND ANALYTICS ] Processing event - 'LogCreated' undefined
2026-05-05 10:31:16 - [34mdebug[39m: Response from https://collector-observability.browserstack.com/api/v1/batch: 200 OK
[34mdebug[39m: [2026-05-05T16:31:16.601Z][ TEST REPORTING AND ANALYTICS ] Interval-Queue event successful for events 'LogCreated':undefined -- {"success":true}
[35msilly[39m: [2026-05-05T16:31:16.601Z][ TEST REPORTING AND ANALYTICS ] Remaining Queue Length - 1
[35msilly[39m: [2026-05-05T16:31:18.236Z][ TEST REPORTING AND ANALYTICS ] Processing events. Queue Length - 1
[34mdebug[39m: [2026-05-05T16:31:18.236Z][ TEST REPORTING AND ANALYTICS ] Processing batch events for Interval-Queue. Request Size - 1416 bytes. Events are 'LogCreated':undefined
2026-05-05 10:31:18 - [34mdebug[39m: Sending request to https://collector-observability.browserstack.com/api/v1/batch
[35msilly[39m: [2026-05-05T16:31:18.605Z][ TEST REPORTING AND ANALYTICS ] Processing event - 'LogCreated' undefined
2026-05-05 10:31:18 - [34mdebug[39m: Response from https://collector-observability.browserstack.com/api/v1/batch: 200 OK
[34mdebug[39m: [2026-05-05T16:31:18.606Z][ TEST REPORTING AND ANALYTICS ] Interval-Queue event successful for events 'LogCreated':undefined -- {"success":true}
[35msilly[39m: [2026-05-05T16:31:18.606Z][ TEST REPORTING AND ANALYTICS ] Remaining Queue Length - 1
[35msilly[39m: [2026-05-05T16:31:20.246Z][ TEST REPORTING AND ANALYTICS ] Processing events. Queue Length - 1
[34mdebug[39m: [2026-05-05T16:31:20.246Z][ TEST REPORTING AND ANALYTICS ] Processing batch events for Interval-Queue. Request Size - 1416 bytes. Events are 'LogCreated':undefined
2026-05-05 10:31:20 - [34mdebug[39m: Sending request to https://collector-observability.browserstack.com/api/v1/batch
[35msilly[39m: [2026-05-05T16:31:20.617Z][ TEST REPORTING AND ANALYTICS ] Processing event - 'LogCreated' undefined
2026-05-05 10:31:20 - [34mdebug[39m: Response from https://collector-observability.browserstack.com/api/v1/batch: 200 OK
[34mdebug[39m: [2026-05-05T16:31:20.618Z][ TEST REPORTING AND ANALYTICS ] Interval-Queue event successful for events 'LogCreated':undefined -- {"success":true}
[35msilly[39m: [2026-05-05T16:31:20.618Z][ TEST REPORTING AND ANALYTICS ] Remaining Queue Length - 1
[35msilly[39m: [2026-05-05T16:31:20.765Z][ TEST REPORTING AND ANALYTICS ] Hook Finished with unique id beforeEach hook for chrome-latest:Windows 11-browserstack3-b844c2afe9c7a518cbf6-17b621e7df75f930958f is triggered
[35msilly[39m: [2026-05-05T16:31:20.765Z][ TEST REPORTING AND ANALYTICS ] Processing event - 'LogCreated' undefined
[35msilly[39m: [2026-05-05T16:31:20.766Z][ TEST REPORTING AND ANALYTICS ] Processing event - 'HookRunFinished' 964e2a94-f4c2-444e-accf-6e9c01d9677a
[35msilly[39m: [2026-05-05T16:31:20.806Z][ TEST REPORTING AND ANALYTICS ] Processing events. Queue Length - 2
[34mdebug[39m: [2026-05-05T16:31:20.806Z][ TEST REPORTING AND ANALYTICS ] Processing batch events for Interval-Queue. Request Size - 5684 bytes. Events are 'LogCreated':undefined,'HookRunFinished':964e2a94-f4c2-444e-accf-6e9c01d9677a
2026-05-05 10:31:20 - [34mdebug[39m: Sending request to https://collector-observability.browserstack.com/api/v1/batch
2026-05-05 10:31:21 - [34mdebug[39m: Response from https://collector-observability.browserstack.com/api/v1/batch: 200 OK
[34mdebug[39m: [2026-05-05T16:31:21.176Z][ TEST REPORTING AND ANALYTICS ] Interval-Queue event successful for events 'LogCreated':undefined,'HookRunFinished':964e2a94-f4c2-444e-accf-6e9c01d9677a -- {"success":true}
[35msilly[39m: [2026-05-05T16:31:21.176Z][ TEST REPORTING AND ANALYTICS ] Remaining Queue Length - 0
[35msilly[39m: [2026-05-05T16:31:22.256Z][ TEST REPORTING AND ANALYTICS ] Processing events. Queue Length - 1
[34mdebug[39m: [2026-05-05T16:31:22.256Z][ TEST REPORTING AND ANALYTICS ] Processing batch events for Interval-Queue. Request Size - 1416 bytes. Events are 'LogCreated':undefined
2026-05-05 10:31:22 - [34mdebug[39m: Sending request to https://collector-observability.browserstack.com/api/v1/batch
[35msilly[39m: [2026-05-05T16:31:22.628Z][ TEST REPORTING AND ANALYTICS ] Processing event - 'LogCreated' undefined
2026-05-05 10:31:22 - [34mdebug[39m: Response from https://collector-observability.browserstack.com/api/v1/batch: 200 OK
[34mdebug[39m: [2026-05-05T16:31:22.629Z][ TEST REPORTING AND ANALYTICS ] Interval-Queue event successful for events 'LogCreated':undefined -- {"success":true}
[35msilly[39m: [2026-05-05T16:31:22.629Z][ TEST REPORTING AND ANALYTICS ] Remaining Queue Length - 1
[35msilly[39m: [2026-05-05T16:31:24.256Z][ TEST REPORTING AND ANALYTICS ] Processing events. Queue Length - 1
[34mdebug[39m: [2026-05-05T16:31:24.256Z][ TEST REPORTING AND ANALYTICS ] Processing batch events for Interval-Queue. Request Size - 1416 bytes. Events are 'LogCreated':undefined
2026-05-05 10:31:24 - [34mdebug[39m: Sending request to https://collector-observability.browserstack.com/api/v1/batch
[35msilly[39m: [2026-05-05T16:31:24.610Z][ TEST REPORTING AND ANALYTICS ] Processing event - 'LogCreated' undefined
2026-05-05 10:31:24 - [34mdebug[39m: Response from https://collector-observability.browserstack.com/api/v1/batch: 200 OK
[34mdebug[39m: [2026-05-05T16:31:24.612Z][ TEST REPORTING AND ANALYTICS ] Interval-Queue event successful for events 'LogCreated':undefined -- {"success":true}
[35msilly[39m: [2026-05-05T16:31:24.612Z][ TEST REPORTING AND ANALYTICS ] Remaining Queue Length - 1
[35msilly[39m: [2026-05-05T16:31:26.267Z][ TEST REPORTING AND ANALYTICS ] Processing events. Queue Length - 1
[34mdebug[39m: [2026-05-05T16:31:26.267Z][ TEST REPORTING AND ANALYTICS ] Processing batch events for Interval-Queue. Request Size - 1416 bytes. Events are 'LogCreated':undefined
2026-05-05 10:31:26 - [34mdebug[39m: Sending request to https://collector-observability.browserstack.com/api/v1/batch
[35msilly[39m: [2026-05-05T16:31:26.621Z][ TEST REPORTING AND ANALYTICS ] Processing event - 'LogCreated' undefined
2026-05-05 10:31:26 - [34mdebug[39m: Response from https://collector-observability.browserstack.com/api/v1/batch: 200 OK
[34mdebug[39m: [2026-05-05T16:31:26.623Z][ TEST REPORTING AND ANALYTICS ] Interval-Queue event successful for events 'LogCreated':undefined -- {"success":true}
[35msilly[39m: [2026-05-05T16:31:26.623Z][ TEST REPORTING AND ANALYTICS ] Remaining Queue Length - 1
[35msilly[39m: [2026-05-05T16:31:28.280Z][ TEST REPORTING AND ANALYTICS ] Processing events. Queue Length - 1
[34mdebug[39m: [2026-05-05T16:31:28.281Z][ TEST REPORTING AND ANALYTICS ] Processing batch events for Interval-Queue. Request Size - 1416 bytes. Events are 'LogCreated':undefined
2026-05-05 10:31:28 - [34mdebug[39m: Sending request to https://collector-observability.browserstack.com/api/v1/batch
[35msilly[39m: [2026-05-05T16:31:28.641Z][ TEST REPORTING AND ANALYTICS ] Processing event - 'LogCreated' undefined
2026-05-05 10:31:28 - [34mdebug[39m: Response from https://collector-observability.browserstack.com/api/v1/batch: 200 OK
[34mdebug[39m: [2026-05-05T16:31:28.642Z][ TEST REPORTING AND ANALYTICS ] Interval-Queue event successful for events 'LogCreated':undefined -- {"success":true}
[35msilly[39m: [2026-05-05T16:31:28.642Z][ TEST REPORTING AND ANALYTICS ] Remaining Queue Length - 1
[35msilly[39m: [2026-05-05T16:31:30.295Z][ TEST REPORTING AND ANALYTICS ] Processing events. Queue Length - 1
[34mdebug[39m: [2026-05-05T16:31:30.296Z][ TEST REPORTING AND ANALYTICS ] Processing batch events for Interval-Queue. Request Size - 1416 bytes. Events are 'LogCreated':undefined
2026-05-05 10:31:30 - [34mdebug[39m: Sending request to https://collector-observability.browserstack.com/api/v1/batch
[35msilly[39m: [2026-05-05T16:31:30.651Z][ TEST REPORTING AND ANALYTICS ] Processing event - 'LogCreated' undefined
2026-05-05 10:31:30 - [34mdebug[39m: Response from https://collector-observability.browserstack.com/api/v1/batch: 200 OK
[34mdebug[39m: [2026-05-05T16:31:30.652Z][ TEST REPORTING AND ANALYTICS ] Interval-Queue event successful for events 'LogCreated':undefined -- {"success":true}
[35msilly[39m: [2026-05-05T16:31:30.652Z][ TEST REPORTING AND ANALYTICS ] Remaining Queue Length - 1
[35msilly[39m: [2026-05-05T16:31:32.299Z][ TEST REPORTING AND ANALYTICS ] Processing events. Queue Length - 1
[34mdebug[39m: [2026-05-05T16:31:32.299Z][ TEST REPORTING AND ANALYTICS ] Processing batch events for Interval-Queue. Request Size - 1416 bytes. Events are 'LogCreated':undefined
2026-05-05 10:31:32 - [34mdebug[39m: Sending request to https://collector-observability.browserstack.com/api/v1/batch
[35msilly[39m: [2026-05-05T16:31:32.651Z][ TEST REPORTING AND ANALYTICS ] Processing event - 'LogCreated' undefined
2026-05-05 10:31:32 - [34mdebug[39m: Response from https://collector-observability.browserstack.com/api/v1/batch: 200 OK
[34mdebug[39m: [2026-05-05T16:31:32.652Z][ TEST REPORTING AND ANALYTICS ] Interval-Queue event successful for events 'LogCreated':undefined -- {"success":true}
[35msilly[39m: [2026-05-05T16:31:32.652Z][ TEST REPORTING AND ANALYTICS ] Remaining Queue Length - 1
[35msilly[39m: [2026-05-05T16:31:34.306Z][ TEST REPORTING AND ANALYTICS ] Processing events. Queue Length - 1
[34mdebug[39m: [2026-05-05T16:31:34.307Z][ TEST REPORTING AND ANALYTICS ] Processing batch events for Interval-Queue. Request Size - 1416 bytes. Events are 'LogCreated':undefined
2026-05-05 10:31:34 - [34mdebug[39m: Sending request to https://collector-observability.browserstack.com/api/v1/batch
[35msilly[39m: [2026-05-05T16:31:34.666Z][ TEST REPORTING AND ANALYTICS ] Processing event - 'LogCreated' undefined
2026-05-05 10:31:34 - [34mdebug[39m: Response from https://collector-observability.browserstack.com/api/v1/batch: 200 OK
[34mdebug[39m: [2026-05-05T16:31:34.668Z][ TEST REPORTING AND ANALYTICS ] Interval-Queue event successful for events 'LogCreated':undefined -- {"success":true}
[35msilly[39m: [2026-05-05T16:31:34.668Z][ TEST REPORTING AND ANALYTICS ] Remaining Queue Length - 1
[35msilly[39m: [2026-05-05T16:31:36.310Z][ TEST REPORTING AND ANALYTICS ] Processing events. Queue Length - 1
[34mdebug[39m: [2026-05-05T16:31:36.310Z][ TEST REPORTING AND ANALYTICS ] Processing batch events for Interval-Queue. Request Size - 1416 bytes. Events are 'LogCreated':undefined
2026-05-05 10:31:36 - [34mdebug[39m: Sending request to https://collector-observability.browserstack.com/api/v1/batch
[35msilly[39m: [2026-05-05T16:31:36.659Z][ TEST REPORTING AND ANALYTICS ] Processing event - 'LogCreated' undefined
2026-05-05 10:31:36 - [34mdebug[39m: Response from https://collector-observability.browserstack.com/api/v1/batch: 200 OK
[34mdebug[39m: [2026-05-05T16:31:36.659Z][ TEST REPORTING AND ANALYTICS ] Interval-Queue event successful for events 'LogCreated':undefined -- {"success":true}
[35msilly[39m: [2026-05-05T16:31:36.659Z][ TEST REPORTING AND ANALYTICS ] Remaining Queue Length - 1
[35msilly[39m: [2026-05-05T16:31:38.326Z][ TEST REPORTING AND ANALYTICS ] Processing events. Queue Length - 1
[34mdebug[39m: [2026-05-05T16:31:38.327Z][ TEST REPORTING AND ANALYTICS ] Processing batch events for Interval-Queue. Request Size - 1416 bytes. Events are 'LogCreated':undefined
2026-05-05 10:31:38 - [34mdebug[39m: Sending request to https://collector-observability.browserstack.com/api/v1/batch
[35msilly[39m: [2026-05-05T16:31:38.687Z][ TEST REPORTING AND ANALYTICS ] Processing event - 'LogCreated' undefined
2026-05-05 10:31:38 - [34mdebug[39m: Response from https://collector-observability.browserstack.com/api/v1/batch: 200 OK
[34mdebug[39m: [2026-05-05T16:31:38.688Z][ TEST REPORTING AND ANALYTICS ] Interval-Queue event successful for events 'LogCreated':undefined -- {"success":true}
[35msilly[39m: [2026-05-05T16:31:38.689Z][ TEST REPORTING AND ANALYTICS ] Remaining Queue Length - 1
2026-05-05 10:31:39 - [34mdebug[39m: Accessibility extension data for current test: {"thTestRunUuid":"35332199-b830-422c-be67-d81fca09a185","thBuildUuid":"1gdastcn8kq9sxsko6uvecgoi3hmpl1o1ghvf2we","thJwtToken":"eyJhbGciOiJIUzI1NiJ9.eyJpc3MiOiJicm93c2Vyc3RhY2tfb2IiLCJzdWIiOiIxMDkzMzE0NCIsImdyb3VwX2lkIjoxMDg0OTc3MywidXNlcl9pZCI6MTA5MzMxNDQsImJ1aWxkX2hhc2hlZF9pZCI6IjFnZGFzdGNuOGtxOXN4c2tvNnV2ZWNnb2kzaG1wbDFvMWdodmYyd2UiLCJwcm9qZWN0X25hbWUiOiIiLCJob29rX2FzX3Rlc3QiOiIxIiwiYnVpbGRfbmFtZSI6IkF2b3RlY2gtUmVncmVzc2lvbi1UZXN0U3VpdGUiLCJwcm9kdWN0X21hcCI6IntcIm9ic2VydmFiaWxpdHlcIjp0cnVlLFwiYXV0b21hdGVcIjp0cnVlLFwiY2FkXCI6dHJ1ZSxcImFjY2Vzc2liaWxpdHlBdXRvRW5hYmxlZFwiOnRydWUsXCJub25TREtcIjpmYWxzZSxcIm9yaWdpbkZyb21Qcm9kdWN0TWFwXCI6XCJBdXRvbWF0ZVwiLFwiYnN0YWNrQXV0b21hdGlvblwiOnRydWV9IiwiZ3JyX3JlZ2lvbiI6IiIsImlzX2xvd192b2x1bWUiOmZhbHNlLCJpc19sY25jX2V2ZW50IjpmYWxzZSwiaXNfbHRzX2V2ZW50IjpmYWxzZSwic2lnbmluZ19rZXlfaGFzaCI6IjM3YzExMzFlNGIyZTc0M2M3NjZlMWQ3MGJmNWYyYjU3ZGM2OWIxOTVkMzAwZTMyYWU4ZDAyMzEyMGE0YTZkOTciLCJpYXQiOjE3Nzc5OTg0NzMsImV4cCI6MTc3ODM0NDA3M30.Gp72MtFIYMISvs78WJF6exDqEAuDQ-wAShJ3z3IxYOs"}
2026-05-05 10:31:39 - [32minfo[39m: Automate test case execution has ended. Processing for accessibility testing is underway. 
2026-05-05 10:31:39 - [34mdebug[39m: Performing scan before saving results.
2026-05-05 10:31:39 - [33mwarn[39m: Not a valid Accessibility Automation session for playwright-page, cannot perform scan with retry.
2026-05-05 10:31:39 - [34mdebug[39m: result=false
2026-05-05 10:31:39 - [33mwarn[39m: Not a valid Accessibility Automation session for playwright-page, cannot save accessibility results with retry.
2026-05-05 10:31:39 - [34mdebug[39m: saved Result scan=false
2026-05-05 10:31:39 - [32minfo[39m: Accessibility testing for this test case has ended.
[35msilly[39m: [2026-05-05T16:31:39.268Z][ TEST REPORTING AND ANALYTICS ] Started :: afterTestHook, PID - 8956, Argument - Navigate to Package Management and create package
[34mdebug[39m: [2026-05-05T16:31:39.269Z][ TEST REPORTING AND ANALYTICS ] Started :: Executing After Test Hook, PID - 8956, Test Title - Navigate to Package Management and create package, Test File - D:\CODES\CSI-QA-testing\tests\csi\salesAndBilling\SalesAndBilling.spec.ts
2026-05-05 10:31:39 - [32minfo[39m: [Accessibility] afterTestHook state: accessibilityPlatform=false, bstackA11yShouldScan=true
[34mdebug[39m: [2026-05-05T16:31:39.270Z][ TEST REPORTING AND ANALYTICS ] Sending session details for chrome-latest:Windows 11-browserstack3-b844c2afe9c7a518cbf6-17b621e7df75f930958f-0, {
  browserstack: {
    browser: 'chrome',
    browser_version: '147.0.7727.56',
    capabilities: {},
    platform: 'Windows',
    platform_version: '11',
    product: 'automate',
    session_id: '79eb725608ab6b172efce64fdbcee1e458077bb5'
  }
}
[35msilly[39m: [2026-05-05T16:31:39.271Z][ TEST REPORTING AND ANALYTICS ] Processing event - 'CBTSessionCreated' 35332199-b830-422c-be67-d81fca09a185
[35msilly[39m: [2026-05-05T16:31:39.271Z][ TEST REPORTING AND ANALYTICS ] Finished :: afterTestHook, PID - 8956, Argument - Navigate to Package Management and create package
[34mdebug[39m: [2026-05-05T16:31:39.779Z][ TEST REPORTING AND ANALYTICS ] Finished :: Executing After Test Hook, PID - 8956, Test Title - Navigate to Package Management and create package, Test File - D:\CODES\CSI-QA-testing\tests\csi\salesAndBilling\SalesAndBilling.spec.ts
[34mdebug[39m: [2026-05-05T16:31:39.780Z][ TEST REPORTING AND ANALYTICS ] Test Hook ended, PID 8956
[34mdebug[39m: [2026-05-05T16:31:39.789Z][ TEST REPORTING AND ANALYTICS ] Test Finished with unique id chrome-latest:Windows 11-browserstack3-b844c2afe9c7a518cbf6-17b621e7df75f930958f
[35msilly[39m: [2026-05-05T16:31:39.789Z][ TEST REPORTING AND ANALYTICS ] Processing event - 'LogCreated' undefined
2026-05-05 10:31:39 - [34mdebug[39m: Searching for key: path
[35msilly[39m: [2026-05-05T16:31:39.790Z][ TEST REPORTING AND ANALYTICS ] Processing event - 'TestRunFinished' 5ef59da9-5198-4f67-921c-7bc3903bbd5b
[34mdebug[39m: [2026-05-05T16:31:39.790Z][ TEST REPORTING AND ANALYTICS ] Starting sending trace zip for test: 5ef59da9-5198-4f67-921c-7bc3903bbd5b
2026-05-05 10:31:39 - [34mdebug[39m: Checking if trace is enabled for test: 5ef59da9-5198-4f67-921c-7bc3903bbd5b
2026-05-05 10:31:39 - [34mdebug[39m: Searching for key: path
[35msilly[39m: [2026-05-05T16:31:39.798Z][ TEST REPORTING AND ANALYTICS ] Test Started with unique id chrome-latest:Windows 11-browserstack3-b844c2afe9c7a518cbf6-807912829515a05ba3ed
2026-05-05 10:31:39 - [34mdebug[39m: Searching for key: path
[35msilly[39m: [2026-05-05T16:31:39.800Z][ TEST REPORTING AND ANALYTICS ] Processing event - 'TestRunStarted' d4d30d1c-77ab-46ff-91a0-70d1d05eec9d
[35msilly[39m: [2026-05-05T16:31:39.801Z][ TEST REPORTING AND ANALYTICS ] Hook Started with unique id beforeEach hook for chrome-latest:Windows 11-browserstack3-b844c2afe9c7a518cbf6-807912829515a05ba3ed is triggered for test b844c2afe9c7a518cbf6-807912829515a05ba3ed-0
[35msilly[39m: [2026-05-05T16:31:39.801Z][ TEST REPORTING AND ANALYTICS ] Processing event - 'HookRunStarted' f9fd2a6d-6321-4cd7-bbb0-4fcdb1523435
[34mdebug[39m: [2026-05-05T16:31:39.804Z][ TEST REPORTING AND ANALYTICS ] Test Hook started, PID 8956
[35msilly[39m: [2026-05-05T16:31:39.804Z][ TEST REPORTING AND ANALYTICS ] Started :: beforeTestHook, PID - 8956, Argument - Navigate to Sales Order and create sales order
[35msilly[39m: [2026-05-05T16:31:39.804Z][ TEST REPORTING AND ANALYTICS ] Sending session details at beforeTestHook
[34mdebug[39m: [2026-05-05T16:31:39.805Z][ TEST REPORTING AND ANALYTICS ] Sending session details for chrome-latest:Windows 11-browserstack3-b844c2afe9c7a518cbf6-807912829515a05ba3ed-0, {
  browserstack: {
    browser: 'chrome',
    browser_version: '147.0.7727.56',
    capabilities: {},
    platform: 'Windows',
    platform_version: '11',
    product: 'automate',
    session_id: '79eb725608ab6b172efce64fdbcee1e458077bb5'
  }
}
[35msilly[39m: [2026-05-05T16:31:39.805Z][ TEST REPORTING AND ANALYTICS ] Processing event - 'CBTSessionCreated' 7f7353d7-5673-4b7e-9722-604e2c3b6642
[35msilly[39m: [2026-05-05T16:31:39.805Z][ TEST REPORTING AND ANALYTICS ] Finished :: beforeTestHook, PID - 8956, Argument - Navigate to Sales Order and create sales order
2026-05-05 10:31:39 - [34mdebug[39m: [Accessibility] Initialized for test: autoScanning=true, bstackA11yShouldScan=true
[35msilly[39m: [2026-05-05T16:31:40.335Z][ TEST REPORTING AND ANALYTICS ] Processing events. Queue Length - 3
[34mdebug[39m: [2026-05-05T16:31:40.336Z][ TEST REPORTING AND ANALYTICS ] Processing batch events for Interval-Queue. Request Size - 2058 bytes. Events are 'LogCreated':undefined,'CBTSessionCreated':35332199-b830-422c-be67-d81fca09a185,'CBTSessionCreated':7f7353d7-5673-4b7e-9722-604e2c3b6642
2026-05-05 10:31:40 - [34mdebug[39m: Sending request to https://collector-observability.browserstack.com/api/v1/batch
[35msilly[39m: [2026-05-05T16:31:40.706Z][ TEST REPORTING AND ANALYTICS ] Processing event - 'LogCreated' undefined
2026-05-05 10:31:40 - [34mdebug[39m: Response from https://collector-observability.browserstack.com/api/v1/batch: 200 OK
[34mdebug[39m: [2026-05-05T16:31:40.710Z][ TEST REPORTING AND ANALYTICS ] Interval-Queue event successful for events 'LogCreated':undefined,'CBTSessionCreated':35332199-b830-422c-be67-d81fca09a185,'CBTSessionCreated':7f7353d7-5673-4b7e-9722-604e2c3b6642 -- {"success":true}
[35msilly[39m: [2026-05-05T16:31:40.710Z][ TEST REPORTING AND ANALYTICS ] Remaining Queue Length - 1
[35msilly[39m: [2026-05-05T16:31:40.876Z][ TEST REPORTING AND ANALYTICS ] Processing events. Queue Length - 4
[34mdebug[39m: [2026-05-05T16:31:40.876Z][ TEST REPORTING AND ANALYTICS ] Processing batch events for Interval-Queue. Request Size - 24011 bytes. Events are 'LogCreated':undefined,'TestRunFinished':5ef59da9-5198-4f67-921c-7bc3903bbd5b,'TestRunStarted':d4d30d1c-77ab-46ff-91a0-70d1d05eec9d,'HookRunStarted':f9fd2a6d-6321-4cd7-bbb0-4fcdb1523435
2026-05-05 10:31:40 - [34mdebug[39m: Sending request to https://collector-observability.browserstack.com/api/v1/batch
2026-05-05 10:31:41 - [34mdebug[39m: Response from https://collector-observability.browserstack.com/api/v1/batch: 200 OK
[34mdebug[39m: [2026-05-05T16:31:41.265Z][ TEST REPORTING AND ANALYTICS ] Interval-Queue event successful for events 'LogCreated':undefined,'TestRunFinished':5ef59da9-5198-4f67-921c-7bc3903bbd5b,'TestRunStarted':d4d30d1c-77ab-46ff-91a0-70d1d05eec9d,'HookRunStarted':f9fd2a6d-6321-4cd7-bbb0-4fcdb1523435 -- {"success":true}
[35msilly[39m: [2026-05-05T16:31:41.265Z][ TEST REPORTING AND ANALYTICS ] Remaining Queue Length - 0
[35msilly[39m: [2026-05-05T16:31:42.349Z][ TEST REPORTING AND ANALYTICS ] Processing events. Queue Length - 1
[34mdebug[39m: [2026-05-05T16:31:42.350Z][ TEST REPORTING AND ANALYTICS ] Processing batch events for Interval-Queue. Request Size - 1416 bytes. Events are 'LogCreated':undefined
2026-05-05 10:31:42 - [34mdebug[39m: Sending request to https://collector-observability.browserstack.com/api/v1/batch
[35msilly[39m: [2026-05-05T16:31:42.712Z][ TEST REPORTING AND ANALYTICS ] Processing event - 'LogCreated' undefined
2026-05-05 10:31:42 - [34mdebug[39m: Response from https://collector-observability.browserstack.com/api/v1/batch: 200 OK
[34mdebug[39m: [2026-05-05T16:31:42.713Z][ TEST REPORTING AND ANALYTICS ] Interval-Queue event successful for events 'LogCreated':undefined -- {"success":true}
[35msilly[39m: [2026-05-05T16:31:42.713Z][ TEST REPORTING AND ANALYTICS ] Remaining Queue Length - 1
[35msilly[39m: [2026-05-05T16:31:44.363Z][ TEST REPORTING AND ANALYTICS ] Processing events. Queue Length - 1
[34mdebug[39m: [2026-05-05T16:31:44.363Z][ TEST REPORTING AND ANALYTICS ] Processing batch events for Interval-Queue. Request Size - 1416 bytes. Events are 'LogCreated':undefined
2026-05-05 10:31:44 - [34mdebug[39m: Sending request to https://collector-observability.browserstack.com/api/v1/batch
[35msilly[39m: [2026-05-05T16:31:44.722Z][ TEST REPORTING AND ANALYTICS ] Processing event - 'LogCreated' undefined
2026-05-05 10:31:44 - [34mdebug[39m: Response from https://collector-observability.browserstack.com/api/v1/batch: 200 OK
[34mdebug[39m: [2026-05-05T16:31:44.724Z][ TEST REPORTING AND ANALYTICS ] Interval-Queue event successful for events 'LogCreated':undefined -- {"success":true}
[35msilly[39m: [2026-05-05T16:31:44.724Z][ TEST REPORTING AND ANALYTICS ] Remaining Queue Length - 1
[35msilly[39m: [2026-05-05T16:31:46.369Z][ TEST REPORTING AND ANALYTICS ] Processing events. Queue Length - 1
[34mdebug[39m: [2026-05-05T16:31:46.369Z][ TEST REPORTING AND ANALYTICS ] Processing batch events for Interval-Queue. Request Size - 1416 bytes. Events are 'LogCreated':undefined
2026-05-05 10:31:46 - [34mdebug[39m: Sending request to https://collector-observability.browserstack.com/api/v1/batch
[35msilly[39m: [2026-05-05T16:31:46.724Z][ TEST REPORTING AND ANALYTICS ] Processing event - 'LogCreated' undefined
2026-05-05 10:31:46 - [34mdebug[39m: Response from https://collector-observability.browserstack.com/api/v1/batch: 200 OK
[34mdebug[39m: [2026-05-05T16:31:46.725Z][ TEST REPORTING AND ANALYTICS ] Interval-Queue event successful for events 'LogCreated':undefined -- {"success":true}
[35msilly[39m: [2026-05-05T16:31:46.725Z][ TEST REPORTING AND ANALYTICS ] Remaining Queue Length - 1
[35msilly[39m: [2026-05-05T16:31:48.375Z][ TEST REPORTING AND ANALYTICS ] Processing events. Queue Length - 1
[34mdebug[39m: [2026-05-05T16:31:48.375Z][ TEST REPORTING AND ANALYTICS ] Processing batch events for Interval-Queue. Request Size - 1416 bytes. Events are 'LogCreated':undefined
2026-05-05 10:31:48 - [34mdebug[39m: Sending request to https://collector-observability.browserstack.com/api/v1/batch
[35msilly[39m: [2026-05-05T16:31:48.740Z][ TEST REPORTING AND ANALYTICS ] Processing event - 'LogCreated' undefined
2026-05-05 10:31:48 - [34mdebug[39m: Response from https://collector-observability.browserstack.com/api/v1/batch: 200 OK
[34mdebug[39m: [2026-05-05T16:31:48.741Z][ TEST REPORTING AND ANALYTICS ] Interval-Queue event successful for events 'LogCreated':undefined -- {"success":true}
[35msilly[39m: [2026-05-05T16:31:48.741Z][ TEST REPORTING AND ANALYTICS ] Remaining Queue Length - 1
[35msilly[39m: [2026-05-05T16:31:50.388Z][ TEST REPORTING AND ANALYTICS ] Processing events. Queue Length - 1
[34mdebug[39m: [2026-05-05T16:31:50.389Z][ TEST REPORTING AND ANALYTICS ] Processing batch events for Interval-Queue. Request Size - 1416 bytes. Events are 'LogCreated':undefined
2026-05-05 10:31:50 - [34mdebug[39m: Sending request to https://collector-observability.browserstack.com/api/v1/batch
[35msilly[39m: [2026-05-05T16:31:50.743Z][ TEST REPORTING AND ANALYTICS ] Processing event - 'LogCreated' undefined
2026-05-05 10:31:50 - [34mdebug[39m: Response from https://collector-observability.browserstack.com/api/v1/batch: 200 OK
[34mdebug[39m: [2026-05-05T16:31:50.744Z][ TEST REPORTING AND ANALYTICS ] Interval-Queue event successful for events 'LogCreated':undefined -- {"success":true}
[35msilly[39m: [2026-05-05T16:31:50.744Z][ TEST REPORTING AND ANALYTICS ] Remaining Queue Length - 1
[35msilly[39m: [2026-05-05T16:31:52.389Z][ TEST REPORTING AND ANALYTICS ] Processing events. Queue Length - 1
[34mdebug[39m: [2026-05-05T16:31:52.390Z][ TEST REPORTING AND ANALYTICS ] Processing batch events for Interval-Queue. Request Size - 1416 bytes. Events are 'LogCreated':undefined
2026-05-05 10:31:52 - [34mdebug[39m: Sending request to https://collector-observability.browserstack.com/api/v1/batch
[35msilly[39m: [2026-05-05T16:31:52.758Z][ TEST REPORTING AND ANALYTICS ] Processing event - 'LogCreated' undefined
2026-05-05 10:31:52 - [34mdebug[39m: Response from https://collector-observability.browserstack.com/api/v1/batch: 200 OK
[34mdebug[39m: [2026-05-05T16:31:52.759Z][ TEST REPORTING AND ANALYTICS ] Interval-Queue event successful for events 'LogCreated':undefined -- {"success":true}
[35msilly[39m: [2026-05-05T16:31:52.759Z][ TEST REPORTING AND ANALYTICS ] Remaining Queue Length - 1
[35msilly[39m: [2026-05-05T16:31:54.406Z][ TEST REPORTING AND ANALYTICS ] Processing events. Queue Length - 1
[34mdebug[39m: [2026-05-05T16:31:54.406Z][ TEST REPORTING AND ANALYTICS ] Processing batch events for Interval-Queue. Request Size - 1416 bytes. Events are 'LogCreated':undefined
2026-05-05 10:31:54 - [34mdebug[39m: Sending request to https://collector-observability.browserstack.com/api/v1/batch
[35msilly[39m: [2026-05-05T16:31:54.780Z][ TEST REPORTING AND ANALYTICS ] Processing event - 'LogCreated' undefined
2026-05-05 10:31:54 - [34mdebug[39m: Response from https://collector-observability.browserstack.com/api/v1/batch: 200 OK
[34mdebug[39m: [2026-05-05T16:31:54.780Z][ TEST REPORTING AND ANALYTICS ] Interval-Queue event successful for events 'LogCreated':undefined -- {"success":true}
[35msilly[39m: [2026-05-05T16:31:54.781Z][ TEST REPORTING AND ANALYTICS ] Remaining Queue Length - 1
[35msilly[39m: [2026-05-05T16:31:56.406Z][ TEST REPORTING AND ANALYTICS ] Processing events. Queue Length - 1
[34mdebug[39m: [2026-05-05T16:31:56.407Z][ TEST REPORTING AND ANALYTICS ] Processing batch events for Interval-Queue. Request Size - 1416 bytes. Events are 'LogCreated':undefined
2026-05-05 10:31:56 - [34mdebug[39m: Sending request to https://collector-observability.browserstack.com/api/v1/batch
[35msilly[39m: [2026-05-05T16:31:56.781Z][ TEST REPORTING AND ANALYTICS ] Processing event - 'LogCreated' undefined
2026-05-05 10:31:56 - [34mdebug[39m: Response from https://collector-observability.browserstack.com/api/v1/batch: 200 OK
[34mdebug[39m: [2026-05-05T16:31:56.783Z][ TEST REPORTING AND ANALYTICS ] Interval-Queue event successful for events 'LogCreated':undefined -- {"success":true}
[35msilly[39m: [2026-05-05T16:31:56.784Z][ TEST REPORTING AND ANALYTICS ] Remaining Queue Length - 1
[35msilly[39m: [2026-05-05T16:31:58.416Z][ TEST REPORTING AND ANALYTICS ] Processing events. Queue Length - 1
[34mdebug[39m: [2026-05-05T16:31:58.417Z][ TEST REPORTING AND ANALYTICS ] Processing batch events for Interval-Queue. Request Size - 1416 bytes. Events are 'LogCreated':undefined
2026-05-05 10:31:58 - [34mdebug[39m: Sending request to https://collector-observability.browserstack.com/api/v1/batch
[35msilly[39m: [2026-05-05T16:31:58.791Z][ TEST REPORTING AND ANALYTICS ] Processing event - 'LogCreated' undefined
2026-05-05 10:31:58 - [34mdebug[39m: Response from https://collector-observability.browserstack.com/api/v1/batch: 200 OK
[34mdebug[39m: [2026-05-05T16:31:58.792Z][ TEST REPORTING AND ANALYTICS ] Interval-Queue event successful for events 'LogCreated':undefined -- {"success":true}
[35msilly[39m: [2026-05-05T16:31:58.792Z][ TEST REPORTING AND ANALYTICS ] Remaining Queue Length - 1
[35msilly[39m: [2026-05-05T16:31:59.492Z][ TEST REPORTING AND ANALYTICS ] Hook Finished with unique id beforeEach hook for chrome-latest:Windows 11-browserstack3-b844c2afe9c7a518cbf6-807912829515a05ba3ed is triggered
[35msilly[39m: [2026-05-05T16:31:59.493Z][ TEST REPORTING AND ANALYTICS ] Processing event - 'LogCreated' undefined
[35msilly[39m: [2026-05-05T16:31:59.493Z][ TEST REPORTING AND ANALYTICS ] Processing event - 'HookRunFinished' f9fd2a6d-6321-4cd7-bbb0-4fcdb1523435
[35msilly[39m: [2026-05-05T16:32:00.436Z][ TEST REPORTING AND ANALYTICS ] Processing events. Queue Length - 1
[34mdebug[39m: [2026-05-05T16:32:00.437Z][ TEST REPORTING AND ANALYTICS ] Processing batch events for Interval-Queue. Request Size - 1416 bytes. Events are 'LogCreated':undefined
2026-05-05 10:32:00 - [34mdebug[39m: Sending request to https://collector-observability.browserstack.com/api/v1/batch
[35msilly[39m: [2026-05-05T16:32:00.788Z][ TEST REPORTING AND ANALYTICS ] Processing event - 'LogCreated' undefined
2026-05-05 10:32:00 - [34mdebug[39m: Response from https://collector-observability.browserstack.com/api/v1/batch: 200 OK
[34mdebug[39m: [2026-05-05T16:32:00.789Z][ TEST REPORTING AND ANALYTICS ] Interval-Queue event successful for events 'LogCreated':undefined -- {"success":true}
[35msilly[39m: [2026-05-05T16:32:00.789Z][ TEST REPORTING AND ANALYTICS ] Remaining Queue Length - 1
[35msilly[39m: [2026-05-05T16:32:00.916Z][ TEST REPORTING AND ANALYTICS ] Processing events. Queue Length - 2
[34mdebug[39m: [2026-05-05T16:32:00.917Z][ TEST REPORTING AND ANALYTICS ] Processing batch events for Interval-Queue. Request Size - 4728 bytes. Events are 'LogCreated':undefined,'HookRunFinished':f9fd2a6d-6321-4cd7-bbb0-4fcdb1523435
2026-05-05 10:32:00 - [34mdebug[39m: Sending request to https://collector-observability.browserstack.com/api/v1/batch
2026-05-05 10:32:01 - [34mdebug[39m: Response from https://collector-observability.browserstack.com/api/v1/batch: 200 OK
[34mdebug[39m: [2026-05-05T16:32:01.289Z][ TEST REPORTING AND ANALYTICS ] Interval-Queue event successful for events 'LogCreated':undefined,'HookRunFinished':f9fd2a6d-6321-4cd7-bbb0-4fcdb1523435 -- {"success":true}
[35msilly[39m: [2026-05-05T16:32:01.289Z][ TEST REPORTING AND ANALYTICS ] Remaining Queue Length - 0
[35msilly[39m: [2026-05-05T16:32:02.436Z][ TEST REPORTING AND ANALYTICS ] Processing events. Queue Length - 1
[34mdebug[39m: [2026-05-05T16:32:02.437Z][ TEST REPORTING AND ANALYTICS ] Processing batch events for Interval-Queue. Request Size - 1416 bytes. Events are 'LogCreated':undefined
2026-05-05 10:32:02 - [34mdebug[39m: Sending request to https://collector-observability.browserstack.com/api/v1/batch
[35msilly[39m: [2026-05-05T16:32:02.792Z][ TEST REPORTING AND ANALYTICS ] Processing event - 'LogCreated' undefined
2026-05-05 10:32:02 - [34mdebug[39m: Response from https://collector-observability.browserstack.com/api/v1/batch: 200 OK
[34mdebug[39m: [2026-05-05T16:32:02.794Z][ TEST REPORTING AND ANALYTICS ] Interval-Queue event successful for events 'LogCreated':undefined -- {"success":true}
[35msilly[39m: [2026-05-05T16:32:02.794Z][ TEST REPORTING AND ANALYTICS ] Remaining Queue Length - 1
[35msilly[39m: [2026-05-05T16:32:04.448Z][ TEST REPORTING AND ANALYTICS ] Processing events. Queue Length - 1
[34mdebug[39m: [2026-05-05T16:32:04.448Z][ TEST REPORTING AND ANALYTICS ] Processing batch events for Interval-Queue. Request Size - 1416 bytes. Events are 'LogCreated':undefined
2026-05-05 10:32:04 - [34mdebug[39m: Sending request to https://collector-observability.browserstack.com/api/v1/batch
[35msilly[39m: [2026-05-05T16:32:04.804Z][ TEST REPORTING AND ANALYTICS ] Processing event - 'LogCreated' undefined
2026-05-05 10:32:04 - [34mdebug[39m: Response from https://collector-observability.browserstack.com/api/v1/batch: 200 OK
[34mdebug[39m: [2026-05-05T16:32:04.805Z][ TEST REPORTING AND ANALYTICS ] Interval-Queue event successful for events 'LogCreated':undefined -- {"success":true}
[35msilly[39m: [2026-05-05T16:32:04.805Z][ TEST REPORTING AND ANALYTICS ] Remaining Queue Length - 1
[35msilly[39m: [2026-05-05T16:32:06.449Z][ TEST REPORTING AND ANALYTICS ] Processing events. Queue Length - 1
[34mdebug[39m: [2026-05-05T16:32:06.449Z][ TEST REPORTING AND ANALYTICS ] Processing batch events for Interval-Queue. Request Size - 1416 bytes. Events are 'LogCreated':undefined
2026-05-05 10:32:06 - [34mdebug[39m: Sending request to https://collector-observability.browserstack.com/api/v1/batch
[35msilly[39m: [2026-05-05T16:32:06.824Z][ TEST REPORTING AND ANALYTICS ] Processing event - 'LogCreated' undefined
2026-05-05 10:32:06 - [34mdebug[39m: Response from https://collector-observability.browserstack.com/api/v1/batch: 200 OK
[34mdebug[39m: [2026-05-05T16:32:06.825Z][ TEST REPORTING AND ANALYTICS ] Interval-Queue event successful for events 'LogCreated':undefined -- {"success":true}
[35msilly[39m: [2026-05-05T16:32:06.825Z][ TEST REPORTING AND ANALYTICS ] Remaining Queue Length - 1
[35msilly[39m: [2026-05-05T16:32:08.456Z][ TEST REPORTING AND ANALYTICS ] Processing events. Queue Length - 1
[34mdebug[39m: [2026-05-05T16:32:08.457Z][ TEST REPORTING AND ANALYTICS ] Processing batch events for Interval-Queue. Request Size - 1416 bytes. Events are 'LogCreated':undefined
2026-05-05 10:32:08 - [34mdebug[39m: Sending request to https://collector-observability.browserstack.com/api/v1/batch
[35msilly[39m: [2026-05-05T16:32:08.800Z][ TEST REPORTING AND ANALYTICS ] Processing event - 'LogCreated' undefined
2026-05-05 10:32:08 - [34mdebug[39m: Response from https://collector-observability.browserstack.com/api/v1/batch: 200 OK
[34mdebug[39m: [2026-05-05T16:32:08.801Z][ TEST REPORTING AND ANALYTICS ] Interval-Queue event successful for events 'LogCreated':undefined -- {"success":true}
[35msilly[39m: [2026-05-05T16:32:08.801Z][ TEST REPORTING AND ANALYTICS ] Remaining Queue Length - 1
[35msilly[39m: [2026-05-05T16:32:10.457Z][ TEST REPORTING AND ANALYTICS ] Processing events. Queue Length - 1
[34mdebug[39m: [2026-05-05T16:32:10.458Z][ TEST REPORTING AND ANALYTICS ] Processing batch events for Interval-Queue. Request Size - 1416 bytes. Events are 'LogCreated':undefined
2026-05-05 10:32:10 - [34mdebug[39m: Sending request to https://collector-observability.browserstack.com/api/v1/batch
[35msilly[39m: [2026-05-05T16:32:10.811Z][ TEST REPORTING AND ANALYTICS ] Processing event - 'LogCreated' undefined
2026-05-05 10:32:10 - [34mdebug[39m: Response from https://collector-observability.browserstack.com/api/v1/batch: 200 OK
[34mdebug[39m: [2026-05-05T16:32:10.812Z][ TEST REPORTING AND ANALYTICS ] Interval-Queue event successful for events 'LogCreated':undefined -- {"success":true}
[35msilly[39m: [2026-05-05T16:32:10.812Z][ TEST REPORTING AND ANALYTICS ] Remaining Queue Length - 1
[35msilly[39m: [2026-05-05T16:32:12.476Z][ TEST REPORTING AND ANALYTICS ] Processing events. Queue Length - 1
[34mdebug[39m: [2026-05-05T16:32:12.476Z][ TEST REPORTING AND ANALYTICS ] Processing batch events for Interval-Queue. Request Size - 1416 bytes. Events are 'LogCreated':undefined
2026-05-05 10:32:12 - [34mdebug[39m: Sending request to https://collector-observability.browserstack.com/api/v1/batch
[35msilly[39m: [2026-05-05T16:32:12.859Z][ TEST REPORTING AND ANALYTICS ] Processing event - 'LogCreated' undefined
2026-05-05 10:32:12 - [34mdebug[39m: Response from https://collector-observability.browserstack.com/api/v1/batch: 200 OK
[34mdebug[39m: [2026-05-05T16:32:12.862Z][ TEST REPORTING AND ANALYTICS ] Interval-Queue event successful for events 'LogCreated':undefined -- {"success":true}
[35msilly[39m: [2026-05-05T16:32:12.862Z][ TEST REPORTING AND ANALYTICS ] Remaining Queue Length - 1
[35msilly[39m: [2026-05-05T16:32:14.486Z][ TEST REPORTING AND ANALYTICS ] Processing events. Queue Length - 1
[34mdebug[39m: [2026-05-05T16:32:14.487Z][ TEST REPORTING AND ANALYTICS ] Processing batch events for Interval-Queue. Request Size - 1416 bytes. Events are 'LogCreated':undefined
2026-05-05 10:32:14 - [34mdebug[39m: Sending request to https://collector-observability.browserstack.com/api/v1/batch
[35msilly[39m: [2026-05-05T16:32:14.832Z][ TEST REPORTING AND ANALYTICS ] Processing event - 'LogCreated' undefined
2026-05-05 10:32:14 - [34mdebug[39m: Response from https://collector-observability.browserstack.com/api/v1/batch: 200 OK
[34mdebug[39m: [2026-05-05T16:32:14.834Z][ TEST REPORTING AND ANALYTICS ] Interval-Queue event successful for events 'LogCreated':undefined -- {"success":true}
[35msilly[39m: [2026-05-05T16:32:14.834Z][ TEST REPORTING AND ANALYTICS ] Remaining Queue Length - 1
[35msilly[39m: [2026-05-05T16:32:16.506Z][ TEST REPORTING AND ANALYTICS ] Processing events. Queue Length - 1
[34mdebug[39m: [2026-05-05T16:32:16.506Z][ TEST REPORTING AND ANALYTICS ] Processing batch events for Interval-Queue. Request Size - 1416 bytes. Events are 'LogCreated':undefined
2026-05-05 10:32:16 - [34mdebug[39m: Sending request to https://collector-observability.browserstack.com/api/v1/batch
[35msilly[39m: [2026-05-05T16:32:16.871Z][ TEST REPORTING AND ANALYTICS ] Processing event - 'LogCreated' undefined
2026-05-05 10:32:16 - [34mdebug[39m: Response from https://collector-observability.browserstack.com/api/v1/batch: 200 OK
[34mdebug[39m: [2026-05-05T16:32:16.872Z][ TEST REPORTING AND ANALYTICS ] Interval-Queue event successful for events 'LogCreated':undefined -- {"success":true}
[35msilly[39m: [2026-05-05T16:32:16.872Z][ TEST REPORTING AND ANALYTICS ] Remaining Queue Length - 1
[35msilly[39m: [2026-05-05T16:32:18.506Z][ TEST REPORTING AND ANALYTICS ] Processing events. Queue Length - 1
[34mdebug[39m: [2026-05-05T16:32:18.507Z][ TEST REPORTING AND ANALYTICS ] Processing batch events for Interval-Queue. Request Size - 1416 bytes. Events are 'LogCreated':undefined
2026-05-05 10:32:18 - [34mdebug[39m: Sending request to https://collector-observability.browserstack.com/api/v1/batch
[35msilly[39m: [2026-05-05T16:32:18.859Z][ TEST REPORTING AND ANALYTICS ] Processing event - 'LogCreated' undefined
2026-05-05 10:32:18 - [34mdebug[39m: Response from https://collector-observability.browserstack.com/api/v1/batch: 200 OK
[34mdebug[39m: [2026-05-05T16:32:18.859Z][ TEST REPORTING AND ANALYTICS ] Interval-Queue event successful for events 'LogCreated':undefined -- {"success":true}
[35msilly[39m: [2026-05-05T16:32:18.859Z][ TEST REPORTING AND ANALYTICS ] Remaining Queue Length - 1
[35msilly[39m: [2026-05-05T16:32:20.506Z][ TEST REPORTING AND ANALYTICS ] Processing events. Queue Length - 1
[34mdebug[39m: [2026-05-05T16:32:20.507Z][ TEST REPORTING AND ANALYTICS ] Processing batch events for Interval-Queue. Request Size - 1416 bytes. Events are 'LogCreated':undefined
2026-05-05 10:32:20 - [34mdebug[39m: Sending request to https://collector-observability.browserstack.com/api/v1/batch
[35msilly[39m: [2026-05-05T16:32:20.865Z][ TEST REPORTING AND ANALYTICS ] Processing event - 'LogCreated' undefined
2026-05-05 10:32:20 - [34mdebug[39m: Response from https://collector-observability.browserstack.com/api/v1/batch: 200 OK
[34mdebug[39m: [2026-05-05T16:32:20.868Z][ TEST REPORTING AND ANALYTICS ] Interval-Queue event successful for events 'LogCreated':undefined -- {"success":true}
[35msilly[39m: [2026-05-05T16:32:20.868Z][ TEST REPORTING AND ANALYTICS ] Remaining Queue Length - 1
[35msilly[39m: [2026-05-05T16:32:22.519Z][ TEST REPORTING AND ANALYTICS ] Processing events. Queue Length - 1
[34mdebug[39m: [2026-05-05T16:32:22.519Z][ TEST REPORTING AND ANALYTICS ] Processing batch events for Interval-Queue. Request Size - 1416 bytes. Events are 'LogCreated':undefined
2026-05-05 10:32:22 - [34mdebug[39m: Sending request to https://collector-observability.browserstack.com/api/v1/batch
[35msilly[39m: [2026-05-05T16:32:22.882Z][ TEST REPORTING AND ANALYTICS ] Processing event - 'LogCreated' undefined
2026-05-05 10:32:22 - [34mdebug[39m: Response from https://collector-observability.browserstack.com/api/v1/batch: 200 OK
[34mdebug[39m: [2026-05-05T16:32:22.883Z][ TEST REPORTING AND ANALYTICS ] Interval-Queue event successful for events 'LogCreated':undefined -- {"success":true}
[35msilly[39m: [2026-05-05T16:32:22.883Z][ TEST REPORTING AND ANALYTICS ] Remaining Queue Length - 1
[35msilly[39m: [2026-05-05T16:32:24.536Z][ TEST REPORTING AND ANALYTICS ] Processing events. Queue Length - 1
[34mdebug[39m: [2026-05-05T16:32:24.537Z][ TEST REPORTING AND ANALYTICS ] Processing batch events for Interval-Queue. Request Size - 1416 bytes. Events are 'LogCreated':undefined
2026-05-05 10:32:24 - [34mdebug[39m: Sending request to https://collector-observability.browserstack.com/api/v1/batch
[35msilly[39m: [2026-05-05T16:32:24.895Z][ TEST REPORTING AND ANALYTICS ] Processing event - 'LogCreated' undefined
2026-05-05 10:32:24 - [34mdebug[39m: Response from https://collector-observability.browserstack.com/api/v1/batch: 200 OK
[34mdebug[39m: [2026-05-05T16:32:24.897Z][ TEST REPORTING AND ANALYTICS ] Interval-Queue event successful for events 'LogCreated':undefined -- {"success":true}
[35msilly[39m: [2026-05-05T16:32:24.897Z][ TEST REPORTING AND ANALYTICS ] Remaining Queue Length - 1
[35msilly[39m: [2026-05-05T16:32:26.537Z][ TEST REPORTING AND ANALYTICS ] Processing events. Queue Length - 1
[34mdebug[39m: [2026-05-05T16:32:26.538Z][ TEST REPORTING AND ANALYTICS ] Processing batch events for Interval-Queue. Request Size - 1416 bytes. Events are 'LogCreated':undefined
2026-05-05 10:32:26 - [34mdebug[39m: Sending request to https://collector-observability.browserstack.com/api/v1/batch
[35msilly[39m: [2026-05-05T16:32:26.962Z][ TEST REPORTING AND ANALYTICS ] Processing event - 'LogCreated' undefined
2026-05-05 10:32:26 - [34mdebug[39m: Response from https://collector-observability.browserstack.com/api/v1/batch: 200 OK
[34mdebug[39m: [2026-05-05T16:32:26.963Z][ TEST REPORTING AND ANALYTICS ] Interval-Queue event successful for events 'LogCreated':undefined -- {"success":true}
[35msilly[39m: [2026-05-05T16:32:26.963Z][ TEST REPORTING AND ANALYTICS ] Remaining Queue Length - 1
[35msilly[39m: [2026-05-05T16:32:28.556Z][ TEST REPORTING AND ANALYTICS ] Processing events. Queue Length - 1
[34mdebug[39m: [2026-05-05T16:32:28.556Z][ TEST REPORTING AND ANALYTICS ] Processing batch events for Interval-Queue. Request Size - 1416 bytes. Events are 'LogCreated':undefined
2026-05-05 10:32:28 - [34mdebug[39m: Sending request to https://collector-observability.browserstack.com/api/v1/batch
[35msilly[39m: [2026-05-05T16:32:28.932Z][ TEST REPORTING AND ANALYTICS ] Processing event - 'LogCreated' undefined
2026-05-05 10:32:28 - [34mdebug[39m: Response from https://collector-observability.browserstack.com/api/v1/batch: 200 OK
[34mdebug[39m: [2026-05-05T16:32:28.933Z][ TEST REPORTING AND ANALYTICS ] Interval-Queue event successful for events 'LogCreated':undefined -- {"success":true}
[35msilly[39m: [2026-05-05T16:32:28.933Z][ TEST REPORTING AND ANALYTICS ] Remaining Queue Length - 1
[35msilly[39m: [2026-05-05T16:32:30.556Z][ TEST REPORTING AND ANALYTICS ] Processing events. Queue Length - 1
[34mdebug[39m: [2026-05-05T16:32:30.557Z][ TEST REPORTING AND ANALYTICS ] Processing batch events for Interval-Queue. Request Size - 1416 bytes. Events are 'LogCreated':undefined
2026-05-05 10:32:30 - [34mdebug[39m: Sending request to https://collector-observability.browserstack.com/api/v1/batch
[35msilly[39m: [2026-05-05T16:32:30.917Z][ TEST REPORTING AND ANALYTICS ] Processing event - 'LogCreated' undefined
2026-05-05 10:32:30 - [34mdebug[39m: Response from https://collector-observability.browserstack.com/api/v1/batch: 200 OK
[34mdebug[39m: [2026-05-05T16:32:30.919Z][ TEST REPORTING AND ANALYTICS ] Interval-Queue event successful for events 'LogCreated':undefined -- {"success":true}
[35msilly[39m: [2026-05-05T16:32:30.920Z][ TEST REPORTING AND ANALYTICS ] Remaining Queue Length - 1
[35msilly[39m: [2026-05-05T16:32:32.556Z][ TEST REPORTING AND ANALYTICS ] Processing events. Queue Length - 1
[34mdebug[39m: [2026-05-05T16:32:32.556Z][ TEST REPORTING AND ANALYTICS ] Processing batch events for Interval-Queue. Request Size - 1416 bytes. Events are 'LogCreated':undefined
2026-05-05 10:32:32 - [34mdebug[39m: Sending request to https://collector-observability.browserstack.com/api/v1/batch
[35msilly[39m: [2026-05-05T16:32:32.926Z][ TEST REPORTING AND ANALYTICS ] Processing event - 'LogCreated' undefined
2026-05-05 10:32:32 - [34mdebug[39m: Response from https://collector-observability.browserstack.com/api/v1/batch: 200 OK
[34mdebug[39m: [2026-05-05T16:32:32.927Z][ TEST REPORTING AND ANALYTICS ] Interval-Queue event successful for events 'LogCreated':undefined -- {"success":true}
[35msilly[39m: [2026-05-05T16:32:32.927Z][ TEST REPORTING AND ANALYTICS ] Remaining Queue Length - 1
[35msilly[39m: [2026-05-05T16:32:34.561Z][ TEST REPORTING AND ANALYTICS ] Processing events. Queue Length - 1
[34mdebug[39m: [2026-05-05T16:32:34.562Z][ TEST REPORTING AND ANALYTICS ] Processing batch events for Interval-Queue. Request Size - 1416 bytes. Events are 'LogCreated':undefined
2026-05-05 10:32:34 - [34mdebug[39m: Sending request to https://collector-observability.browserstack.com/api/v1/batch
[35msilly[39m: [2026-05-05T16:32:34.908Z][ TEST REPORTING AND ANALYTICS ] Processing event - 'LogCreated' undefined
2026-05-05 10:32:34 - [34mdebug[39m: Response from https://collector-observability.browserstack.com/api/v1/batch: 200 OK
[34mdebug[39m: [2026-05-05T16:32:34.910Z][ TEST REPORTING AND ANALYTICS ] Interval-Queue event successful for events 'LogCreated':undefined -- {"success":true}
[35msilly[39m: [2026-05-05T16:32:34.911Z][ TEST REPORTING AND ANALYTICS ] Remaining Queue Length - 1
[35msilly[39m: [2026-05-05T16:32:36.563Z][ TEST REPORTING AND ANALYTICS ] Processing events. Queue Length - 1
[34mdebug[39m: [2026-05-05T16:32:36.563Z][ TEST REPORTING AND ANALYTICS ] Processing batch events for Interval-Queue. Request Size - 1416 bytes. Events are 'LogCreated':undefined
2026-05-05 10:32:36 - [34mdebug[39m: Sending request to https://collector-observability.browserstack.com/api/v1/batch
[35msilly[39m: [2026-05-05T16:32:36.915Z][ TEST REPORTING AND ANALYTICS ] Processing event - 'LogCreated' undefined
2026-05-05 10:32:36 - [34mdebug[39m: Response from https://collector-observability.browserstack.com/api/v1/batch: 200 OK
[34mdebug[39m: [2026-05-05T16:32:36.915Z][ TEST REPORTING AND ANALYTICS ] Interval-Queue event successful for events 'LogCreated':undefined -- {"success":true}
[35msilly[39m: [2026-05-05T16:32:36.916Z][ TEST REPORTING AND ANALYTICS ] Remaining Queue Length - 1
[35msilly[39m: [2026-05-05T16:32:38.576Z][ TEST REPORTING AND ANALYTICS ] Processing events. Queue Length - 1
[34mdebug[39m: [2026-05-05T16:32:38.576Z][ TEST REPORTING AND ANALYTICS ] Processing batch events for Interval-Queue. Request Size - 1416 bytes. Events are 'LogCreated':undefined
2026-05-05 10:32:38 - [34mdebug[39m: Sending request to https://collector-observability.browserstack.com/api/v1/batch
[35msilly[39m: [2026-05-05T16:32:38.947Z][ TEST REPORTING AND ANALYTICS ] Processing event - 'LogCreated' undefined
2026-05-05 10:32:38 - [34mdebug[39m: Response from https://collector-observability.browserstack.com/api/v1/batch: 200 OK
[34mdebug[39m: [2026-05-05T16:32:38.948Z][ TEST REPORTING AND ANALYTICS ] Interval-Queue event successful for events 'LogCreated':undefined -- {"success":true}
[35msilly[39m: [2026-05-05T16:32:38.948Z][ TEST REPORTING AND ANALYTICS ] Remaining Queue Length - 1
[35msilly[39m: [2026-05-05T16:32:40.576Z][ TEST REPORTING AND ANALYTICS ] Processing events. Queue Length - 1
[34mdebug[39m: [2026-05-05T16:32:40.576Z][ TEST REPORTING AND ANALYTICS ] Processing batch events for Interval-Queue. Request Size - 1416 bytes. Events are 'LogCreated':undefined
2026-05-05 10:32:40 - [34mdebug[39m: Sending request to https://collector-observability.browserstack.com/api/v1/batch
[35msilly[39m: [2026-05-05T16:32:40.957Z][ TEST REPORTING AND ANALYTICS ] Processing event - 'LogCreated' undefined
2026-05-05 10:32:40 - [34mdebug[39m: Response from https://collector-observability.browserstack.com/api/v1/batch: 200 OK
[34mdebug[39m: [2026-05-05T16:32:40.958Z][ TEST REPORTING AND ANALYTICS ] Interval-Queue event successful for events 'LogCreated':undefined -- {"success":true}
[35msilly[39m: [2026-05-05T16:32:40.958Z][ TEST REPORTING AND ANALYTICS ] Remaining Queue Length - 1
[35msilly[39m: [2026-05-05T16:32:42.576Z][ TEST REPORTING AND ANALYTICS ] Processing events. Queue Length - 1
[34mdebug[39m: [2026-05-05T16:32:42.576Z][ TEST REPORTING AND ANALYTICS ] Processing batch events for Interval-Queue. Request Size - 1416 bytes. Events are 'LogCreated':undefined
2026-05-05 10:32:42 - [34mdebug[39m: Sending request to https://collector-observability.browserstack.com/api/v1/batch
[35msilly[39m: [2026-05-05T16:32:42.930Z][ TEST REPORTING AND ANALYTICS ] Processing event - 'LogCreated' undefined
2026-05-05 10:32:42 - [34mdebug[39m: Response from https://collector-observability.browserstack.com/api/v1/batch: 200 OK
[34mdebug[39m: [2026-05-05T16:32:42.930Z][ TEST REPORTING AND ANALYTICS ] Interval-Queue event successful for events 'LogCreated':undefined -- {"success":true}
[35msilly[39m: [2026-05-05T16:32:42.930Z][ TEST REPORTING AND ANALYTICS ] Remaining Queue Length - 1
[35msilly[39m: [2026-05-05T16:32:44.577Z][ TEST REPORTING AND ANALYTICS ] Processing events. Queue Length - 1
[34mdebug[39m: [2026-05-05T16:32:44.578Z][ TEST REPORTING AND ANALYTICS ] Processing batch events for Interval-Queue. Request Size - 1416 bytes. Events are 'LogCreated':undefined
2026-05-05 10:32:44 - [34mdebug[39m: Sending request to https://collector-observability.browserstack.com/api/v1/batch
[35msilly[39m: [2026-05-05T16:32:44.943Z][ TEST REPORTING AND ANALYTICS ] Processing event - 'LogCreated' undefined
2026-05-05 10:32:44 - [34mdebug[39m: Response from https://collector-observability.browserstack.com/api/v1/batch: 200 OK
[34mdebug[39m: [2026-05-05T16:32:44.944Z][ TEST REPORTING AND ANALYTICS ] Interval-Queue event successful for events 'LogCreated':undefined -- {"success":true}
[35msilly[39m: [2026-05-05T16:32:44.944Z][ TEST REPORTING AND ANALYTICS ] Remaining Queue Length - 1
[35msilly[39m: [2026-05-05T16:32:46.586Z][ TEST REPORTING AND ANALYTICS ] Processing events. Queue Length - 1
[34mdebug[39m: [2026-05-05T16:32:46.586Z][ TEST REPORTING AND ANALYTICS ] Processing batch events for Interval-Queue. Request Size - 1416 bytes. Events are 'LogCreated':undefined
2026-05-05 10:32:46 - [34mdebug[39m: Sending request to https://collector-observability.browserstack.com/api/v1/batch
[35msilly[39m: [2026-05-05T16:32:46.961Z][ TEST REPORTING AND ANALYTICS ] Processing event - 'LogCreated' undefined
2026-05-05 10:32:46 - [34mdebug[39m: Response from https://collector-observability.browserstack.com/api/v1/batch: 200 OK
[34mdebug[39m: [2026-05-05T16:32:46.962Z][ TEST REPORTING AND ANALYTICS ] Interval-Queue event successful for events 'LogCreated':undefined -- {"success":true}
[35msilly[39m: [2026-05-05T16:32:46.962Z][ TEST REPORTING AND ANALYTICS ] Remaining Queue Length - 1
[35msilly[39m: [2026-05-05T16:32:48.596Z][ TEST REPORTING AND ANALYTICS ] Processing events. Queue Length - 1
[34mdebug[39m: [2026-05-05T16:32:48.598Z][ TEST REPORTING AND ANALYTICS ] Processing batch events for Interval-Queue. Request Size - 1416 bytes. Events are 'LogCreated':undefined
2026-05-05 10:32:48 - [34mdebug[39m: Sending request to https://collector-observability.browserstack.com/api/v1/batch
[35msilly[39m: [2026-05-05T16:32:48.986Z][ TEST REPORTING AND ANALYTICS ] Processing event - 'LogCreated' undefined
2026-05-05 10:32:48 - [34mdebug[39m: Response from https://collector-observability.browserstack.com/api/v1/batch: 200 OK
[34mdebug[39m: [2026-05-05T16:32:48.991Z][ TEST REPORTING AND ANALYTICS ] Interval-Queue event successful for events 'LogCreated':undefined -- {"success":true}
[35msilly[39m: [2026-05-05T16:32:48.991Z][ TEST REPORTING AND ANALYTICS ] Remaining Queue Length - 1
[35msilly[39m: [2026-05-05T16:32:50.601Z][ TEST REPORTING AND ANALYTICS ] Processing events. Queue Length - 1
[34mdebug[39m: [2026-05-05T16:32:50.602Z][ TEST REPORTING AND ANALYTICS ] Processing batch events for Interval-Queue. Request Size - 1416 bytes. Events are 'LogCreated':undefined
2026-05-05 10:32:50 - [34mdebug[39m: Sending request to https://collector-observability.browserstack.com/api/v1/batch
[35msilly[39m: [2026-05-05T16:32:50.960Z][ TEST REPORTING AND ANALYTICS ] Processing event - 'LogCreated' undefined
2026-05-05 10:32:50 - [34mdebug[39m: Response from https://collector-observability.browserstack.com/api/v1/batch: 200 OK
[34mdebug[39m: [2026-05-05T16:32:50.961Z][ TEST REPORTING AND ANALYTICS ] Interval-Queue event successful for events 'LogCreated':undefined -- {"success":true}
[35msilly[39m: [2026-05-05T16:32:50.961Z][ TEST REPORTING AND ANALYTICS ] Remaining Queue Length - 1
[35msilly[39m: [2026-05-05T16:32:52.616Z][ TEST REPORTING AND ANALYTICS ] Processing events. Queue Length - 1
[34mdebug[39m: [2026-05-05T16:32:52.616Z][ TEST REPORTING AND ANALYTICS ] Processing batch events for Interval-Queue. Request Size - 1416 bytes. Events are 'LogCreated':undefined
2026-05-05 10:32:52 - [34mdebug[39m: Sending request to https://collector-observability.browserstack.com/api/v1/batch
[35msilly[39m: [2026-05-05T16:32:52.964Z][ TEST REPORTING AND ANALYTICS ] Processing event - 'LogCreated' undefined
2026-05-05 10:32:52 - [34mdebug[39m: Response from https://collector-observability.browserstack.com/api/v1/batch: 200 OK
[34mdebug[39m: [2026-05-05T16:32:52.965Z][ TEST REPORTING AND ANALYTICS ] Interval-Queue event successful for events 'LogCreated':undefined -- {"success":true}
[35msilly[39m: [2026-05-05T16:32:52.965Z][ TEST REPORTING AND ANALYTICS ] Remaining Queue Length - 1
[35msilly[39m: [2026-05-05T16:32:54.626Z][ TEST REPORTING AND ANALYTICS ] Processing events. Queue Length - 1
[34mdebug[39m: [2026-05-05T16:32:54.627Z][ TEST REPORTING AND ANALYTICS ] Processing batch events for Interval-Queue. Request Size - 1416 bytes. Events are 'LogCreated':undefined
2026-05-05 10:32:54 - [34mdebug[39m: Sending request to https://collector-observability.browserstack.com/api/v1/batch
[35msilly[39m: [2026-05-05T16:32:54.997Z][ TEST REPORTING AND ANALYTICS ] Processing event - 'LogCreated' undefined
2026-05-05 10:32:55 - [34mdebug[39m: Response from https://collector-observability.browserstack.com/api/v1/batch: 200 OK
[34mdebug[39m: [2026-05-05T16:32:55.000Z][ TEST REPORTING AND ANALYTICS ] Interval-Queue event successful for events 'LogCreated':undefined -- {"success":true}
[35msilly[39m: [2026-05-05T16:32:55.001Z][ TEST REPORTING AND ANALYTICS ] Remaining Queue Length - 1
[35msilly[39m: [2026-05-05T16:32:56.642Z][ TEST REPORTING AND ANALYTICS ] Processing events. Queue Length - 1
[34mdebug[39m: [2026-05-05T16:32:56.642Z][ TEST REPORTING AND ANALYTICS ] Processing batch events for Interval-Queue. Request Size - 1416 bytes. Events are 'LogCreated':undefined
2026-05-05 10:32:56 - [34mdebug[39m: Sending request to https://collector-observability.browserstack.com/api/v1/batch
[35msilly[39m: [2026-05-05T16:32:57.007Z][ TEST REPORTING AND ANALYTICS ] Processing event - 'LogCreated' undefined
2026-05-05 10:32:57 - [34mdebug[39m: Response from https://collector-observability.browserstack.com/api/v1/batch: 200 OK
[34mdebug[39m: [2026-05-05T16:32:57.009Z][ TEST REPORTING AND ANALYTICS ] Interval-Queue event successful for events 'LogCreated':undefined -- {"success":true}
[35msilly[39m: [2026-05-05T16:32:57.009Z][ TEST REPORTING AND ANALYTICS ] Remaining Queue Length - 1
[35msilly[39m: [2026-05-05T16:32:58.646Z][ TEST REPORTING AND ANALYTICS ] Processing events. Queue Length - 1
[34mdebug[39m: [2026-05-05T16:32:58.646Z][ TEST REPORTING AND ANALYTICS ] Processing batch events for Interval-Queue. Request Size - 1416 bytes. Events are 'LogCreated':undefined
2026-05-05 10:32:58 - [34mdebug[39m: Sending request to https://collector-observability.browserstack.com/api/v1/batch
[35msilly[39m: [2026-05-05T16:32:59.006Z][ TEST REPORTING AND ANALYTICS ] Processing event - 'LogCreated' undefined
2026-05-05 10:32:59 - [34mdebug[39m: Response from https://collector-observability.browserstack.com/api/v1/batch: 200 OK
[34mdebug[39m: [2026-05-05T16:32:59.007Z][ TEST REPORTING AND ANALYTICS ] Interval-Queue event successful for events 'LogCreated':undefined -- {"success":true}
[35msilly[39m: [2026-05-05T16:32:59.007Z][ TEST REPORTING AND ANALYTICS ] Remaining Queue Length - 1
[35msilly[39m: [2026-05-05T16:33:00.646Z][ TEST REPORTING AND ANALYTICS ] Processing events. Queue Length - 1
[34mdebug[39m: [2026-05-05T16:33:00.646Z][ TEST REPORTING AND ANALYTICS ] Processing batch events for Interval-Queue. Request Size - 1416 bytes. Events are 'LogCreated':undefined
2026-05-05 10:33:00 - [34mdebug[39m: Sending request to https://collector-observability.browserstack.com/api/v1/batch
[35msilly[39m: [2026-05-05T16:33:01.012Z][ TEST REPORTING AND ANALYTICS ] Processing event - 'LogCreated' undefined
2026-05-05 10:33:01 - [34mdebug[39m: Response from https://collector-observability.browserstack.com/api/v1/batch: 200 OK
[34mdebug[39m: [2026-05-05T16:33:01.013Z][ TEST REPORTING AND ANALYTICS ] Interval-Queue event successful for events 'LogCreated':undefined -- {"success":true}
[35msilly[39m: [2026-05-05T16:33:01.013Z][ TEST REPORTING AND ANALYTICS ] Remaining Queue Length - 1
[35msilly[39m: [2026-05-05T16:33:02.656Z][ TEST REPORTING AND ANALYTICS ] Processing events. Queue Length - 1
[34mdebug[39m: [2026-05-05T16:33:02.657Z][ TEST REPORTING AND ANALYTICS ] Processing batch events for Interval-Queue. Request Size - 1416 bytes. Events are 'LogCreated':undefined
2026-05-05 10:33:02 - [34mdebug[39m: Sending request to https://collector-observability.browserstack.com/api/v1/batch
[35msilly[39m: [2026-05-05T16:33:03.027Z][ TEST REPORTING AND ANALYTICS ] Processing event - 'LogCreated' undefined
2026-05-05 10:33:03 - [34mdebug[39m: Response from https://collector-observability.browserstack.com/api/v1/batch: 200 OK
[34mdebug[39m: [2026-05-05T16:33:03.030Z][ TEST REPORTING AND ANALYTICS ] Interval-Queue event successful for events 'LogCreated':undefined -- {"success":true}
[35msilly[39m: [2026-05-05T16:33:03.030Z][ TEST REPORTING AND ANALYTICS ] Remaining Queue Length - 1
[35msilly[39m: [2026-05-05T16:33:04.673Z][ TEST REPORTING AND ANALYTICS ] Processing events. Queue Length - 1
[34mdebug[39m: [2026-05-05T16:33:04.673Z][ TEST REPORTING AND ANALYTICS ] Processing batch events for Interval-Queue. Request Size - 1416 bytes. Events are 'LogCreated':undefined
2026-05-05 10:33:04 - [34mdebug[39m: Sending request to https://collector-observability.browserstack.com/api/v1/batch
[35msilly[39m: [2026-05-05T16:33:05.027Z][ TEST REPORTING AND ANALYTICS ] Processing event - 'LogCreated' undefined
2026-05-05 10:33:05 - [34mdebug[39m: Response from https://collector-observability.browserstack.com/api/v1/batch: 200 OK
[34mdebug[39m: [2026-05-05T16:33:05.028Z][ TEST REPORTING AND ANALYTICS ] Interval-Queue event successful for events 'LogCreated':undefined -- {"success":true}
[35msilly[39m: [2026-05-05T16:33:05.028Z][ TEST REPORTING AND ANALYTICS ] Remaining Queue Length - 1
[35msilly[39m: [2026-05-05T16:33:06.682Z][ TEST REPORTING AND ANALYTICS ] Processing events. Queue Length - 1
[34mdebug[39m: [2026-05-05T16:33:06.683Z][ TEST REPORTING AND ANALYTICS ] Processing batch events for Interval-Queue. Request Size - 1416 bytes. Events are 'LogCreated':undefined
2026-05-05 10:33:06 - [34mdebug[39m: Sending request to https://collector-observability.browserstack.com/api/v1/batch
[35msilly[39m: [2026-05-05T16:33:07.116Z][ TEST REPORTING AND ANALYTICS ] Processing event - 'LogCreated' undefined
2026-05-05 10:33:07 - [34mdebug[39m: Response from https://collector-observability.browserstack.com/api/v1/batch: 200 OK
[34mdebug[39m: [2026-05-05T16:33:07.119Z][ TEST REPORTING AND ANALYTICS ] Interval-Queue event successful for events 'LogCreated':undefined -- {"success":true}
[35msilly[39m: [2026-05-05T16:33:07.119Z][ TEST REPORTING AND ANALYTICS ] Remaining Queue Length - 1
[35msilly[39m: [2026-05-05T16:33:08.688Z][ TEST REPORTING AND ANALYTICS ] Processing events. Queue Length - 1
[34mdebug[39m: [2026-05-05T16:33:08.689Z][ TEST REPORTING AND ANALYTICS ] Processing batch events for Interval-Queue. Request Size - 1416 bytes. Events are 'LogCreated':undefined
2026-05-05 10:33:08 - [34mdebug[39m: Sending request to https://collector-observability.browserstack.com/api/v1/batch
[35msilly[39m: [2026-05-05T16:33:09.653Z][ TEST REPORTING AND ANALYTICS ] Processing event - 'LogCreated' undefined
2026-05-05 10:33:09 - [34mdebug[39m: Response from https://collector-observability.browserstack.com/api/v1/batch: 200 OK
[34mdebug[39m: [2026-05-05T16:33:09.655Z][ TEST REPORTING AND ANALYTICS ] Interval-Queue event successful for events 'LogCreated':undefined -- {"success":true}
[35msilly[39m: [2026-05-05T16:33:09.655Z][ TEST REPORTING AND ANALYTICS ] Remaining Queue Length - 1
[35msilly[39m: [2026-05-05T16:33:10.698Z][ TEST REPORTING AND ANALYTICS ] Processing events. Queue Length - 1
[34mdebug[39m: [2026-05-05T16:33:10.699Z][ TEST REPORTING AND ANALYTICS ] Processing batch events for Interval-Queue. Request Size - 1416 bytes. Events are 'LogCreated':undefined
2026-05-05 10:33:10 - [34mdebug[39m: Sending request to https://collector-observability.browserstack.com/api/v1/batch
[35msilly[39m: [2026-05-05T16:33:11.374Z][ TEST REPORTING AND ANALYTICS ] Processing event - 'LogCreated' undefined
2026-05-05 10:33:11 - [34mdebug[39m: Response from https://collector-observability.browserstack.com/api/v1/batch: 200 OK
[34mdebug[39m: [2026-05-05T16:33:11.377Z][ TEST REPORTING AND ANALYTICS ] Interval-Queue event successful for events 'LogCreated':undefined -- {"success":true}
[35msilly[39m: [2026-05-05T16:33:11.377Z][ TEST REPORTING AND ANALYTICS ] Remaining Queue Length - 1
[35msilly[39m: [2026-05-05T16:33:12.706Z][ TEST REPORTING AND ANALYTICS ] Processing events. Queue Length - 1
[34mdebug[39m: [2026-05-05T16:33:12.707Z][ TEST REPORTING AND ANALYTICS ] Processing batch events for Interval-Queue. Request Size - 1416 bytes. Events are 'LogCreated':undefined
2026-05-05 10:33:12 - [34mdebug[39m: Sending request to https://collector-observability.browserstack.com/api/v1/batch
[35msilly[39m: [2026-05-05T16:33:13.072Z][ TEST REPORTING AND ANALYTICS ] Processing event - 'LogCreated' undefined
2026-05-05 10:33:13 - [34mdebug[39m: Response from https://collector-observability.browserstack.com/api/v1/batch: 200 OK
[34mdebug[39m: [2026-05-05T16:33:13.073Z][ TEST REPORTING AND ANALYTICS ] Interval-Queue event successful for events 'LogCreated':undefined -- {"success":true}
[35msilly[39m: [2026-05-05T16:33:13.073Z][ TEST REPORTING AND ANALYTICS ] Remaining Queue Length - 1
[35msilly[39m: [2026-05-05T16:33:14.706Z][ TEST REPORTING AND ANALYTICS ] Processing events. Queue Length - 1
[34mdebug[39m: [2026-05-05T16:33:14.707Z][ TEST REPORTING AND ANALYTICS ] Processing batch events for Interval-Queue. Request Size - 1416 bytes. Events are 'LogCreated':undefined
2026-05-05 10:33:14 - [34mdebug[39m: Sending request to https://collector-observability.browserstack.com/api/v1/batch
[35msilly[39m: [2026-05-05T16:33:15.065Z][ TEST REPORTING AND ANALYTICS ] Processing event - 'LogCreated' undefined
2026-05-05 10:33:15 - [34mdebug[39m: Response from https://collector-observability.browserstack.com/api/v1/batch: 200 OK
[34mdebug[39m: [2026-05-05T16:33:15.067Z][ TEST REPORTING AND ANALYTICS ] Interval-Queue event successful for events 'LogCreated':undefined -- {"success":true}
[35msilly[39m: [2026-05-05T16:33:15.067Z][ TEST REPORTING AND ANALYTICS ] Remaining Queue Length - 1
[35msilly[39m: [2026-05-05T16:33:16.716Z][ TEST REPORTING AND ANALYTICS ] Processing events. Queue Length - 1
[34mdebug[39m: [2026-05-05T16:33:16.716Z][ TEST REPORTING AND ANALYTICS ] Processing batch events for Interval-Queue. Request Size - 1416 bytes. Events are 'LogCreated':undefined
2026-05-05 10:33:16 - [34mdebug[39m: Sending request to https://collector-observability.browserstack.com/api/v1/batch
[35msilly[39m: [2026-05-05T16:33:17.066Z][ TEST REPORTING AND ANALYTICS ] Processing event - 'LogCreated' undefined
2026-05-05 10:33:17 - [34mdebug[39m: Response from https://collector-observability.browserstack.com/api/v1/batch: 200 OK
[34mdebug[39m: [2026-05-05T16:33:17.068Z][ TEST REPORTING AND ANALYTICS ] Interval-Queue event successful for events 'LogCreated':undefined -- {"success":true}
[35msilly[39m: [2026-05-05T16:33:17.068Z][ TEST REPORTING AND ANALYTICS ] Remaining Queue Length - 1
[35msilly[39m: [2026-05-05T16:33:18.716Z][ TEST REPORTING AND ANALYTICS ] Processing events. Queue Length - 1
[34mdebug[39m: [2026-05-05T16:33:18.717Z][ TEST REPORTING AND ANALYTICS ] Processing batch events for Interval-Queue. Request Size - 1416 bytes. Events are 'LogCreated':undefined
2026-05-05 10:33:18 - [34mdebug[39m: Sending request to https://collector-observability.browserstack.com/api/v1/batch
[35msilly[39m: [2026-05-05T16:33:19.071Z][ TEST REPORTING AND ANALYTICS ] Processing event - 'LogCreated' undefined
2026-05-05 10:33:19 - [34mdebug[39m: Response from https://collector-observability.browserstack.com/api/v1/batch: 200 OK
[34mdebug[39m: [2026-05-05T16:33:19.072Z][ TEST REPORTING AND ANALYTICS ] Interval-Queue event successful for events 'LogCreated':undefined -- {"success":true}
[35msilly[39m: [2026-05-05T16:33:19.072Z][ TEST REPORTING AND ANALYTICS ] Remaining Queue Length - 1
[35msilly[39m: [2026-05-05T16:33:20.721Z][ TEST REPORTING AND ANALYTICS ] Processing events. Queue Length - 1
[34mdebug[39m: [2026-05-05T16:33:20.721Z][ TEST REPORTING AND ANALYTICS ] Processing batch events for Interval-Queue. Request Size - 1416 bytes. Events are 'LogCreated':undefined
2026-05-05 10:33:20 - [34mdebug[39m: Sending request to https://collector-observability.browserstack.com/api/v1/batch
[35msilly[39m: [2026-05-05T16:33:21.108Z][ TEST REPORTING AND ANALYTICS ] Processing event - 'LogCreated' undefined
2026-05-05 10:33:21 - [34mdebug[39m: Response from https://collector-observability.browserstack.com/api/v1/batch: 200 OK
[34mdebug[39m: [2026-05-05T16:33:21.110Z][ TEST REPORTING AND ANALYTICS ] Interval-Queue event successful for events 'LogCreated':undefined -- {"success":true}
[35msilly[39m: [2026-05-05T16:33:21.110Z][ TEST REPORTING AND ANALYTICS ] Remaining Queue Length - 1
[35msilly[39m: [2026-05-05T16:33:22.731Z][ TEST REPORTING AND ANALYTICS ] Processing events. Queue Length - 1
[34mdebug[39m: [2026-05-05T16:33:22.732Z][ TEST REPORTING AND ANALYTICS ] Processing batch events for Interval-Queue. Request Size - 1416 bytes. Events are 'LogCreated':undefined
2026-05-05 10:33:22 - [34mdebug[39m: Sending request to https://collector-observability.browserstack.com/api/v1/batch
[35msilly[39m: [2026-05-05T16:33:23.101Z][ TEST REPORTING AND ANALYTICS ] Processing event - 'LogCreated' undefined
2026-05-05 10:33:23 - [34mdebug[39m: Response from https://collector-observability.browserstack.com/api/v1/batch: 200 OK
[34mdebug[39m: [2026-05-05T16:33:23.102Z][ TEST REPORTING AND ANALYTICS ] Interval-Queue event successful for events 'LogCreated':undefined -- {"success":true}
[35msilly[39m: [2026-05-05T16:33:23.102Z][ TEST REPORTING AND ANALYTICS ] Remaining Queue Length - 1
[35msilly[39m: [2026-05-05T16:33:24.746Z][ TEST REPORTING AND ANALYTICS ] Processing events. Queue Length - 1
[34mdebug[39m: [2026-05-05T16:33:24.747Z][ TEST REPORTING AND ANALYTICS ] Processing batch events for Interval-Queue. Request Size - 1416 bytes. Events are 'LogCreated':undefined
2026-05-05 10:33:24 - [34mdebug[39m: Sending request to https://collector-observability.browserstack.com/api/v1/batch
[35msilly[39m: [2026-05-05T16:33:25.113Z][ TEST REPORTING AND ANALYTICS ] Processing event - 'LogCreated' undefined
2026-05-05 10:33:25 - [34mdebug[39m: Response from https://collector-observability.browserstack.com/api/v1/batch: 200 OK
[34mdebug[39m: [2026-05-05T16:33:25.116Z][ TEST REPORTING AND ANALYTICS ] Interval-Queue event successful for events 'LogCreated':undefined -- {"success":true}
[35msilly[39m: [2026-05-05T16:33:25.116Z][ TEST REPORTING AND ANALYTICS ] Remaining Queue Length - 1
[35msilly[39m: [2026-05-05T16:33:26.756Z][ TEST REPORTING AND ANALYTICS ] Processing events. Queue Length - 1
[34mdebug[39m: [2026-05-05T16:33:26.756Z][ TEST REPORTING AND ANALYTICS ] Processing batch events for Interval-Queue. Request Size - 1416 bytes. Events are 'LogCreated':undefined
2026-05-05 10:33:26 - [34mdebug[39m: Sending request to https://collector-observability.browserstack.com/api/v1/batch
[35msilly[39m: [2026-05-05T16:33:27.124Z][ TEST REPORTING AND ANALYTICS ] Processing event - 'LogCreated' undefined
2026-05-05 10:33:27 - [34mdebug[39m: Response from https://collector-observability.browserstack.com/api/v1/batch: 200 OK
[34mdebug[39m: [2026-05-05T16:33:27.124Z][ TEST REPORTING AND ANALYTICS ] Interval-Queue event successful for events 'LogCreated':undefined -- {"success":true}
[35msilly[39m: [2026-05-05T16:33:27.124Z][ TEST REPORTING AND ANALYTICS ] Remaining Queue Length - 1
[35msilly[39m: [2026-05-05T16:33:28.756Z][ TEST REPORTING AND ANALYTICS ] Processing events. Queue Length - 1
[34mdebug[39m: [2026-05-05T16:33:28.757Z][ TEST REPORTING AND ANALYTICS ] Processing batch events for Interval-Queue. Request Size - 1416 bytes. Events are 'LogCreated':undefined
2026-05-05 10:33:28 - [34mdebug[39m: Sending request to https://collector-observability.browserstack.com/api/v1/batch
[35msilly[39m: [2026-05-05T16:33:29.129Z][ TEST REPORTING AND ANALYTICS ] Processing event - 'LogCreated' undefined
2026-05-05 10:33:29 - [34mdebug[39m: Response from https://collector-observability.browserstack.com/api/v1/batch: 200 OK
[34mdebug[39m: [2026-05-05T16:33:29.130Z][ TEST REPORTING AND ANALYTICS ] Interval-Queue event successful for events 'LogCreated':undefined -- {"success":true}
[35msilly[39m: [2026-05-05T16:33:29.130Z][ TEST REPORTING AND ANALYTICS ] Remaining Queue Length - 1
[35msilly[39m: [2026-05-05T16:33:30.756Z][ TEST REPORTING AND ANALYTICS ] Processing events. Queue Length - 1
[34mdebug[39m: [2026-05-05T16:33:30.757Z][ TEST REPORTING AND ANALYTICS ] Processing batch events for Interval-Queue. Request Size - 1416 bytes. Events are 'LogCreated':undefined
2026-05-05 10:33:30 - [34mdebug[39m: Sending request to https://collector-observability.browserstack.com/api/v1/batch
[35msilly[39m: [2026-05-05T16:33:31.099Z][ TEST REPORTING AND ANALYTICS ] Processing event - 'LogCreated' undefined
2026-05-05 10:33:31 - [34mdebug[39m: Response from https://collector-observability.browserstack.com/api/v1/batch: 200 OK
[34mdebug[39m: [2026-05-05T16:33:31.101Z][ TEST REPORTING AND ANALYTICS ] Interval-Queue event successful for events 'LogCreated':undefined -- {"success":true}
[35msilly[39m: [2026-05-05T16:33:31.102Z][ TEST REPORTING AND ANALYTICS ] Remaining Queue Length - 1
[35msilly[39m: [2026-05-05T16:33:32.772Z][ TEST REPORTING AND ANALYTICS ] Processing events. Queue Length - 1
[34mdebug[39m: [2026-05-05T16:33:32.773Z][ TEST REPORTING AND ANALYTICS ] Processing batch events for Interval-Queue. Request Size - 1416 bytes. Events are 'LogCreated':undefined
2026-05-05 10:33:32 - [34mdebug[39m: Sending request to https://collector-observability.browserstack.com/api/v1/batch
[35msilly[39m: [2026-05-05T16:33:33.172Z][ TEST REPORTING AND ANALYTICS ] Processing event - 'LogCreated' undefined
2026-05-05 10:33:33 - [34mdebug[39m: Response from https://collector-observability.browserstack.com/api/v1/batch: 200 OK
[34mdebug[39m: [2026-05-05T16:33:33.173Z][ TEST REPORTING AND ANALYTICS ] Interval-Queue event successful for events 'LogCreated':undefined -- {"success":true}
[35msilly[39m: [2026-05-05T16:33:33.174Z][ TEST REPORTING AND ANALYTICS ] Remaining Queue Length - 1
[35msilly[39m: [2026-05-05T16:33:34.774Z][ TEST REPORTING AND ANALYTICS ] Processing events. Queue Length - 1
[34mdebug[39m: [2026-05-05T16:33:34.775Z][ TEST REPORTING AND ANALYTICS ] Processing batch events for Interval-Queue. Request Size - 1416 bytes. Events are 'LogCreated':undefined
2026-05-05 10:33:34 - [34mdebug[39m: Sending request to https://collector-observability.browserstack.com/api/v1/batch
[35msilly[39m: [2026-05-05T16:33:35.129Z][ TEST REPORTING AND ANALYTICS ] Processing event - 'LogCreated' undefined
2026-05-05 10:33:35 - [34mdebug[39m: Response from https://collector-observability.browserstack.com/api/v1/batch: 200 OK
[34mdebug[39m: [2026-05-05T16:33:35.131Z][ TEST REPORTING AND ANALYTICS ] Interval-Queue event successful for events 'LogCreated':undefined -- {"success":true}
[35msilly[39m: [2026-05-05T16:33:35.131Z][ TEST REPORTING AND ANALYTICS ] Remaining Queue Length - 1
[35msilly[39m: [2026-05-05T16:33:36.786Z][ TEST REPORTING AND ANALYTICS ] Processing events. Queue Length - 1
[34mdebug[39m: [2026-05-05T16:33:36.787Z][ TEST REPORTING AND ANALYTICS ] Processing batch events for Interval-Queue. Request Size - 1416 bytes. Events are 'LogCreated':undefined
2026-05-05 10:33:36 - [34mdebug[39m: Sending request to https://collector-observability.browserstack.com/api/v1/batch
[35msilly[39m: [2026-05-05T16:33:37.150Z][ TEST REPORTING AND ANALYTICS ] Processing event - 'LogCreated' undefined
2026-05-05 10:33:37 - [34mdebug[39m: Response from https://collector-observability.browserstack.com/api/v1/batch: 200 OK
[34mdebug[39m: [2026-05-05T16:33:37.153Z][ TEST REPORTING AND ANALYTICS ] Interval-Queue event successful for events 'LogCreated':undefined -- {"success":true}
[35msilly[39m: [2026-05-05T16:33:37.153Z][ TEST REPORTING AND ANALYTICS ] Remaining Queue Length - 1
[35msilly[39m: [2026-05-05T16:33:38.799Z][ TEST REPORTING AND ANALYTICS ] Processing events. Queue Length - 1
[34mdebug[39m: [2026-05-05T16:33:38.799Z][ TEST REPORTING AND ANALYTICS ] Processing batch events for Interval-Queue. Request Size - 1416 bytes. Events are 'LogCreated':undefined
2026-05-05 10:33:38 - [34mdebug[39m: Sending request to https://collector-observability.browserstack.com/api/v1/batch
[35msilly[39m: [2026-05-05T16:33:39.165Z][ TEST REPORTING AND ANALYTICS ] Processing event - 'LogCreated' undefined
2026-05-05 10:33:39 - [34mdebug[39m: Response from https://collector-observability.browserstack.com/api/v1/batch: 200 OK
[34mdebug[39m: [2026-05-05T16:33:39.167Z][ TEST REPORTING AND ANALYTICS ] Interval-Queue event successful for events 'LogCreated':undefined -- {"success":true}
[35msilly[39m: [2026-05-05T16:33:39.167Z][ TEST REPORTING AND ANALYTICS ] Remaining Queue Length - 1
[35msilly[39m: [2026-05-05T16:33:40.806Z][ TEST REPORTING AND ANALYTICS ] Processing events. Queue Length - 1
[34mdebug[39m: [2026-05-05T16:33:40.807Z][ TEST REPORTING AND ANALYTICS ] Processing batch events for Interval-Queue. Request Size - 1416 bytes. Events are 'LogCreated':undefined
2026-05-05 10:33:40 - [34mdebug[39m: Sending request to https://collector-observability.browserstack.com/api/v1/batch
[35msilly[39m: [2026-05-05T16:33:41.167Z][ TEST REPORTING AND ANALYTICS ] Processing event - 'LogCreated' undefined
2026-05-05 10:33:41 - [34mdebug[39m: Response from https://collector-observability.browserstack.com/api/v1/batch: 200 OK
[34mdebug[39m: [2026-05-05T16:33:41.167Z][ TEST REPORTING AND ANALYTICS ] Interval-Queue event successful for events 'LogCreated':undefined -- {"success":true}
[35msilly[39m: [2026-05-05T16:33:41.167Z][ TEST REPORTING AND ANALYTICS ] Remaining Queue Length - 1
[35msilly[39m: [2026-05-05T16:33:42.808Z][ TEST REPORTING AND ANALYTICS ] Processing events. Queue Length - 1
[34mdebug[39m: [2026-05-05T16:33:42.809Z][ TEST REPORTING AND ANALYTICS ] Processing batch events for Interval-Queue. Request Size - 1416 bytes. Events are 'LogCreated':undefined
2026-05-05 10:33:42 - [34mdebug[39m: Sending request to https://collector-observability.browserstack.com/api/v1/batch
[35msilly[39m: [2026-05-05T16:33:43.167Z][ TEST REPORTING AND ANALYTICS ] Processing event - 'LogCreated' undefined
2026-05-05 10:33:43 - [34mdebug[39m: Response from https://collector-observability.browserstack.com/api/v1/batch: 200 OK
[34mdebug[39m: [2026-05-05T16:33:43.168Z][ TEST REPORTING AND ANALYTICS ] Interval-Queue event successful for events 'LogCreated':undefined -- {"success":true}
[35msilly[39m: [2026-05-05T16:33:43.168Z][ TEST REPORTING AND ANALYTICS ] Remaining Queue Length - 1
2026-05-05 10:33:44 - [34mdebug[39m: Accessibility extension data for current test: {"thTestRunUuid":"7f7353d7-5673-4b7e-9722-604e2c3b6642","thBuildUuid":"1gdastcn8kq9sxsko6uvecgoi3hmpl1o1ghvf2we","thJwtToken":"eyJhbGciOiJIUzI1NiJ9.eyJpc3MiOiJicm93c2Vyc3RhY2tfb2IiLCJzdWIiOiIxMDkzMzE0NCIsImdyb3VwX2lkIjoxMDg0OTc3MywidXNlcl9pZCI6MTA5MzMxNDQsImJ1aWxkX2hhc2hlZF9pZCI6IjFnZGFzdGNuOGtxOXN4c2tvNnV2ZWNnb2kzaG1wbDFvMWdodmYyd2UiLCJwcm9qZWN0X25hbWUiOiIiLCJob29rX2FzX3Rlc3QiOiIxIiwiYnVpbGRfbmFtZSI6IkF2b3RlY2gtUmVncmVzc2lvbi1UZXN0U3VpdGUiLCJwcm9kdWN0X21hcCI6IntcIm9ic2VydmFiaWxpdHlcIjp0cnVlLFwiYXV0b21hdGVcIjp0cnVlLFwiY2FkXCI6dHJ1ZSxcImFjY2Vzc2liaWxpdHlBdXRvRW5hYmxlZFwiOnRydWUsXCJub25TREtcIjpmYWxzZSxcIm9yaWdpbkZyb21Qcm9kdWN0TWFwXCI6XCJBdXRvbWF0ZVwiLFwiYnN0YWNrQXV0b21hdGlvblwiOnRydWV9IiwiZ3JyX3JlZ2lvbiI6IiIsImlzX2xvd192b2x1bWUiOmZhbHNlLCJpc19sY25jX2V2ZW50IjpmYWxzZSwiaXNfbHRzX2V2ZW50IjpmYWxzZSwic2lnbmluZ19rZXlfaGFzaCI6IjM3YzExMzFlNGIyZTc0M2M3NjZlMWQ3MGJmNWYyYjU3ZGM2OWIxOTVkMzAwZTMyYWU4ZDAyMzEyMGE0YTZkOTciLCJpYXQiOjE3Nzc5OTg0NzMsImV4cCI6MTc3ODM0NDA3M30.Gp72MtFIYMISvs78WJF6exDqEAuDQ-wAShJ3z3IxYOs"}
2026-05-05 10:33:44 - [32minfo[39m: Automate test case execution has ended. Processing for accessibility testing is underway. 
2026-05-05 10:33:44 - [34mdebug[39m: Performing scan before saving results.
2026-05-05 10:33:44 - [33mwarn[39m: Not a valid Accessibility Automation session for playwright-page, cannot perform scan with retry.
2026-05-05 10:33:44 - [34mdebug[39m: result=false
2026-05-05 10:33:44 - [33mwarn[39m: Not a valid Accessibility Automation session for playwright-page, cannot save accessibility results with retry.
2026-05-05 10:33:44 - [34mdebug[39m: saved Result scan=false
2026-05-05 10:33:44 - [32minfo[39m: Accessibility testing for this test case has ended.
[35msilly[39m: [2026-05-05T16:33:44.183Z][ TEST REPORTING AND ANALYTICS ] Started :: afterTestHook, PID - 8956, Argument - Navigate to Sales Order and create sales order
[34mdebug[39m: [2026-05-05T16:33:44.183Z][ TEST REPORTING AND ANALYTICS ] Started :: Executing After Test Hook, PID - 8956, Test Title - Navigate to Sales Order and create sales order, Test File - D:\CODES\CSI-QA-testing\tests\csi\salesAndBilling\SalesAndBilling.spec.ts
2026-05-05 10:33:44 - [32minfo[39m: [Accessibility] afterTestHook state: accessibilityPlatform=false, bstackA11yShouldScan=true
[34mdebug[39m: [2026-05-05T16:33:44.183Z][ TEST REPORTING AND ANALYTICS ] Sending session details for chrome-latest:Windows 11-browserstack3-b844c2afe9c7a518cbf6-807912829515a05ba3ed-0, {
  browserstack: {
    browser: 'chrome',
    browser_version: '147.0.7727.56',
    capabilities: {},
    platform: 'Windows',
    platform_version: '11',
    product: 'automate',
    session_id: '79eb725608ab6b172efce64fdbcee1e458077bb5'
  }
}
[35msilly[39m: [2026-05-05T16:33:44.183Z][ TEST REPORTING AND ANALYTICS ] Processing event - 'CBTSessionCreated' 7f7353d7-5673-4b7e-9722-604e2c3b6642
[35msilly[39m: [2026-05-05T16:33:44.184Z][ TEST REPORTING AND ANALYTICS ] Finished :: afterTestHook, PID - 8956, Argument - Navigate to Sales Order and create sales order
2026-05-05 10:33:44 - [34mdebug[39m: Error in browserstack js executor page.evaluate: locator.click: keyboard.press: expect.toBeAttached: locator.evaluate: locator.evaluate: locator.evaluate: locator.evaluate: locator.evaluate: Socket idle from a long time
    at Page._0xf306f8 (D:\CODES\CSI-QA-testing\node_modules\browserstack-node-sdk\src\bin\playwright\mock-process.js:1:19778)
    at Object.exports.<computed> (D:\CODES\CSI-QA-testing\node_modules\browserstack-node-sdk\src\helpers\helper.js:1:171634)
    at Object.exports.<computed> (D:\CODES\CSI-QA-testing\node_modules\browserstack-node-sdk\src\helpers\helper.js:1:172773)
    at D:\CODES\CSI-QA-testing\node_modules\browserstack-node-sdk\src\helpers\helper.js:1:180781
    at PerformanceTester.measure (D:\CODES\CSI-QA-testing\node_modules\browserstack-node-sdk\src\helpers\performance\performance-tester.js:1:12063)
    at D:\CODES\CSI-QA-testing\node_modules\browserstack-node-sdk\src\helpers\performance\performance-tester.js:1:13664
    at exports.playwrightMarkSessionStatus (D:\CODES\CSI-QA-testing\node_modules\browserstack-node-sdk\src\helpers\helper.js:1:180945)
    at Object.QEYUX (D:\CODES\CSI-QA-testing\node_modules\browserstack-node-sdk\src\bin\playwright\mock-process.js:1:48463)
    at afterTestHook (D:\CODES\CSI-QA-testing\node_modules\browserstack-node-sdk\src\bin\playwright\mock-process.js:1:49961)
    at Object.base.<computed>.<computed>.__browserstack_testHook (D:\CODES\CSI-QA-testing\node_modules\browserstack-node-sdk\src\bin\playwright\mock-process.js:1:64046)
2026-05-05 10:33:44 - [34mdebug[39m: Error in browserstack js executor page.evaluate: page.evaluate: locator.click: keyboard.press: expect.toBeAttached: locator.evaluate: locator.evaluate: locator.evaluate: locator.evaluate: locator.evaluate: Socket idle from a long time
    at Page._0xf306f8 (D:\CODES\CSI-QA-testing\node_modules\browserstack-node-sdk\src\bin\playwright\mock-process.js:1:19778)
    at Object.exports.<computed> (D:\CODES\CSI-QA-testing\node_modules\browserstack-node-sdk\src\helpers\helper.js:1:171634)
    at D:\CODES\CSI-QA-testing\node_modules\browserstack-node-sdk\src\helpers\helper.js:1:180921
[34mdebug[39m: [2026-05-05T16:33:44.187Z][ TEST REPORTING AND ANALYTICS ] Finished :: Executing After Test Hook, PID - 8956, Test Title - Navigate to Sales Order and create sales order, Test File - D:\CODES\CSI-QA-testing\tests\csi\salesAndBilling\SalesAndBilling.spec.ts
[34mdebug[39m: [2026-05-05T16:33:44.187Z][ TEST REPORTING AND ANALYTICS ] Test Hook ended, PID 8956
[35msilly[39m: [2026-05-05T16:33:44.220Z][ TEST REPORTING AND ANALYTICS ] Started :: afterWorkerHook, PID - 8956, Argument - 3
[35msilly[39m: [2026-05-05T16:33:44.220Z][ TEST REPORTING AND ANALYTICS ] Finished :: afterWorkerHook, PID - 8956, Argument - 3
[35msilly[39m: [2026-05-05T16:33:44.812Z][ TEST REPORTING AND ANALYTICS ] Processing events. Queue Length - 2
[34mdebug[39m: [2026-05-05T16:33:44.812Z][ TEST REPORTING AND ANALYTICS ] Processing batch events for Interval-Queue. Request Size - 1737 bytes. Events are 'LogCreated':undefined,'CBTSessionCreated':7f7353d7-5673-4b7e-9722-604e2c3b6642
2026-05-05 10:33:44 - [34mdebug[39m: Sending request to https://collector-observability.browserstack.com/api/v1/batch
2026-05-05 10:33:45 - [34mdebug[39m: Response from https://collector-observability.browserstack.com/api/v1/batch: 200 OK
[34mdebug[39m: [2026-05-05T16:33:45.169Z][ TEST REPORTING AND ANALYTICS ] Interval-Queue event successful for events 'LogCreated':undefined,'CBTSessionCreated':7f7353d7-5673-4b7e-9722-604e2c3b6642 -- {"success":true}
[35msilly[39m: [2026-05-05T16:33:45.169Z][ TEST REPORTING AND ANALYTICS ] Remaining Queue Length - 0
[34mdebug[39m: [2026-05-05T16:33:45.196Z][ TEST REPORTING AND ANALYTICS ] Finished :: Exiting Playwright worker, PID - 8956, WorkerIndex - 3
[34mdebug[39m: [2026-05-05T16:33:45.202Z][ TEST REPORTING AND ANALYTICS ] Test Finished with unique id chrome-latest:Windows 11-browserstack3-b844c2afe9c7a518cbf6-807912829515a05ba3ed
[35msilly[39m: [2026-05-05T16:33:45.202Z][ TEST REPORTING AND ANALYTICS ] Processing event - 'LogCreated' undefined
2026-05-05 10:33:45 - [34mdebug[39m: Searching for key: path
[35msilly[39m: [2026-05-05T16:33:45.203Z][ TEST REPORTING AND ANALYTICS ] Processing event - 'TestRunFinished' d4d30d1c-77ab-46ff-91a0-70d1d05eec9d
[34mdebug[39m: [2026-05-05T16:33:45.203Z][ TEST REPORTING AND ANALYTICS ] Starting sending trace zip for test: d4d30d1c-77ab-46ff-91a0-70d1d05eec9d
2026-05-05 10:33:45 - [34mdebug[39m: Checking if trace is enabled for test: d4d30d1c-77ab-46ff-91a0-70d1d05eec9d
2026-05-05 10:33:45 - [34mdebug[39m: Searching for key: path
[34mdebug[39m: [2026-05-05T16:33:45.246Z][ TEST REPORTING AND ANALYTICS ] Call to child fork with args D:\CODES\CSI-QA-testing\node_modules\playwright\lib\common\process.js
[35msilly[39m: [2026-05-05T16:33:45.401Z][ TEST REPORTING AND ANALYTICS ] Processing events. Queue Length - 2
[34mdebug[39m: [2026-05-05T16:33:45.405Z][ TEST REPORTING AND ANALYTICS ] Processing batch events for Interval-Queue. Request Size - 12362 bytes. Events are 'LogCreated':undefined,'TestRunFinished':d4d30d1c-77ab-46ff-91a0-70d1d05eec9d
2026-05-05 10:33:45 - [34mdebug[39m: Sending request to https://collector-observability.browserstack.com/api/v1/batch
2026-05-05 10:33:46 - [34mdebug[39m: Could not locate npm module path with error  Cannot access 'isYarnPnP' before initialization
2026-05-05 10:33:47 - [34mdebug[39m: Response from https://collector-observability.browserstack.com/api/v1/batch: 200 OK
[34mdebug[39m: [2026-05-05T16:33:47.219Z][ TEST REPORTING AND ANALYTICS ] Interval-Queue event successful for events 'LogCreated':undefined,'TestRunFinished':d4d30d1c-77ab-46ff-91a0-70d1d05eec9d -- {"success":true}
[35msilly[39m: [2026-05-05T16:33:47.219Z][ TEST REPORTING AND ANALYTICS ] Remaining Queue Length - 0
2026-05-05 10:33:46 - [34mdebug[39m: requireModuleV3 :: module - @playwright/test/package.json, package - @playwright/test
2026-05-05 10:33:46 - [34mdebug[39m: requireModuleV2 :: module - @playwright/test/package.json, package - @playwright/test
2026-05-05 10:33:46 - [34mdebug[39m: requireModuleV3 :: module - playwright/lib/common/process.js, package - playwright
2026-05-05 10:33:46 - [34mdebug[39m: Resolved from resolveModuleV3 :: Path - D:\CODES\CSI-QA-testing\node_modules\playwright\lib\common\process.js
2026-05-05 10:33:46 - [34mdebug[39m: requireModuleV3 :: module - @playwright/test/index.js, package - @playwright/test
2026-05-05 10:33:46 - [34mdebug[39m: requireModuleV2 :: module - @playwright/test/index.js, package - @playwright/test
2026-05-05 10:33:46 - [34mdebug[39m: Getting @playwright/test/index.js from D:\CODES\CSI-QA-testing
2026-05-05 10:33:47 - [34mdebug[39m: requireModuleV3 :: module - @playwright\test\node_modules\playwright-core, package - @playwright/test
2026-05-05 10:33:47 - [34mdebug[39m: requireModuleV2 :: module - @playwright\test\node_modules\playwright-core, package - @playwright/test
2026-05-05 10:33:47 - [34mdebug[39m: Getting @playwright\test\node_modules\playwright-core from D:\CODES\CSI-QA-testing
2026-05-05 10:33:47 - [34mdebug[39m: @playwright\test\node_modules\playwright-core doesn't exist at D:\CODES\CSI-QA-testing
2026-05-05 10:33:47 - [34mdebug[39m: Getting @playwright\test\node_modules\playwright-core from null
2026-05-05 10:33:47 - [34mdebug[39m: requireModuleV3 :: module - playwright\node_modules\playwright-core, package - playwright
2026-05-05 10:33:47 - [34mdebug[39m: requireModuleV2 :: module - playwright\node_modules\playwright-core, package - playwright
2026-05-05 10:33:47 - [34mdebug[39m: Getting playwright\node_modules\playwright-core from D:\CODES\CSI-QA-testing
2026-05-05 10:33:47 - [34mdebug[39m: playwright\node_modules\playwright-core doesn't exist at D:\CODES\CSI-QA-testing
2026-05-05 10:33:47 - [34mdebug[39m: Getting playwright\node_modules\playwright-core from null
2026-05-05 10:33:47 - [34mdebug[39m: requireModuleV2 :: module - playwright-core, package - null
2026-05-05 10:33:47 - [34mdebug[39m: Resolved path for playwright-core is D:\CODES\CSI-QA-testing\node_modules\playwright-core
2026-05-05 10:33:47 - [34mdebug[39m: requireModuleV2 :: module - D:\CODES\CSI-QA-testing\node_modules\playwright-core\lib\client\connection.js, package - null
2026-05-05 10:33:47 - [32minfo[39m: [BrowserstackCLI] Starting as child process with session ID: ba3ee7a3-ab6a-42f0-a360-eaad5d3a892f
2026-05-05 10:33:47 - [32minfo[39m: [GrpcClient] Connected to gRPC server at 127.0.0.1:5400
2026-05-05 10:33:47 - [32minfo[39m: [GrpcClient] Connecting bin session
2026-05-05 10:33:47 - [31merror[39m: [GrpcClient] ConnectBinSession error: 14 UNAVAILABLE: No connection established. Last error: Error: connect ECONNREFUSED 127.0.0.1:5400. Resolution note: 
2026-05-05 10:33:47 - [31merror[39m: [GrpcClient] Error in connectBinSession: Error: 14 UNAVAILABLE: No connection established. Last error: Error: connect ECONNREFUSED 127.0.0.1:5400. Resolution note: 
    at callErrorFromStatus (D:\CODES\CSI-QA-testing\node_modules\@grpc\grpc-js\src\call.ts:84:17)
    at Object.onReceiveStatus (D:\CODES\CSI-QA-testing\node_modules\@grpc\grpc-js\src\client.ts:360:55)
    at Object.onReceiveStatus (D:\CODES\CSI-QA-testing\node_modules\@grpc\grpc-js\src\client-interceptors.ts:466:34)
    at Object.onReceiveStatus (D:\CODES\CSI-QA-testing\node_modules\@grpc\grpc-js\src\client-interceptors.ts:424:48)
    at D:\CODES\CSI-QA-testing\node_modules\@grpc\grpc-js\src\resolving-call.ts:170:24
    at processTicksAndRejections (node:internal/process/task_queues:85:11)
for call at
    at ServiceClientImpl.makeUnaryRequest (D:\CODES\CSI-QA-testing\node_modules\@grpc\grpc-js\src\client.ts:325:42)
    at ServiceClientImpl.connectBinSession (D:\CODES\CSI-QA-testing\node_modules\@grpc\grpc-js\src\make-client.ts:189:15)
    at _0xcc7d46 (D:\CODES\CSI-QA-testing\node_modules\browserstack-node-sdk\src\bin\v2\grpcClient.js:1:13224)
    at new Promise (<anonymous>)
    at GrpcClient.connectBinSession (D:\CODES\CSI-QA-testing\node_modules\browserstack-node-sdk\src\bin\v2\grpcClient.js:1:13122)
    at BrowserstackCLI.startChild (D:\CODES\CSI-QA-testing\node_modules\browserstack-node-sdk\src\bin\v2\browserstackCLI.js:1:20593)
    at BrowserstackCLI.bootstrap (D:\CODES\CSI-QA-testing\node_modules\browserstack-node-sdk\src\bin\v2\browserstackCLI.js:1:7905)
    at Object._modifyPlaywright (D:\CODES\CSI-QA-testing\node_modules\browserstack-node-sdk\src\bin\playwright\modifyPlaywrightConf.js:1:21681)
    at Object.<anonymous> (D:\CODES\CSI-QA-testing\playwright-browserstack-sdk.config.ts:4:24)
    at Module._compile (node:internal/modules/cjs/loader:1830:14)
    at Module.newCompile2 (D:\CODES\CSI-QA-testing\node_modules\playwright\lib\third_party\pirates.js:46:29)
    at Object.<anonymous> (node:internal/modules/cjs/loader:1961:10)
    at Object.newLoader2 [as .ts] (D:\CODES\CSI-QA-testing\node_modules\playwright\lib\third_party\pirates.js:52:22)
    at Module.load (node:internal/modules/cjs/loader:1553:32)
    at Module._load (node:internal/modules/cjs/loader:1355:12)
    at wrapModuleLoad (node:internal/modules/cjs/loader:255:19)
    at Module.require (node:internal/modules/cjs/loader:1576:12)
    at require (node:internal/modules/helpers:153:16)
    at requireOrImport (D:\CODES\CSI-QA-testing\node_modules\playwright\lib\transform\transform.js:218:18)
    at loadUserConfig (D:\CODES\CSI-QA-testing\node_modules\playwright\lib\common\configLoader.js:107:89)
    at loadConfig (D:\CODES\CSI-QA-testing\node_modules\playwright\lib\common\configLoader.js:119:28)
    at deserializeConfig (D:\CODES\CSI-QA-testing\node_modules\playwright\lib\common\configLoader.js:104:10)
    at WorkerMain._loadIfNeeded (D:\CODES\CSI-QA-testing\node_modules\playwright\lib\worker\workerMain.js:165:20)
    at WorkerMain.runTestGroup (D:\CODES\CSI-QA-testing\node_modules\playwright\lib\worker\workerMain.js:179:7)
    at process.<anonymous> (D:\CODES\CSI-QA-testing\node_modules\playwright\lib\common\process.js:73:22) {
  code: 14,
  details: 'No connection established. Last error: Error: connect ECONNREFUSED 127.0.0.1:5400. Resolution note: ',
  metadata: Metadata {
    internalRepr: Map(0) {},
    opaqueData: Map(0) {},
    options: {}
  }
}
2026-05-05 10:33:47 - [31merror[39m: [BrowserstackCLI] Failed to start as child process: Error: 14 UNAVAILABLE: No connection established. Last error: Error: connect ECONNREFUSED 127.0.0.1:5400. Resolution note: 
    at callErrorFromStatus (D:\CODES\CSI-QA-testing\node_modules\@grpc\grpc-js\src\call.ts:84:17)
    at Object.onReceiveStatus (D:\CODES\CSI-QA-testing\node_modules\@grpc\grpc-js\src\client.ts:360:55)
    at Object.onReceiveStatus (D:\CODES\CSI-QA-testing\node_modules\@grpc\grpc-js\src\client-interceptors.ts:466:34)
    at Object.onReceiveStatus (D:\CODES\CSI-QA-testing\node_modules\@grpc\grpc-js\src\client-interceptors.ts:424:48)
    at D:\CODES\CSI-QA-testing\node_modules\@grpc\grpc-js\src\resolving-call.ts:170:24
    at processTicksAndRejections (node:internal/process/task_queues:85:11)
for call at
    at ServiceClientImpl.makeUnaryRequest (D:\CODES\CSI-QA-testing\node_modules\@grpc\grpc-js\src\client.ts:325:42)
    at ServiceClientImpl.connectBinSession (D:\CODES\CSI-QA-testing\node_modules\@grpc\grpc-js\src\make-client.ts:189:15)
    at _0xcc7d46 (D:\CODES\CSI-QA-testing\node_modules\browserstack-node-sdk\src\bin\v2\grpcClient.js:1:13224)
    at new Promise (<anonymous>)
    at GrpcClient.connectBinSession (D:\CODES\CSI-QA-testing\node_modules\browserstack-node-sdk\src\bin\v2\grpcClient.js:1:13122)
    at BrowserstackCLI.startChild (D:\CODES\CSI-QA-testing\node_modules\browserstack-node-sdk\src\bin\v2\browserstackCLI.js:1:20593)
    at BrowserstackCLI.bootstrap (D:\CODES\CSI-QA-testing\node_modules\browserstack-node-sdk\src\bin\v2\browserstackCLI.js:1:7905)
    at Object._modifyPlaywright (D:\CODES\CSI-QA-testing\node_modules\browserstack-node-sdk\src\bin\playwright\modifyPlaywrightConf.js:1:21681)
    at Object.<anonymous> (D:\CODES\CSI-QA-testing\playwright-browserstack-sdk.config.ts:4:24)
    at Module._compile (node:internal/modules/cjs/loader:1830:14)
    at Module.newCompile2 (D:\CODES\CSI-QA-testing\node_modules\playwright\lib\third_party\pirates.js:46:29)
    at Object.<anonymous> (node:internal/modules/cjs/loader:1961:10)
    at Object.newLoader2 [as .ts] (D:\CODES\CSI-QA-testing\node_modules\playwright\lib\third_party\pirates.js:52:22)
    at Module.load (node:internal/modules/cjs/loader:1553:32)
    at Module._load (node:internal/modules/cjs/loader:1355:12)
    at wrapModuleLoad (node:internal/modules/cjs/loader:255:19)
    at Module.require (node:internal/modules/cjs/loader:1576:12)
    at require (node:internal/modules/helpers:153:16)
    at requireOrImport (D:\CODES\CSI-QA-testing\node_modules\playwright\lib\transform\transform.js:218:18)
    at loadUserConfig (D:\CODES\CSI-QA-testing\node_modules\playwright\lib\common\configLoader.js:107:89)
    at loadConfig (D:\CODES\CSI-QA-testing\node_modules\playwright\lib\common\configLoader.js:119:28)
    at deserializeConfig (D:\CODES\CSI-QA-testing\node_modules\playwright\lib\common\configLoader.js:104:10)
    at WorkerMain._loadIfNeeded (D:\CODES\CSI-QA-testing\node_modules\playwright\lib\worker\workerMain.js:165:20)
    at WorkerMain.runTestGroup (D:\CODES\CSI-QA-testing\node_modules\playwright\lib\worker\workerMain.js:179:7)
    at process.<anonymous> (D:\CODES\CSI-QA-testing\node_modules\playwright\lib\common\process.js:73:22) {
  code: 14,
  details: 'No connection established. Last error: Error: connect ECONNREFUSED 127.0.0.1:5400. Resolution note: ',
  metadata: Metadata {
    internalRepr: Map(0) {},
    opaqueData: Map(0) {},
    options: {}
  }
}
2026-05-05 10:33:47 - [34mdebug[39m: requireModuleV3 :: module - playwright/lib/transform/transform.js, package - playwright
2026-05-05 10:33:47 - [34mdebug[39m: Resolved from resolveModuleV3 :: Path - D:\CODES\CSI-QA-testing\node_modules\playwright\lib\transform\transform.js
2026-05-05 10:33:47 - [34mdebug[39m: Local set to true. Adding browserstack.local: true and browserstack.localIdentifier: 5_May_1027_DESKTOP-B1PF2KP_dlxa to capabilities.
2026-05-05 10:33:47 - [34mdebug[39m: requireModuleV3 :: module - playwright/lib/runner/projectUtils.js, package - playwright
2026-05-05 10:33:47 - [34mdebug[39m: Resolved from resolveModuleV3 :: Path - D:\CODES\CSI-QA-testing\node_modules\playwright\lib\runner\projectUtils.js
[35msilly[39m: [2026-05-05T16:33:47.561Z][ TEST REPORTING AND ANALYTICS ] Test Started with unique id chrome-latest:Windows 11-browserstack3-b844c2afe9c7a518cbf6-c04b56fa5c5e53a123b9
2026-05-05 10:33:47 - [34mdebug[39m: Searching for key: path
[35msilly[39m: [2026-05-05T16:33:47.562Z][ TEST REPORTING AND ANALYTICS ] Processing event - 'TestRunStarted' 8900ced4-3e80-4a3a-b0dd-7b30f8770497
[35msilly[39m: [2026-05-05T16:33:47.563Z][ TEST REPORTING AND ANALYTICS ] Hook Started with unique id beforeEach hook for chrome-latest:Windows 11-browserstack3-b844c2afe9c7a518cbf6-c04b56fa5c5e53a123b9 is triggered for test b844c2afe9c7a518cbf6-c04b56fa5c5e53a123b9-0
[35msilly[39m: [2026-05-05T16:33:47.563Z][ TEST REPORTING AND ANALYTICS ] Processing event - 'HookRunStarted' 0f327897-12b5-435b-960a-c43b22828cd3
[35msilly[39m: [2026-05-05T16:33:47.562Z][ TEST REPORTING AND ANALYTICS ] Started :: beforeWorkerHook, PID - 29620, Argument - 4
2026-05-05 10:33:47 - [34mdebug[39m: requireModuleV3 :: module - @playwright\test\node_modules\playwright-core, package - @playwright/test
2026-05-05 10:33:47 - [34mdebug[39m: requireModuleV2 :: module - @playwright\test\node_modules\playwright-core, package - @playwright/test
2026-05-05 10:33:47 - [34mdebug[39m: Getting @playwright\test\node_modules\playwright-core from D:\CODES\CSI-QA-testing
2026-05-05 10:33:47 - [34mdebug[39m: @playwright\test\node_modules\playwright-core doesn't exist at D:\CODES\CSI-QA-testing
2026-05-05 10:33:47 - [34mdebug[39m: Getting @playwright\test\node_modules\playwright-core from null
2026-05-05 10:33:47 - [34mdebug[39m: requireModuleV3 :: module - playwright\node_modules\playwright-core, package - playwright
2026-05-05 10:33:47 - [34mdebug[39m: requireModuleV2 :: module - playwright\node_modules\playwright-core, package - playwright
2026-05-05 10:33:47 - [34mdebug[39m: Getting playwright\node_modules\playwright-core from D:\CODES\CSI-QA-testing
2026-05-05 10:33:47 - [34mdebug[39m: playwright\node_modules\playwright-core doesn't exist at D:\CODES\CSI-QA-testing
2026-05-05 10:33:47 - [34mdebug[39m: Getting playwright\node_modules\playwright-core from null
2026-05-05 10:33:47 - [34mdebug[39m: requireModuleV2 :: module - playwright-core, package - null
2026-05-05 10:33:47 - [34mdebug[39m: Resolved path for playwright-core is D:\CODES\CSI-QA-testing\node_modules\playwright-core
2026-05-05 10:33:47 - [34mdebug[39m: requireModuleV2 :: module - D:\CODES\CSI-QA-testing\node_modules\playwright-core\lib\client\browserType.js, package - null
2026-05-05 10:33:47 - [34mdebug[39m: requireModuleV3 :: module - @playwright\test\node_modules\playwright-core, package - @playwright/test
2026-05-05 10:33:47 - [34mdebug[39m: requireModuleV2 :: module - @playwright\test\node_modules\playwright-core, package - @playwright/test
2026-05-05 10:33:47 - [34mdebug[39m: Getting @playwright\test\node_modules\playwright-core from D:\CODES\CSI-QA-testing
2026-05-05 10:33:47 - [34mdebug[39m: @playwright\test\node_modules\playwright-core doesn't exist at D:\CODES\CSI-QA-testing
2026-05-05 10:33:47 - [34mdebug[39m: Getting @playwright\test\node_modules\playwright-core from null
2026-05-05 10:33:47 - [34mdebug[39m: requireModuleV3 :: module - playwright\node_modules\playwright-core, package - playwright
2026-05-05 10:33:47 - [34mdebug[39m: requireModuleV2 :: module - playwright\node_modules\playwright-core, package - playwright
2026-05-05 10:33:47 - [34mdebug[39m: Getting playwright\node_modules\playwright-core from D:\CODES\CSI-QA-testing
2026-05-05 10:33:47 - [34mdebug[39m: playwright\node_modules\playwright-core doesn't exist at D:\CODES\CSI-QA-testing
2026-05-05 10:33:47 - [34mdebug[39m: Getting playwright\node_modules\playwright-core from null
2026-05-05 10:33:47 - [34mdebug[39m: requireModuleV2 :: module - playwright-core, package - null
2026-05-05 10:33:47 - [34mdebug[39m: Resolved path for playwright-core is D:\CODES\CSI-QA-testing\node_modules\playwright-core
2026-05-05 10:33:47 - [34mdebug[39m: requireModuleV2 :: module - D:\CODES\CSI-QA-testing\node_modules\playwright-core\lib\client\browserContext.js, package - null
2026-05-05 10:33:47 - [34mdebug[39m: requireModuleV3 :: module - @playwright\test\node_modules\playwright-core, package - @playwright/test
2026-05-05 10:33:47 - [34mdebug[39m: requireModuleV2 :: module - @playwright\test\node_modules\playwright-core, package - @playwright/test
2026-05-05 10:33:47 - [34mdebug[39m: Getting @playwright\test\node_modules\playwright-core from D:\CODES\CSI-QA-testing
2026-05-05 10:33:47 - [34mdebug[39m: @playwright\test\node_modules\playwright-core doesn't exist at D:\CODES\CSI-QA-testing
2026-05-05 10:33:47 - [34mdebug[39m: Getting @playwright\test\node_modules\playwright-core from null
2026-05-05 10:33:47 - [34mdebug[39m: requireModuleV3 :: module - playwright\node_modules\playwright-core, package - playwright
2026-05-05 10:33:47 - [34mdebug[39m: requireModuleV2 :: module - playwright\node_modules\playwright-core, package - playwright
2026-05-05 10:33:47 - [34mdebug[39m: Getting playwright\node_modules\playwright-core from D:\CODES\CSI-QA-testing
2026-05-05 10:33:47 - [34mdebug[39m: playwright\node_modules\playwright-core doesn't exist at D:\CODES\CSI-QA-testing
2026-05-05 10:33:47 - [34mdebug[39m: Getting playwright\node_modules\playwright-core from null
2026-05-05 10:33:47 - [34mdebug[39m: requireModuleV2 :: module - playwright-core, package - null
2026-05-05 10:33:47 - [34mdebug[39m: Resolved path for playwright-core is D:\CODES\CSI-QA-testing\node_modules\playwright-core
2026-05-05 10:33:47 - [34mdebug[39m: requireModuleV2 :: module - D:\CODES\CSI-QA-testing\node_modules\playwright-core\lib\client\android.js, package - null
2026-05-05 10:33:47 - [34mdebug[39m: requireModuleV3 :: module - @playwright\test\node_modules\playwright-core, package - @playwright/test
2026-05-05 10:33:47 - [34mdebug[39m: requireModuleV2 :: module - @playwright\test\node_modules\playwright-core, package - @playwright/test
2026-05-05 10:33:47 - [34mdebug[39m: Getting @playwright\test\node_modules\playwright-core from D:\CODES\CSI-QA-testing
2026-05-05 10:33:47 - [34mdebug[39m: @playwright\test\node_modules\playwright-core doesn't exist at D:\CODES\CSI-QA-testing
2026-05-05 10:33:47 - [34mdebug[39m: Getting @playwright\test\node_modules\playwright-core from null
2026-05-05 10:33:47 - [34mdebug[39m: requireModuleV3 :: module - playwright\node_modules\playwright-core, package - playwright
2026-05-05 10:33:47 - [34mdebug[39m: requireModuleV2 :: module - playwright\node_modules\playwright-core, package - playwright
2026-05-05 10:33:47 - [34mdebug[39m: Getting playwright\node_modules\playwright-core from D:\CODES\CSI-QA-testing
2026-05-05 10:33:47 - [34mdebug[39m: playwright\node_modules\playwright-core doesn't exist at D:\CODES\CSI-QA-testing
2026-05-05 10:33:47 - [34mdebug[39m: Getting playwright\node_modules\playwright-core from null
2026-05-05 10:33:47 - [34mdebug[39m: requireModuleV2 :: module - playwright-core, package - null
2026-05-05 10:33:47 - [34mdebug[39m: Resolved path for playwright-core is D:\CODES\CSI-QA-testing\node_modules\playwright-core
2026-05-05 10:33:47 - [34mdebug[39m: requireModuleV2 :: module - D:\CODES\CSI-QA-testing\node_modules\playwright-core\lib\client\page.js, package - null
2026-05-05 10:33:47 - [34mdebug[39m: requireModuleV3 :: module - @playwright\test\node_modules\playwright-core, package - @playwright/test
2026-05-05 10:33:47 - [34mdebug[39m: requireModuleV2 :: module - @playwright\test\node_modules\playwright-core, package - @playwright/test
2026-05-05 10:33:47 - [34mdebug[39m: Getting @playwright\test\node_modules\playwright-core from D:\CODES\CSI-QA-testing
2026-05-05 10:33:47 - [34mdebug[39m: @playwright\test\node_modules\playwright-core doesn't exist at D:\CODES\CSI-QA-testing
2026-05-05 10:33:47 - [34mdebug[39m: Getting @playwright\test\node_modules\playwright-core from null
2026-05-05 10:33:47 - [34mdebug[39m: requireModuleV3 :: module - playwright\node_modules\playwright-core, package - playwright
2026-05-05 10:33:47 - [34mdebug[39m: requireModuleV2 :: module - playwright\node_modules\playwright-core, package - playwright
2026-05-05 10:33:47 - [34mdebug[39m: Getting playwright\node_modules\playwright-core from D:\CODES\CSI-QA-testing
2026-05-05 10:33:47 - [34mdebug[39m: playwright\node_modules\playwright-core doesn't exist at D:\CODES\CSI-QA-testing
2026-05-05 10:33:47 - [34mdebug[39m: Getting playwright\node_modules\playwright-core from null
2026-05-05 10:33:47 - [34mdebug[39m: requireModuleV2 :: module - playwright-core, package - null
2026-05-05 10:33:47 - [34mdebug[39m: Resolved path for playwright-core is D:\CODES\CSI-QA-testing\node_modules\playwright-core
2026-05-05 10:33:47 - [34mdebug[39m: requireModuleV2 :: module - D:\CODES\CSI-QA-testing\node_modules\playwright-core\lib\client\page.js, package - null
[35msilly[39m: [2026-05-05T16:33:47.580Z][ TEST REPORTING AND ANALYTICS ] Finished :: beforeWorkerHook, PID - 29620, Argument - 4
[34mdebug[39m: [2026-05-05T16:33:47.580Z][ TEST REPORTING AND ANALYTICS ] Worker Hook started, PID 29620
[34mdebug[39m: [2026-05-05T16:33:47.592Z][ TEST REPORTING AND ANALYTICS ] Test Hook started, PID 29620
[35msilly[39m: [2026-05-05T16:33:47.592Z][ TEST REPORTING AND ANALYTICS ] Started :: beforeTestHook, PID - 29620, Argument - Navigate to Sales Partner list and create sales partner
[35msilly[39m: [2026-05-05T16:33:47.593Z][ TEST REPORTING AND ANALYTICS ] Sending session details at beforeTestHook
[35msilly[39m: [2026-05-05T16:33:47.593Z][ TEST REPORTING AND ANALYTICS ] Finished :: beforeTestHook, PID - 29620, Argument - Navigate to Sales Partner list and create sales partner
2026-05-05 10:33:47 - [34mdebug[39m: [Accessibility] Initialized for test: autoScanning=true, bstackA11yShouldScan=true
2026-05-05 10:33:47 - [34mdebug[39m: Processed accessibility caps false {"useW3C":false,"browserstack.user":"[REDACTED]","browserstack.key":"[REDACTED]","browserstack.local":true,"browserstack.localIdentifier":"5_May_1027_DESKTOP-B1PF2KP_dlxa","browserstack.buildIdentifier":"#25","build":"Avotech-Regression-TestSuite","browserstack.video":true,"interactiveDebugging":true,"os":"Windows","os_version":"11","browserName":"chrome","browser_version":"latest","browserstack.browserstackSDK":"playwright-nodeagent/1.52.2","browserstack.hostName":"DESKTOP-B1PF2KP","browserstack.buildProductMap":{"observability":true,"accessibility":false,"percy":false,"automate":true,"app_automate":false,"lts":false,"central_scanner":false,"lcnc":false},"browserstack.testhubBuildUuid":"1gdastcn8kq9sxsko6uvecgoi3hmpl1o1ghvf2we"}
[35msilly[39m: [2026-05-05T16:33:49.416Z][ TEST REPORTING AND ANALYTICS ] Processing events. Queue Length - 2
[34mdebug[39m: [2026-05-05T16:33:49.417Z][ TEST REPORTING AND ANALYTICS ] Processing batch events for Interval-Queue. Request Size - 3005 bytes. Events are 'TestRunStarted':8900ced4-3e80-4a3a-b0dd-7b30f8770497,'HookRunStarted':0f327897-12b5-435b-960a-c43b22828cd3
2026-05-05 10:33:49 - [34mdebug[39m: Sending request to https://collector-observability.browserstack.com/api/v1/batch
2026-05-05 10:33:49 - [34mdebug[39m: Response from https://collector-observability.browserstack.com/api/v1/batch: 200 OK
[34mdebug[39m: [2026-05-05T16:33:49.792Z][ TEST REPORTING AND ANALYTICS ] Interval-Queue event successful for events 'TestRunStarted':8900ced4-3e80-4a3a-b0dd-7b30f8770497,'HookRunStarted':0f327897-12b5-435b-960a-c43b22828cd3 -- {"success":true}
[35msilly[39m: [2026-05-05T16:33:49.792Z][ TEST REPORTING AND ANALYTICS ] Remaining Queue Length - 0
[34mdebug[39m: [2026-05-05T16:33:54.310Z][ TEST REPORTING AND ANALYTICS ] Setting platform details received from BS: [object Object]
[34mdebug[39m: [2026-05-05T16:33:54.310Z][ TEST REPORTING AND ANALYTICS ] Setting session id received from BS 2dc0ebb293678c161d060ed4bf776ccf85d317ea
2026-05-05 10:33:54 - [34mdebug[39m: Device Model is not available
[35msilly[39m: [2026-05-05T16:33:54.313Z][ TEST REPORTING AND ANALYTICS ] Sending session details at connect
[34mdebug[39m: [2026-05-05T16:33:54.314Z][ TEST REPORTING AND ANALYTICS ] Sending session details for chrome-latest:Windows 11-browserstack3-b844c2afe9c7a518cbf6-c04b56fa5c5e53a123b9-0, {
  browserstack: {
    browser: 'chrome',
    browser_version: '147.0.7727.56',
    capabilities: {},
    platform: 'Windows',
    platform_version: '11',
    product: 'automate',
    session_id: '2dc0ebb293678c161d060ed4bf776ccf85d317ea'
  }
}
[35msilly[39m: [2026-05-05T16:33:54.315Z][ TEST REPORTING AND ANALYTICS ] Processing event - 'CBTSessionCreated' 7c71a95b-1295-4df0-b28b-4c2e27f56bb7
2026-05-05 10:33:54 - [34mdebug[39m: Device Model is not available
[35msilly[39m: [2026-05-05T16:33:54.317Z][ TEST REPORTING AND ANALYTICS ] Sending session details at browser fixture
[34mdebug[39m: [2026-05-05T16:33:54.317Z][ TEST REPORTING AND ANALYTICS ] Sending session details for chrome-latest:Windows 11-browserstack3-b844c2afe9c7a518cbf6-c04b56fa5c5e53a123b9-0, {
  browserstack: {
    browser: 'chrome',
    browser_version: '147.0.7727.56',
    capabilities: {},
    platform: 'Windows',
    platform_version: '11',
    product: 'automate',
    session_id: '2dc0ebb293678c161d060ed4bf776ccf85d317ea'
  }
}
[35msilly[39m: [2026-05-05T16:33:54.317Z][ TEST REPORTING AND ANALYTICS ] Processing event - 'CBTSessionCreated' 7c71a95b-1295-4df0-b28b-4c2e27f56bb7
[35msilly[39m: [2026-05-05T16:33:56.326Z][ TEST REPORTING AND ANALYTICS ] Processing events. Queue Length - 2
[34mdebug[39m: [2026-05-05T16:33:56.328Z][ TEST REPORTING AND ANALYTICS ] Processing batch events for Interval-Queue. Request Size - 643 bytes. Events are 'CBTSessionCreated':7c71a95b-1295-4df0-b28b-4c2e27f56bb7,'CBTSessionCreated':7c71a95b-1295-4df0-b28b-4c2e27f56bb7
2026-05-05 10:33:56 - [34mdebug[39m: Sending request to https://collector-observability.browserstack.com/api/v1/batch
[35msilly[39m: [2026-05-05T16:33:58.174Z][ TEST REPORTING AND ANALYTICS ] Processing event - 'LogCreated' undefined
2026-05-05 10:33:58 - [34mdebug[39m: Response from https://collector-observability.browserstack.com/api/v1/batch: 200 OK
[34mdebug[39m: [2026-05-05T16:33:58.179Z][ TEST REPORTING AND ANALYTICS ] Interval-Queue event successful for events 'CBTSessionCreated':7c71a95b-1295-4df0-b28b-4c2e27f56bb7,'CBTSessionCreated':7c71a95b-1295-4df0-b28b-4c2e27f56bb7 -- {"success":true}
[35msilly[39m: [2026-05-05T16:33:58.179Z][ TEST REPORTING AND ANALYTICS ] Remaining Queue Length - 1
[35msilly[39m: [2026-05-05T16:33:58.327Z][ TEST REPORTING AND ANALYTICS ] Processing events. Queue Length - 1
[34mdebug[39m: [2026-05-05T16:33:58.328Z][ TEST REPORTING AND ANALYTICS ] Processing batch events for Interval-Queue. Request Size - 1416 bytes. Events are 'LogCreated':undefined
2026-05-05 10:33:58 - [34mdebug[39m: Sending request to https://collector-observability.browserstack.com/api/v1/batch
[35msilly[39m: [2026-05-05T16:33:58.725Z][ TEST REPORTING AND ANALYTICS ] Processing event - 'LogCreated' undefined
2026-05-05 10:33:58 - [34mdebug[39m: Response from https://collector-observability.browserstack.com/api/v1/batch: 200 OK
[34mdebug[39m: [2026-05-05T16:33:58.729Z][ TEST REPORTING AND ANALYTICS ] Interval-Queue event successful for events 'LogCreated':undefined -- {"success":true}
[35msilly[39m: [2026-05-05T16:33:58.729Z][ TEST REPORTING AND ANALYTICS ] Remaining Queue Length - 1
[35msilly[39m: [2026-05-05T16:34:00.336Z][ TEST REPORTING AND ANALYTICS ] Processing events. Queue Length - 1
[34mdebug[39m: [2026-05-05T16:34:00.336Z][ TEST REPORTING AND ANALYTICS ] Processing batch events for Interval-Queue. Request Size - 1416 bytes. Events are 'LogCreated':undefined
2026-05-05 10:34:00 - [34mdebug[39m: Sending request to https://collector-observability.browserstack.com/api/v1/batch
[35msilly[39m: [2026-05-05T16:34:00.873Z][ TEST REPORTING AND ANALYTICS ] Processing event - 'LogCreated' undefined
2026-05-05 10:34:00 - [34mdebug[39m: Response from https://collector-observability.browserstack.com/api/v1/batch: 200 OK
[34mdebug[39m: [2026-05-05T16:34:00.875Z][ TEST REPORTING AND ANALYTICS ] Interval-Queue event successful for events 'LogCreated':undefined -- {"success":true}
[35msilly[39m: [2026-05-05T16:34:00.875Z][ TEST REPORTING AND ANALYTICS ] Remaining Queue Length - 1
[35msilly[39m: [2026-05-05T16:34:02.353Z][ TEST REPORTING AND ANALYTICS ] Processing events. Queue Length - 1
[34mdebug[39m: [2026-05-05T16:34:02.355Z][ TEST REPORTING AND ANALYTICS ] Processing batch events for Interval-Queue. Request Size - 1416 bytes. Events are 'LogCreated':undefined
2026-05-05 10:34:02 - [34mdebug[39m: Sending request to https://collector-observability.browserstack.com/api/v1/batch
[35msilly[39m: [2026-05-05T16:34:02.710Z][ TEST REPORTING AND ANALYTICS ] Processing event - 'LogCreated' undefined
2026-05-05 10:34:02 - [34mdebug[39m: Response from https://collector-observability.browserstack.com/api/v1/batch: 200 OK
[34mdebug[39m: [2026-05-05T16:34:02.711Z][ TEST REPORTING AND ANALYTICS ] Interval-Queue event successful for events 'LogCreated':undefined -- {"success":true}
[35msilly[39m: [2026-05-05T16:34:02.711Z][ TEST REPORTING AND ANALYTICS ] Remaining Queue Length - 1
[35msilly[39m: [2026-05-05T16:34:04.353Z][ TEST REPORTING AND ANALYTICS ] Processing events. Queue Length - 1
[34mdebug[39m: [2026-05-05T16:34:04.353Z][ TEST REPORTING AND ANALYTICS ] Processing batch events for Interval-Queue. Request Size - 1416 bytes. Events are 'LogCreated':undefined
2026-05-05 10:34:04 - [34mdebug[39m: Sending request to https://collector-observability.browserstack.com/api/v1/batch
[35msilly[39m: [2026-05-05T16:34:04.712Z][ TEST REPORTING AND ANALYTICS ] Processing event - 'LogCreated' undefined
2026-05-05 10:34:04 - [34mdebug[39m: Response from https://collector-observability.browserstack.com/api/v1/batch: 200 OK
[34mdebug[39m: [2026-05-05T16:34:04.713Z][ TEST REPORTING AND ANALYTICS ] Interval-Queue event successful for events 'LogCreated':undefined -- {"success":true}
[35msilly[39m: [2026-05-05T16:34:04.713Z][ TEST REPORTING AND ANALYTICS ] Remaining Queue Length - 1
[35msilly[39m: [2026-05-05T16:34:06.354Z][ TEST REPORTING AND ANALYTICS ] Processing events. Queue Length - 1
[34mdebug[39m: [2026-05-05T16:34:06.355Z][ TEST REPORTING AND ANALYTICS ] Processing batch events for Interval-Queue. Request Size - 1416 bytes. Events are 'LogCreated':undefined
2026-05-05 10:34:06 - [34mdebug[39m: Sending request to https://collector-observability.browserstack.com/api/v1/batch
[35msilly[39m: [2026-05-05T16:34:06.723Z][ TEST REPORTING AND ANALYTICS ] Processing event - 'LogCreated' undefined
2026-05-05 10:34:06 - [34mdebug[39m: Response from https://collector-observability.browserstack.com/api/v1/batch: 200 OK
[34mdebug[39m: [2026-05-05T16:34:06.726Z][ TEST REPORTING AND ANALYTICS ] Interval-Queue event successful for events 'LogCreated':undefined -- {"success":true}
[35msilly[39m: [2026-05-05T16:34:06.726Z][ TEST REPORTING AND ANALYTICS ] Remaining Queue Length - 1
[35msilly[39m: [2026-05-05T16:34:08.354Z][ TEST REPORTING AND ANALYTICS ] Processing events. Queue Length - 1
[34mdebug[39m: [2026-05-05T16:34:08.355Z][ TEST REPORTING AND ANALYTICS ] Processing batch events for Interval-Queue. Request Size - 1416 bytes. Events are 'LogCreated':undefined
2026-05-05 10:34:08 - [34mdebug[39m: Sending request to https://collector-observability.browserstack.com/api/v1/batch
[35msilly[39m: [2026-05-05T16:34:08.714Z][ TEST REPORTING AND ANALYTICS ] Processing event - 'LogCreated' undefined
2026-05-05 10:34:08 - [34mdebug[39m: Response from https://collector-observability.browserstack.com/api/v1/batch: 200 OK
[34mdebug[39m: [2026-05-05T16:34:08.715Z][ TEST REPORTING AND ANALYTICS ] Interval-Queue event successful for events 'LogCreated':undefined -- {"success":true}
[35msilly[39m: [2026-05-05T16:34:08.715Z][ TEST REPORTING AND ANALYTICS ] Remaining Queue Length - 1
[35msilly[39m: [2026-05-05T16:34:10.363Z][ TEST REPORTING AND ANALYTICS ] Processing events. Queue Length - 1
[34mdebug[39m: [2026-05-05T16:34:10.363Z][ TEST REPORTING AND ANALYTICS ] Processing batch events for Interval-Queue. Request Size - 1416 bytes. Events are 'LogCreated':undefined
2026-05-05 10:34:10 - [34mdebug[39m: Sending request to https://collector-observability.browserstack.com/api/v1/batch
[35msilly[39m: [2026-05-05T16:34:10.727Z][ TEST REPORTING AND ANALYTICS ] Processing event - 'LogCreated' undefined
2026-05-05 10:34:10 - [34mdebug[39m: Response from https://collector-observability.browserstack.com/api/v1/batch: 200 OK
[34mdebug[39m: [2026-05-05T16:34:10.728Z][ TEST REPORTING AND ANALYTICS ] Interval-Queue event successful for events 'LogCreated':undefined -- {"success":true}
[35msilly[39m: [2026-05-05T16:34:10.728Z][ TEST REPORTING AND ANALYTICS ] Remaining Queue Length - 1
[35msilly[39m: [2026-05-05T16:34:12.374Z][ TEST REPORTING AND ANALYTICS ] Processing events. Queue Length - 1
[34mdebug[39m: [2026-05-05T16:34:12.374Z][ TEST REPORTING AND ANALYTICS ] Processing batch events for Interval-Queue. Request Size - 1416 bytes. Events are 'LogCreated':undefined
2026-05-05 10:34:12 - [34mdebug[39m: Sending request to https://collector-observability.browserstack.com/api/v1/batch
[35msilly[39m: [2026-05-05T16:34:12.753Z][ TEST REPORTING AND ANALYTICS ] Processing event - 'LogCreated' undefined
2026-05-05 10:34:12 - [34mdebug[39m: Response from https://collector-observability.browserstack.com/api/v1/batch: 200 OK
[34mdebug[39m: [2026-05-05T16:34:12.756Z][ TEST REPORTING AND ANALYTICS ] Interval-Queue event successful for events 'LogCreated':undefined -- {"success":true}
[35msilly[39m: [2026-05-05T16:34:12.756Z][ TEST REPORTING AND ANALYTICS ] Remaining Queue Length - 1
[35msilly[39m: [2026-05-05T16:34:14.381Z][ TEST REPORTING AND ANALYTICS ] Processing events. Queue Length - 1
[34mdebug[39m: [2026-05-05T16:34:14.382Z][ TEST REPORTING AND ANALYTICS ] Processing batch events for Interval-Queue. Request Size - 1416 bytes. Events are 'LogCreated':undefined
2026-05-05 10:34:14 - [34mdebug[39m: Sending request to https://collector-observability.browserstack.com/api/v1/batch
[35msilly[39m: [2026-05-05T16:34:14.773Z][ TEST REPORTING AND ANALYTICS ] Processing event - 'LogCreated' undefined
2026-05-05 10:34:14 - [34mdebug[39m: Response from https://collector-observability.browserstack.com/api/v1/batch: 200 OK
[34mdebug[39m: [2026-05-05T16:34:14.775Z][ TEST REPORTING AND ANALYTICS ] Interval-Queue event successful for events 'LogCreated':undefined -- {"success":true}
[35msilly[39m: [2026-05-05T16:34:14.775Z][ TEST REPORTING AND ANALYTICS ] Remaining Queue Length - 1
[35msilly[39m: [2026-05-05T16:34:15.696Z][ TEST REPORTING AND ANALYTICS ] Hook Finished with unique id beforeEach hook for chrome-latest:Windows 11-browserstack3-b844c2afe9c7a518cbf6-c04b56fa5c5e53a123b9 is triggered
[35msilly[39m: [2026-05-05T16:34:15.696Z][ TEST REPORTING AND ANALYTICS ] Processing event - 'LogCreated' undefined
[35msilly[39m: [2026-05-05T16:34:15.696Z][ TEST REPORTING AND ANALYTICS ] Processing event - 'HookRunFinished' 0f327897-12b5-435b-960a-c43b22828cd3
[35msilly[39m: [2026-05-05T16:34:16.394Z][ TEST REPORTING AND ANALYTICS ] Processing events. Queue Length - 1
[34mdebug[39m: [2026-05-05T16:34:16.394Z][ TEST REPORTING AND ANALYTICS ] Processing batch events for Interval-Queue. Request Size - 1416 bytes. Events are 'LogCreated':undefined
2026-05-05 10:34:16 - [34mdebug[39m: Sending request to https://collector-observability.browserstack.com/api/v1/batch
[35msilly[39m: [2026-05-05T16:34:16.756Z][ TEST REPORTING AND ANALYTICS ] Processing event - 'LogCreated' undefined
2026-05-05 10:34:16 - [34mdebug[39m: Response from https://collector-observability.browserstack.com/api/v1/batch: 200 OK
[34mdebug[39m: [2026-05-05T16:34:16.757Z][ TEST REPORTING AND ANALYTICS ] Interval-Queue event successful for events 'LogCreated':undefined -- {"success":true}
[35msilly[39m: [2026-05-05T16:34:16.757Z][ TEST REPORTING AND ANALYTICS ] Remaining Queue Length - 1
[35msilly[39m: [2026-05-05T16:34:17.538Z][ TEST REPORTING AND ANALYTICS ] Processing events. Queue Length - 2
[34mdebug[39m: [2026-05-05T16:34:17.539Z][ TEST REPORTING AND ANALYTICS ] Processing batch events for Interval-Queue. Request Size - 5685 bytes. Events are 'LogCreated':undefined,'HookRunFinished':0f327897-12b5-435b-960a-c43b22828cd3
2026-05-05 10:34:17 - [34mdebug[39m: Sending request to https://collector-observability.browserstack.com/api/v1/batch
2026-05-05 10:34:17 - [34mdebug[39m: Response from https://collector-observability.browserstack.com/api/v1/batch: 200 OK
[34mdebug[39m: [2026-05-05T16:34:17.901Z][ TEST REPORTING AND ANALYTICS ] Interval-Queue event successful for events 'LogCreated':undefined,'HookRunFinished':0f327897-12b5-435b-960a-c43b22828cd3 -- {"success":true}
[35msilly[39m: [2026-05-05T16:34:17.901Z][ TEST REPORTING AND ANALYTICS ] Remaining Queue Length - 0
[35msilly[39m: [2026-05-05T16:34:18.393Z][ TEST REPORTING AND ANALYTICS ] Processing events. Queue Length - 1
[34mdebug[39m: [2026-05-05T16:34:18.394Z][ TEST REPORTING AND ANALYTICS ] Processing batch events for Interval-Queue. Request Size - 1416 bytes. Events are 'LogCreated':undefined
2026-05-05 10:34:18 - [34mdebug[39m: Sending request to https://collector-observability.browserstack.com/api/v1/batch
[35msilly[39m: [2026-05-05T16:34:18.765Z][ TEST REPORTING AND ANALYTICS ] Processing event - 'LogCreated' undefined
2026-05-05 10:34:18 - [34mdebug[39m: Response from https://collector-observability.browserstack.com/api/v1/batch: 200 OK
[34mdebug[39m: [2026-05-05T16:34:18.766Z][ TEST REPORTING AND ANALYTICS ] Interval-Queue event successful for events 'LogCreated':undefined -- {"success":true}
[35msilly[39m: [2026-05-05T16:34:18.767Z][ TEST REPORTING AND ANALYTICS ] Remaining Queue Length - 1
[35msilly[39m: [2026-05-05T16:34:20.394Z][ TEST REPORTING AND ANALYTICS ] Processing events. Queue Length - 1
[34mdebug[39m: [2026-05-05T16:34:20.394Z][ TEST REPORTING AND ANALYTICS ] Processing batch events for Interval-Queue. Request Size - 1416 bytes. Events are 'LogCreated':undefined
2026-05-05 10:34:20 - [34mdebug[39m: Sending request to https://collector-observability.browserstack.com/api/v1/batch
[35msilly[39m: [2026-05-05T16:34:20.761Z][ TEST REPORTING AND ANALYTICS ] Processing event - 'LogCreated' undefined
2026-05-05 10:34:20 - [34mdebug[39m: Response from https://collector-observability.browserstack.com/api/v1/batch: 200 OK
[34mdebug[39m: [2026-05-05T16:34:20.761Z][ TEST REPORTING AND ANALYTICS ] Interval-Queue event successful for events 'LogCreated':undefined -- {"success":true}
[35msilly[39m: [2026-05-05T16:34:20.762Z][ TEST REPORTING AND ANALYTICS ] Remaining Queue Length - 1
[35msilly[39m: [2026-05-05T16:34:22.398Z][ TEST REPORTING AND ANALYTICS ] Processing events. Queue Length - 1
[34mdebug[39m: [2026-05-05T16:34:22.398Z][ TEST REPORTING AND ANALYTICS ] Processing batch events for Interval-Queue. Request Size - 1416 bytes. Events are 'LogCreated':undefined
2026-05-05 10:34:22 - [34mdebug[39m: Sending request to https://collector-observability.browserstack.com/api/v1/batch
[35msilly[39m: [2026-05-05T16:34:22.753Z][ TEST REPORTING AND ANALYTICS ] Processing event - 'LogCreated' undefined
2026-05-05 10:34:22 - [34mdebug[39m: Response from https://collector-observability.browserstack.com/api/v1/batch: 200 OK
[34mdebug[39m: [2026-05-05T16:34:22.756Z][ TEST REPORTING AND ANALYTICS ] Interval-Queue event successful for events 'LogCreated':undefined -- {"success":true}
[35msilly[39m: [2026-05-05T16:34:22.756Z][ TEST REPORTING AND ANALYTICS ] Remaining Queue Length - 1
[35msilly[39m: [2026-05-05T16:34:24.404Z][ TEST REPORTING AND ANALYTICS ] Processing events. Queue Length - 1
[34mdebug[39m: [2026-05-05T16:34:24.404Z][ TEST REPORTING AND ANALYTICS ] Processing batch events for Interval-Queue. Request Size - 1416 bytes. Events are 'LogCreated':undefined
2026-05-05 10:34:24 - [34mdebug[39m: Sending request to https://collector-observability.browserstack.com/api/v1/batch
[35msilly[39m: [2026-05-05T16:34:24.774Z][ TEST REPORTING AND ANALYTICS ] Processing event - 'LogCreated' undefined
2026-05-05 10:34:24 - [34mdebug[39m: Response from https://collector-observability.browserstack.com/api/v1/batch: 200 OK
[34mdebug[39m: [2026-05-05T16:34:24.776Z][ TEST REPORTING AND ANALYTICS ] Interval-Queue event successful for events 'LogCreated':undefined -- {"success":true}
[35msilly[39m: [2026-05-05T16:34:24.776Z][ TEST REPORTING AND ANALYTICS ] Remaining Queue Length - 1
[35msilly[39m: [2026-05-05T16:34:26.405Z][ TEST REPORTING AND ANALYTICS ] Processing events. Queue Length - 1
[34mdebug[39m: [2026-05-05T16:34:26.405Z][ TEST REPORTING AND ANALYTICS ] Processing batch events for Interval-Queue. Request Size - 1416 bytes. Events are 'LogCreated':undefined
2026-05-05 10:34:26 - [34mdebug[39m: Sending request to https://collector-observability.browserstack.com/api/v1/batch
[35msilly[39m: [2026-05-05T16:34:26.783Z][ TEST REPORTING AND ANALYTICS ] Processing event - 'LogCreated' undefined
2026-05-05 10:34:26 - [34mdebug[39m: Response from https://collector-observability.browserstack.com/api/v1/batch: 200 OK
[34mdebug[39m: [2026-05-05T16:34:26.785Z][ TEST REPORTING AND ANALYTICS ] Interval-Queue event successful for events 'LogCreated':undefined -- {"success":true}
[35msilly[39m: [2026-05-05T16:34:26.785Z][ TEST REPORTING AND ANALYTICS ] Remaining Queue Length - 1
[35msilly[39m: [2026-05-05T16:34:28.413Z][ TEST REPORTING AND ANALYTICS ] Processing events. Queue Length - 1
[34mdebug[39m: [2026-05-05T16:34:28.414Z][ TEST REPORTING AND ANALYTICS ] Processing batch events for Interval-Queue. Request Size - 1416 bytes. Events are 'LogCreated':undefined
2026-05-05 10:34:28 - [34mdebug[39m: Sending request to https://collector-observability.browserstack.com/api/v1/batch
[35msilly[39m: [2026-05-05T16:34:28.780Z][ TEST REPORTING AND ANALYTICS ] Processing event - 'LogCreated' undefined
2026-05-05 10:34:28 - [34mdebug[39m: Response from https://collector-observability.browserstack.com/api/v1/batch: 200 OK
[34mdebug[39m: [2026-05-05T16:34:28.781Z][ TEST REPORTING AND ANALYTICS ] Interval-Queue event successful for events 'LogCreated':undefined -- {"success":true}
[35msilly[39m: [2026-05-05T16:34:28.781Z][ TEST REPORTING AND ANALYTICS ] Remaining Queue Length - 1
[35msilly[39m: [2026-05-05T16:34:30.414Z][ TEST REPORTING AND ANALYTICS ] Processing events. Queue Length - 1
[34mdebug[39m: [2026-05-05T16:34:30.414Z][ TEST REPORTING AND ANALYTICS ] Processing batch events for Interval-Queue. Request Size - 1416 bytes. Events are 'LogCreated':undefined
2026-05-05 10:34:30 - [34mdebug[39m: Sending request to https://collector-observability.browserstack.com/api/v1/batch
[35msilly[39m: [2026-05-05T16:34:31.236Z][ TEST REPORTING AND ANALYTICS ] Processing event - 'LogCreated' undefined
2026-05-05 10:34:31 - [34mdebug[39m: Response from https://collector-observability.browserstack.com/api/v1/batch: 200 OK
[34mdebug[39m: [2026-05-05T16:34:31.237Z][ TEST REPORTING AND ANALYTICS ] Interval-Queue event successful for events 'LogCreated':undefined -- {"success":true}
[35msilly[39m: [2026-05-05T16:34:31.237Z][ TEST REPORTING AND ANALYTICS ] Remaining Queue Length - 1
[35msilly[39m: [2026-05-05T16:34:32.413Z][ TEST REPORTING AND ANALYTICS ] Processing events. Queue Length - 1
[34mdebug[39m: [2026-05-05T16:34:32.414Z][ TEST REPORTING AND ANALYTICS ] Processing batch events for Interval-Queue. Request Size - 1416 bytes. Events are 'LogCreated':undefined
2026-05-05 10:34:32 - [34mdebug[39m: Sending request to https://collector-observability.browserstack.com/api/v1/batch
[35msilly[39m: [2026-05-05T16:34:32.778Z][ TEST REPORTING AND ANALYTICS ] Processing event - 'LogCreated' undefined
2026-05-05 10:34:32 - [34mdebug[39m: Response from https://collector-observability.browserstack.com/api/v1/batch: 200 OK
[34mdebug[39m: [2026-05-05T16:34:32.780Z][ TEST REPORTING AND ANALYTICS ] Interval-Queue event successful for events 'LogCreated':undefined -- {"success":true}
[35msilly[39m: [2026-05-05T16:34:32.780Z][ TEST REPORTING AND ANALYTICS ] Remaining Queue Length - 1
[35msilly[39m: [2026-05-05T16:34:34.423Z][ TEST REPORTING AND ANALYTICS ] Processing events. Queue Length - 1
[34mdebug[39m: [2026-05-05T16:34:34.425Z][ TEST REPORTING AND ANALYTICS ] Processing batch events for Interval-Queue. Request Size - 1416 bytes. Events are 'LogCreated':undefined
2026-05-05 10:34:34 - [34mdebug[39m: Sending request to https://collector-observability.browserstack.com/api/v1/batch
[35msilly[39m: [2026-05-05T16:34:34.787Z][ TEST REPORTING AND ANALYTICS ] Processing event - 'LogCreated' undefined
2026-05-05 10:34:34 - [34mdebug[39m: Response from https://collector-observability.browserstack.com/api/v1/batch: 200 OK
[34mdebug[39m: [2026-05-05T16:34:34.788Z][ TEST REPORTING AND ANALYTICS ] Interval-Queue event successful for events 'LogCreated':undefined -- {"success":true}
[35msilly[39m: [2026-05-05T16:34:34.788Z][ TEST REPORTING AND ANALYTICS ] Remaining Queue Length - 1
[35msilly[39m: [2026-05-05T16:34:36.424Z][ TEST REPORTING AND ANALYTICS ] Processing events. Queue Length - 1
[34mdebug[39m: [2026-05-05T16:34:36.425Z][ TEST REPORTING AND ANALYTICS ] Processing batch events for Interval-Queue. Request Size - 1416 bytes. Events are 'LogCreated':undefined
2026-05-05 10:34:36 - [34mdebug[39m: Sending request to https://collector-observability.browserstack.com/api/v1/batch
[35msilly[39m: [2026-05-05T16:34:36.789Z][ TEST REPORTING AND ANALYTICS ] Processing event - 'LogCreated' undefined
2026-05-05 10:34:36 - [34mdebug[39m: Response from https://collector-observability.browserstack.com/api/v1/batch: 200 OK
[34mdebug[39m: [2026-05-05T16:34:36.791Z][ TEST REPORTING AND ANALYTICS ] Interval-Queue event successful for events 'LogCreated':undefined -- {"success":true}
[35msilly[39m: [2026-05-05T16:34:36.791Z][ TEST REPORTING AND ANALYTICS ] Remaining Queue Length - 1
[35msilly[39m: [2026-05-05T16:34:38.443Z][ TEST REPORTING AND ANALYTICS ] Processing events. Queue Length - 1
[34mdebug[39m: [2026-05-05T16:34:38.444Z][ TEST REPORTING AND ANALYTICS ] Processing batch events for Interval-Queue. Request Size - 1416 bytes. Events are 'LogCreated':undefined
2026-05-05 10:34:38 - [34mdebug[39m: Sending request to https://collector-observability.browserstack.com/api/v1/batch
[35msilly[39m: [2026-05-05T16:34:38.803Z][ TEST REPORTING AND ANALYTICS ] Processing event - 'LogCreated' undefined
2026-05-05 10:34:38 - [34mdebug[39m: Response from https://collector-observability.browserstack.com/api/v1/batch: 200 OK
[34mdebug[39m: [2026-05-05T16:34:38.806Z][ TEST REPORTING AND ANALYTICS ] Interval-Queue event successful for events 'LogCreated':undefined -- {"success":true}
[35msilly[39m: [2026-05-05T16:34:38.807Z][ TEST REPORTING AND ANALYTICS ] Remaining Queue Length - 1
[35msilly[39m: [2026-05-05T16:34:40.454Z][ TEST REPORTING AND ANALYTICS ] Processing events. Queue Length - 1
[34mdebug[39m: [2026-05-05T16:34:40.454Z][ TEST REPORTING AND ANALYTICS ] Processing batch events for Interval-Queue. Request Size - 1416 bytes. Events are 'LogCreated':undefined
2026-05-05 10:34:40 - [34mdebug[39m: Sending request to https://collector-observability.browserstack.com/api/v1/batch
2026-05-05 10:34:40 - [34mdebug[39m: Accessibility extension data for current test: {"thTestRunUuid":"7c71a95b-1295-4df0-b28b-4c2e27f56bb7","thBuildUuid":"1gdastcn8kq9sxsko6uvecgoi3hmpl1o1ghvf2we","thJwtToken":"eyJhbGciOiJIUzI1NiJ9.eyJpc3MiOiJicm93c2Vyc3RhY2tfb2IiLCJzdWIiOiIxMDkzMzE0NCIsImdyb3VwX2lkIjoxMDg0OTc3MywidXNlcl9pZCI6MTA5MzMxNDQsImJ1aWxkX2hhc2hlZF9pZCI6IjFnZGFzdGNuOGtxOXN4c2tvNnV2ZWNnb2kzaG1wbDFvMWdodmYyd2UiLCJwcm9qZWN0X25hbWUiOiIiLCJob29rX2FzX3Rlc3QiOiIxIiwiYnVpbGRfbmFtZSI6IkF2b3RlY2gtUmVncmVzc2lvbi1UZXN0U3VpdGUiLCJwcm9kdWN0X21hcCI6IntcIm9ic2VydmFiaWxpdHlcIjp0cnVlLFwiYXV0b21hdGVcIjp0cnVlLFwiY2FkXCI6dHJ1ZSxcImFjY2Vzc2liaWxpdHlBdXRvRW5hYmxlZFwiOnRydWUsXCJub25TREtcIjpmYWxzZSxcIm9yaWdpbkZyb21Qcm9kdWN0TWFwXCI6XCJBdXRvbWF0ZVwiLFwiYnN0YWNrQXV0b21hdGlvblwiOnRydWV9IiwiZ3JyX3JlZ2lvbiI6IiIsImlzX2xvd192b2x1bWUiOmZhbHNlLCJpc19sY25jX2V2ZW50IjpmYWxzZSwiaXNfbHRzX2V2ZW50IjpmYWxzZSwic2lnbmluZ19rZXlfaGFzaCI6IjM3YzExMzFlNGIyZTc0M2M3NjZlMWQ3MGJmNWYyYjU3ZGM2OWIxOTVkMzAwZTMyYWU4ZDAyMzEyMGE0YTZkOTciLCJpYXQiOjE3Nzc5OTg0NzMsImV4cCI6MTc3ODM0NDA3M30.Gp72MtFIYMISvs78WJF6exDqEAuDQ-wAShJ3z3IxYOs"}
2026-05-05 10:34:40 - [32minfo[39m: Automate test case execution has ended. Processing for accessibility testing is underway. 
2026-05-05 10:34:40 - [34mdebug[39m: Performing scan before saving results.
2026-05-05 10:34:40 - [33mwarn[39m: Not a valid Accessibility Automation session for playwright-page, cannot perform scan with retry.
2026-05-05 10:34:40 - [34mdebug[39m: result=false
2026-05-05 10:34:40 - [33mwarn[39m: Not a valid Accessibility Automation session for playwright-page, cannot save accessibility results with retry.
2026-05-05 10:34:40 - [34mdebug[39m: saved Result scan=false
2026-05-05 10:34:40 - [32minfo[39m: Accessibility testing for this test case has ended.
[35msilly[39m: [2026-05-05T16:34:40.833Z][ TEST REPORTING AND ANALYTICS ] Processing event - 'LogCreated' undefined
2026-05-05 10:34:40 - [34mdebug[39m: Response from https://collector-observability.browserstack.com/api/v1/batch: 200 OK
[34mdebug[39m: [2026-05-05T16:34:40.835Z][ TEST REPORTING AND ANALYTICS ] Interval-Queue event successful for events 'LogCreated':undefined -- {"success":true}
[35msilly[39m: [2026-05-05T16:34:40.835Z][ TEST REPORTING AND ANALYTICS ] Remaining Queue Length - 1
[35msilly[39m: [2026-05-05T16:34:40.867Z][ TEST REPORTING AND ANALYTICS ] Started :: afterTestHook, PID - 29620, Argument - Navigate to Sales Partner list and create sales partner
[34mdebug[39m: [2026-05-05T16:34:40.867Z][ TEST REPORTING AND ANALYTICS ] Started :: Executing After Test Hook, PID - 29620, Test Title - Navigate to Sales Partner list and create sales partner, Test File - D:\CODES\CSI-QA-testing\tests\csi\salesAndBilling\SalesAndBilling.spec.ts
2026-05-05 10:34:40 - [32minfo[39m: [Accessibility] afterTestHook state: accessibilityPlatform=false, bstackA11yShouldScan=true
[34mdebug[39m: [2026-05-05T16:34:40.868Z][ TEST REPORTING AND ANALYTICS ] Sending session details for chrome-latest:Windows 11-browserstack3-b844c2afe9c7a518cbf6-c04b56fa5c5e53a123b9-0, {
  browserstack: {
    browser: 'chrome',
    browser_version: '147.0.7727.56',
    capabilities: {},
    platform: 'Windows',
    platform_version: '11',
    product: 'automate',
    session_id: '2dc0ebb293678c161d060ed4bf776ccf85d317ea'
  }
}
[35msilly[39m: [2026-05-05T16:34:40.868Z][ TEST REPORTING AND ANALYTICS ] Processing event - 'CBTSessionCreated' 7c71a95b-1295-4df0-b28b-4c2e27f56bb7
[35msilly[39m: [2026-05-05T16:34:40.868Z][ TEST REPORTING AND ANALYTICS ] Finished :: afterTestHook, PID - 29620, Argument - Navigate to Sales Partner list and create sales partner
[34mdebug[39m: [2026-05-05T16:34:41.379Z][ TEST REPORTING AND ANALYTICS ] Finished :: Executing After Test Hook, PID - 29620, Test Title - Navigate to Sales Partner list and create sales partner, Test File - D:\CODES\CSI-QA-testing\tests\csi\salesAndBilling\SalesAndBilling.spec.ts
[34mdebug[39m: [2026-05-05T16:34:41.380Z][ TEST REPORTING AND ANALYTICS ] Test Hook ended, PID 29620
[34mdebug[39m: [2026-05-05T16:34:41.384Z][ TEST REPORTING AND ANALYTICS ] Test Finished with unique id chrome-latest:Windows 11-browserstack3-b844c2afe9c7a518cbf6-c04b56fa5c5e53a123b9
[35msilly[39m: [2026-05-05T16:34:41.385Z][ TEST REPORTING AND ANALYTICS ] Processing event - 'LogCreated' undefined
2026-05-05 10:34:41 - [34mdebug[39m: Searching for key: path
[35msilly[39m: [2026-05-05T16:34:41.385Z][ TEST REPORTING AND ANALYTICS ] Processing event - 'TestRunFinished' 8900ced4-3e80-4a3a-b0dd-7b30f8770497
[34mdebug[39m: [2026-05-05T16:34:41.385Z][ TEST REPORTING AND ANALYTICS ] Starting sending trace zip for test: 8900ced4-3e80-4a3a-b0dd-7b30f8770497
2026-05-05 10:34:41 - [34mdebug[39m: Checking if trace is enabled for test: 8900ced4-3e80-4a3a-b0dd-7b30f8770497
2026-05-05 10:34:41 - [34mdebug[39m: Searching for key: path
[35msilly[39m: [2026-05-05T16:34:41.397Z][ TEST REPORTING AND ANALYTICS ] Started :: afterWorkerHook, PID - 29620, Argument - 4
[35msilly[39m: [2026-05-05T16:34:41.397Z][ TEST REPORTING AND ANALYTICS ] Finished :: afterWorkerHook, PID - 29620, Argument - 4
[35msilly[39m: [2026-05-05T16:34:41.659Z][ TEST REPORTING AND ANALYTICS ] Processing events. Queue Length - 2
[34mdebug[39m: [2026-05-05T16:34:41.661Z][ TEST REPORTING AND ANALYTICS ] Processing batch events for Interval-Queue. Request Size - 32615 bytes. Events are 'LogCreated':undefined,'TestRunFinished':8900ced4-3e80-4a3a-b0dd-7b30f8770497
2026-05-05 10:34:41 - [34mdebug[39m: Sending request to https://collector-observability.browserstack.com/api/v1/batch
2026-05-05 10:34:42 - [34mdebug[39m: Response from https://collector-observability.browserstack.com/api/v1/batch: 200 OK
[34mdebug[39m: [2026-05-05T16:34:42.045Z][ TEST REPORTING AND ANALYTICS ] Interval-Queue event successful for events 'LogCreated':undefined,'TestRunFinished':8900ced4-3e80-4a3a-b0dd-7b30f8770497 -- {"success":true}
[35msilly[39m: [2026-05-05T16:34:42.045Z][ TEST REPORTING AND ANALYTICS ] Remaining Queue Length - 0
[35msilly[39m: [2026-05-05T16:34:42.469Z][ TEST REPORTING AND ANALYTICS ] Processing events. Queue Length - 2
[34mdebug[39m: [2026-05-05T16:34:42.470Z][ TEST REPORTING AND ANALYTICS ] Processing batch events for Interval-Queue. Request Size - 1737 bytes. Events are 'LogCreated':undefined,'CBTSessionCreated':7c71a95b-1295-4df0-b28b-4c2e27f56bb7
2026-05-05 10:34:42 - [34mdebug[39m: Sending request to https://collector-observability.browserstack.com/api/v1/batch
2026-05-05 10:34:42 - [34mdebug[39m: Response from https://collector-observability.browserstack.com/api/v1/batch: 200 OK
[34mdebug[39m: [2026-05-05T16:34:42.872Z][ TEST REPORTING AND ANALYTICS ] Call to child fork with args D:\CODES\CSI-QA-testing\node_modules\playwright\lib\common\process.js
2026-05-05 10:34:43 - [34mdebug[39m: Could not locate npm module path with error  Cannot access 'isYarnPnP' before initialization
2026-05-05 10:34:43 - [34mdebug[39m: requireModuleV3 :: module - @playwright/test/package.json, package - @playwright/test
2026-05-05 10:34:43 - [34mdebug[39m: requireModuleV2 :: module - @playwright/test/package.json, package - @playwright/test
2026-05-05 10:34:43 - [34mdebug[39m: requireModuleV3 :: module - playwright/lib/common/process.js, package - playwright
2026-05-05 10:34:43 - [34mdebug[39m: Resolved from resolveModuleV3 :: Path - D:\CODES\CSI-QA-testing\node_modules\playwright\lib\common\process.js
2026-05-05 10:34:43 - [34mdebug[39m: requireModuleV3 :: module - @playwright/test/index.js, package - @playwright/test
2026-05-05 10:34:43 - [34mdebug[39m: requireModuleV2 :: module - @playwright/test/index.js, package - @playwright/test
2026-05-05 10:34:43 - [34mdebug[39m: Getting @playwright/test/index.js from D:\CODES\CSI-QA-testing
2026-05-05 10:34:44 - [34mdebug[39m: requireModuleV3 :: module - @playwright\test\node_modules\playwright-core, package - @playwright/test
2026-05-05 10:34:44 - [34mdebug[39m: requireModuleV2 :: module - @playwright\test\node_modules\playwright-core, package - @playwright/test
2026-05-05 10:34:44 - [34mdebug[39m: Getting @playwright\test\node_modules\playwright-core from D:\CODES\CSI-QA-testing
2026-05-05 10:34:44 - [34mdebug[39m: @playwright\test\node_modules\playwright-core doesn't exist at D:\CODES\CSI-QA-testing
2026-05-05 10:34:44 - [34mdebug[39m: Getting @playwright\test\node_modules\playwright-core from null
2026-05-05 10:34:44 - [34mdebug[39m: requireModuleV3 :: module - playwright\node_modules\playwright-core, package - playwright
2026-05-05 10:34:44 - [34mdebug[39m: requireModuleV2 :: module - playwright\node_modules\playwright-core, package - playwright
2026-05-05 10:34:44 - [34mdebug[39m: Getting playwright\node_modules\playwright-core from D:\CODES\CSI-QA-testing
2026-05-05 10:34:44 - [34mdebug[39m: playwright\node_modules\playwright-core doesn't exist at D:\CODES\CSI-QA-testing
2026-05-05 10:34:44 - [34mdebug[39m: Getting playwright\node_modules\playwright-core from null
2026-05-05 10:34:44 - [34mdebug[39m: requireModuleV2 :: module - playwright-core, package - null
2026-05-05 10:34:44 - [34mdebug[39m: Resolved path for playwright-core is D:\CODES\CSI-QA-testing\node_modules\playwright-core
2026-05-05 10:34:44 - [34mdebug[39m: requireModuleV2 :: module - D:\CODES\CSI-QA-testing\node_modules\playwright-core\lib\client\connection.js, package - null
2026-05-05 10:34:44 - [32minfo[39m: [BrowserstackCLI] Starting as child process with session ID: ba3ee7a3-ab6a-42f0-a360-eaad5d3a892f
2026-05-05 10:34:44 - [32minfo[39m: [GrpcClient] Connected to gRPC server at 127.0.0.1:5400
2026-05-05 10:34:44 - [32minfo[39m: [GrpcClient] Connecting bin session
2026-05-05 10:34:44 - [31merror[39m: [GrpcClient] ConnectBinSession error: 14 UNAVAILABLE: No connection established. Last error: Error: connect ECONNREFUSED 127.0.0.1:5400. Resolution note: 
2026-05-05 10:34:44 - [31merror[39m: [GrpcClient] Error in connectBinSession: Error: 14 UNAVAILABLE: No connection established. Last error: Error: connect ECONNREFUSED 127.0.0.1:5400. Resolution note: 
    at callErrorFromStatus (D:\CODES\CSI-QA-testing\node_modules\@grpc\grpc-js\src\call.ts:84:17)
    at Object.onReceiveStatus (D:\CODES\CSI-QA-testing\node_modules\@grpc\grpc-js\src\client.ts:360:55)
    at Object.onReceiveStatus (D:\CODES\CSI-QA-testing\node_modules\@grpc\grpc-js\src\client-interceptors.ts:466:34)
    at Object.onReceiveStatus (D:\CODES\CSI-QA-testing\node_modules\@grpc\grpc-js\src\client-interceptors.ts:424:48)
    at D:\CODES\CSI-QA-testing\node_modules\@grpc\grpc-js\src\resolving-call.ts:170:24
    at processTicksAndRejections (node:internal/process/task_queues:85:11)
for call at
    at ServiceClientImpl.makeUnaryRequest (D:\CODES\CSI-QA-testing\node_modules\@grpc\grpc-js\src\client.ts:325:42)
    at ServiceClientImpl.connectBinSession (D:\CODES\CSI-QA-testing\node_modules\@grpc\grpc-js\src\make-client.ts:189:15)
    at _0xcc7d46 (D:\CODES\CSI-QA-testing\node_modules\browserstack-node-sdk\src\bin\v2\grpcClient.js:1:13224)
    at new Promise (<anonymous>)
    at GrpcClient.connectBinSession (D:\CODES\CSI-QA-testing\node_modules\browserstack-node-sdk\src\bin\v2\grpcClient.js:1:13122)
    at BrowserstackCLI.startChild (D:\CODES\CSI-QA-testing\node_modules\browserstack-node-sdk\src\bin\v2\browserstackCLI.js:1:20593)
    at BrowserstackCLI.bootstrap (D:\CODES\CSI-QA-testing\node_modules\browserstack-node-sdk\src\bin\v2\browserstackCLI.js:1:7905)
    at Object._modifyPlaywright (D:\CODES\CSI-QA-testing\node_modules\browserstack-node-sdk\src\bin\playwright\modifyPlaywrightConf.js:1:21681)
    at Object.<anonymous> (D:\CODES\CSI-QA-testing\playwright-browserstack-sdk.config.ts:4:24)
    at Module._compile (node:internal/modules/cjs/loader:1830:14)
    at Module.newCompile2 (D:\CODES\CSI-QA-testing\node_modules\playwright\lib\third_party\pirates.js:46:29)
    at Object.<anonymous> (node:internal/modules/cjs/loader:1961:10)
    at Object.newLoader2 [as .ts] (D:\CODES\CSI-QA-testing\node_modules\playwright\lib\third_party\pirates.js:52:22)
    at Module.load (node:internal/modules/cjs/loader:1553:32)
    at Module._load (node:internal/modules/cjs/loader:1355:12)
    at wrapModuleLoad (node:internal/modules/cjs/loader:255:19)
    at Module.require (node:internal/modules/cjs/loader:1576:12)
    at require (node:internal/modules/helpers:153:16)
    at requireOrImport (D:\CODES\CSI-QA-testing\node_modules\playwright\lib\transform\transform.js:218:18)
    at loadUserConfig (D:\CODES\CSI-QA-testing\node_modules\playwright\lib\common\configLoader.js:107:89)
    at loadConfig (D:\CODES\CSI-QA-testing\node_modules\playwright\lib\common\configLoader.js:119:28)
    at deserializeConfig (D:\CODES\CSI-QA-testing\node_modules\playwright\lib\common\configLoader.js:104:10)
    at WorkerMain._loadIfNeeded (D:\CODES\CSI-QA-testing\node_modules\playwright\lib\worker\workerMain.js:165:20)
    at WorkerMain.runTestGroup (D:\CODES\CSI-QA-testing\node_modules\playwright\lib\worker\workerMain.js:179:7)
    at process.<anonymous> (D:\CODES\CSI-QA-testing\node_modules\playwright\lib\common\process.js:73:22) {
  code: 14,
  details: 'No connection established. Last error: Error: connect ECONNREFUSED 127.0.0.1:5400. Resolution note: ',
  metadata: Metadata {
    internalRepr: Map(0) {},
    opaqueData: Map(0) {},
    options: {}
  }
}
2026-05-05 10:34:44 - [31merror[39m: [BrowserstackCLI] Failed to start as child process: Error: 14 UNAVAILABLE: No connection established. Last error: Error: connect ECONNREFUSED 127.0.0.1:5400. Resolution note: 
    at callErrorFromStatus (D:\CODES\CSI-QA-testing\node_modules\@grpc\grpc-js\src\call.ts:84:17)
    at Object.onReceiveStatus (D:\CODES\CSI-QA-testing\node_modules\@grpc\grpc-js\src\client.ts:360:55)
    at Object.onReceiveStatus (D:\CODES\CSI-QA-testing\node_modules\@grpc\grpc-js\src\client-interceptors.ts:466:34)
    at Object.onReceiveStatus (D:\CODES\CSI-QA-testing\node_modules\@grpc\grpc-js\src\client-interceptors.ts:424:48)
    at D:\CODES\CSI-QA-testing\node_modules\@grpc\grpc-js\src\resolving-call.ts:170:24
    at processTicksAndRejections (node:internal/process/task_queues:85:11)
for call at
    at ServiceClientImpl.makeUnaryRequest (D:\CODES\CSI-QA-testing\node_modules\@grpc\grpc-js\src\client.ts:325:42)
    at ServiceClientImpl.connectBinSession (D:\CODES\CSI-QA-testing\node_modules\@grpc\grpc-js\src\make-client.ts:189:15)
    at _0xcc7d46 (D:\CODES\CSI-QA-testing\node_modules\browserstack-node-sdk\src\bin\v2\grpcClient.js:1:13224)
    at new Promise (<anonymous>)
    at GrpcClient.connectBinSession (D:\CODES\CSI-QA-testing\node_modules\browserstack-node-sdk\src\bin\v2\grpcClient.js:1:13122)
    at BrowserstackCLI.startChild (D:\CODES\CSI-QA-testing\node_modules\browserstack-node-sdk\src\bin\v2\browserstackCLI.js:1:20593)
    at BrowserstackCLI.bootstrap (D:\CODES\CSI-QA-testing\node_modules\browserstack-node-sdk\src\bin\v2\browserstackCLI.js:1:7905)
    at Object._modifyPlaywright (D:\CODES\CSI-QA-testing\node_modules\browserstack-node-sdk\src\bin\playwright\modifyPlaywrightConf.js:1:21681)
    at Object.<anonymous> (D:\CODES\CSI-QA-testing\playwright-browserstack-sdk.config.ts:4:24)
    at Module._compile (node:internal/modules/cjs/loader:1830:14)
    at Module.newCompile2 (D:\CODES\CSI-QA-testing\node_modules\playwright\lib\third_party\pirates.js:46:29)
    at Object.<anonymous> (node:internal/modules/cjs/loader:1961:10)
    at Object.newLoader2 [as .ts] (D:\CODES\CSI-QA-testing\node_modules\playwright\lib\third_party\pirates.js:52:22)
    at Module.load (node:internal/modules/cjs/loader:1553:32)
    at Module._load (node:internal/modules/cjs/loader:1355:12)
    at wrapModuleLoad (node:internal/modules/cjs/loader:255:19)
    at Module.require (node:internal/modules/cjs/loader:1576:12)
    at require (node:internal/modules/helpers:153:16)
    at requireOrImport (D:\CODES\CSI-QA-testing\node_modules\playwright\lib\transform\transform.js:218:18)
    at loadUserConfig (D:\CODES\CSI-QA-testing\node_modules\playwright\lib\common\configLoader.js:107:89)
    at loadConfig (D:\CODES\CSI-QA-testing\node_modules\playwright\lib\common\configLoader.js:119:28)
    at deserializeConfig (D:\CODES\CSI-QA-testing\node_modules\playwright\lib\common\configLoader.js:104:10)
    at WorkerMain._loadIfNeeded (D:\CODES\CSI-QA-testing\node_modules\playwright\lib\worker\workerMain.js:165:20)
    at WorkerMain.runTestGroup (D:\CODES\CSI-QA-testing\node_modules\playwright\lib\worker\workerMain.js:179:7)
    at process.<anonymous> (D:\CODES\CSI-QA-testing\node_modules\playwright\lib\common\process.js:73:22) {
  code: 14,
  details: 'No connection established. Last error: Error: connect ECONNREFUSED 127.0.0.1:5400. Resolution note: ',
  metadata: Metadata {
    internalRepr: Map(0) {},
    opaqueData: Map(0) {},
    options: {}
  }
}
2026-05-05 10:34:44 - [34mdebug[39m: requireModuleV3 :: module - playwright/lib/transform/transform.js, package - playwright
2026-05-05 10:34:44 - [34mdebug[39m: Resolved from resolveModuleV3 :: Path - D:\CODES\CSI-QA-testing\node_modules\playwright\lib\transform\transform.js
2026-05-05 10:34:44 - [34mdebug[39m: Local set to true. Adding browserstack.local: true and browserstack.localIdentifier: 5_May_1027_DESKTOP-B1PF2KP_dlxa to capabilities.
2026-05-05 10:34:44 - [34mdebug[39m: requireModuleV3 :: module - playwright/lib/runner/projectUtils.js, package - playwright
2026-05-05 10:34:44 - [34mdebug[39m: Resolved from resolveModuleV3 :: Path - D:\CODES\CSI-QA-testing\node_modules\playwright\lib\runner\projectUtils.js
[35msilly[39m: [2026-05-05T16:34:44.809Z][ TEST REPORTING AND ANALYTICS ] Test Started with unique id chrome-latest:Windows 11-browserstack4-26fe6ec0a7f114ec92af-0f239fe63bbaf58a7d2f
2026-05-05 10:34:44 - [34mdebug[39m: Searching for key: path
[35msilly[39m: [2026-05-05T16:34:44.810Z][ TEST REPORTING AND ANALYTICS ] Processing event - 'TestRunStarted' 646da466-7df5-4000-bec3-312ea35e5b51
[35msilly[39m: [2026-05-05T16:34:44.811Z][ TEST REPORTING AND ANALYTICS ] Hook Started with unique id beforeEach hook for chrome-latest:Windows 11-browserstack4-26fe6ec0a7f114ec92af-0f239fe63bbaf58a7d2f is triggered for test 26fe6ec0a7f114ec92af-0f239fe63bbaf58a7d2f-0
[35msilly[39m: [2026-05-05T16:34:44.811Z][ TEST REPORTING AND ANALYTICS ] Processing event - 'HookRunStarted' 25cb1ce8-eed8-44d9-8cf9-050cad1228fd
[35msilly[39m: [2026-05-05T16:34:44.812Z][ TEST REPORTING AND ANALYTICS ] Started :: beforeWorkerHook, PID - 18712, Argument - 5
2026-05-05 10:34:44 - [34mdebug[39m: requireModuleV3 :: module - @playwright\test\node_modules\playwright-core, package - @playwright/test
2026-05-05 10:34:44 - [34mdebug[39m: requireModuleV2 :: module - @playwright\test\node_modules\playwright-core, package - @playwright/test
2026-05-05 10:34:44 - [34mdebug[39m: Getting @playwright\test\node_modules\playwright-core from D:\CODES\CSI-QA-testing
2026-05-05 10:34:44 - [34mdebug[39m: @playwright\test\node_modules\playwright-core doesn't exist at D:\CODES\CSI-QA-testing
2026-05-05 10:34:44 - [34mdebug[39m: Getting @playwright\test\node_modules\playwright-core from null
2026-05-05 10:34:44 - [34mdebug[39m: requireModuleV3 :: module - playwright\node_modules\playwright-core, package - playwright
2026-05-05 10:34:44 - [34mdebug[39m: requireModuleV2 :: module - playwright\node_modules\playwright-core, package - playwright
2026-05-05 10:34:44 - [34mdebug[39m: Getting playwright\node_modules\playwright-core from D:\CODES\CSI-QA-testing
2026-05-05 10:34:44 - [34mdebug[39m: playwright\node_modules\playwright-core doesn't exist at D:\CODES\CSI-QA-testing
2026-05-05 10:34:44 - [34mdebug[39m: Getting playwright\node_modules\playwright-core from null
2026-05-05 10:34:44 - [34mdebug[39m: requireModuleV2 :: module - playwright-core, package - null
2026-05-05 10:34:44 - [34mdebug[39m: Resolved path for playwright-core is D:\CODES\CSI-QA-testing\node_modules\playwright-core
2026-05-05 10:34:44 - [34mdebug[39m: requireModuleV2 :: module - D:\CODES\CSI-QA-testing\node_modules\playwright-core\lib\client\browserType.js, package - null
2026-05-05 10:34:44 - [34mdebug[39m: requireModuleV3 :: module - @playwright\test\node_modules\playwright-core, package - @playwright/test
2026-05-05 10:34:44 - [34mdebug[39m: requireModuleV2 :: module - @playwright\test\node_modules\playwright-core, package - @playwright/test
2026-05-05 10:34:44 - [34mdebug[39m: Getting @playwright\test\node_modules\playwright-core from D:\CODES\CSI-QA-testing
2026-05-05 10:34:44 - [34mdebug[39m: @playwright\test\node_modules\playwright-core doesn't exist at D:\CODES\CSI-QA-testing
2026-05-05 10:34:44 - [34mdebug[39m: Getting @playwright\test\node_modules\playwright-core from null
2026-05-05 10:34:44 - [34mdebug[39m: requireModuleV3 :: module - playwright\node_modules\playwright-core, package - playwright
2026-05-05 10:34:44 - [34mdebug[39m: requireModuleV2 :: module - playwright\node_modules\playwright-core, package - playwright
2026-05-05 10:34:44 - [34mdebug[39m: Getting playwright\node_modules\playwright-core from D:\CODES\CSI-QA-testing
2026-05-05 10:34:44 - [34mdebug[39m: playwright\node_modules\playwright-core doesn't exist at D:\CODES\CSI-QA-testing
2026-05-05 10:34:44 - [34mdebug[39m: Getting playwright\node_modules\playwright-core from null
2026-05-05 10:34:44 - [34mdebug[39m: requireModuleV2 :: module - playwright-core, package - null
2026-05-05 10:34:44 - [34mdebug[39m: Resolved path for playwright-core is D:\CODES\CSI-QA-testing\node_modules\playwright-core
2026-05-05 10:34:44 - [34mdebug[39m: requireModuleV2 :: module - D:\CODES\CSI-QA-testing\node_modules\playwright-core\lib\client\browserContext.js, package - null
2026-05-05 10:34:44 - [34mdebug[39m: requireModuleV3 :: module - @playwright\test\node_modules\playwright-core, package - @playwright/test
2026-05-05 10:34:44 - [34mdebug[39m: requireModuleV2 :: module - @playwright\test\node_modules\playwright-core, package - @playwright/test
2026-05-05 10:34:44 - [34mdebug[39m: Getting @playwright\test\node_modules\playwright-core from D:\CODES\CSI-QA-testing
2026-05-05 10:34:44 - [34mdebug[39m: @playwright\test\node_modules\playwright-core doesn't exist at D:\CODES\CSI-QA-testing
2026-05-05 10:34:44 - [34mdebug[39m: Getting @playwright\test\node_modules\playwright-core from null
2026-05-05 10:34:44 - [34mdebug[39m: requireModuleV3 :: module - playwright\node_modules\playwright-core, package - playwright
2026-05-05 10:34:44 - [34mdebug[39m: requireModuleV2 :: module - playwright\node_modules\playwright-core, package - playwright
2026-05-05 10:34:44 - [34mdebug[39m: Getting playwright\node_modules\playwright-core from D:\CODES\CSI-QA-testing
2026-05-05 10:34:44 - [34mdebug[39m: playwright\node_modules\playwright-core doesn't exist at D:\CODES\CSI-QA-testing
2026-05-05 10:34:44 - [34mdebug[39m: Getting playwright\node_modules\playwright-core from null
2026-05-05 10:34:44 - [34mdebug[39m: requireModuleV2 :: module - playwright-core, package - null
2026-05-05 10:34:44 - [34mdebug[39m: Resolved path for playwright-core is D:\CODES\CSI-QA-testing\node_modules\playwright-core
2026-05-05 10:34:44 - [34mdebug[39m: requireModuleV2 :: module - D:\CODES\CSI-QA-testing\node_modules\playwright-core\lib\client\android.js, package - null
2026-05-05 10:34:44 - [34mdebug[39m: requireModuleV3 :: module - @playwright\test\node_modules\playwright-core, package - @playwright/test
2026-05-05 10:34:44 - [34mdebug[39m: requireModuleV2 :: module - @playwright\test\node_modules\playwright-core, package - @playwright/test
2026-05-05 10:34:44 - [34mdebug[39m: Getting @playwright\test\node_modules\playwright-core from D:\CODES\CSI-QA-testing
2026-05-05 10:34:44 - [34mdebug[39m: @playwright\test\node_modules\playwright-core doesn't exist at D:\CODES\CSI-QA-testing
2026-05-05 10:34:44 - [34mdebug[39m: Getting @playwright\test\node_modules\playwright-core from null
2026-05-05 10:34:44 - [34mdebug[39m: requireModuleV3 :: module - playwright\node_modules\playwright-core, package - playwright
2026-05-05 10:34:44 - [34mdebug[39m: requireModuleV2 :: module - playwright\node_modules\playwright-core, package - playwright
2026-05-05 10:34:44 - [34mdebug[39m: Getting playwright\node_modules\playwright-core from D:\CODES\CSI-QA-testing
2026-05-05 10:34:44 - [34mdebug[39m: playwright\node_modules\playwright-core doesn't exist at D:\CODES\CSI-QA-testing
2026-05-05 10:34:44 - [34mdebug[39m: Getting playwright\node_modules\playwright-core from null
2026-05-05 10:34:44 - [34mdebug[39m: requireModuleV2 :: module - playwright-core, package - null
2026-05-05 10:34:44 - [34mdebug[39m: Resolved path for playwright-core is D:\CODES\CSI-QA-testing\node_modules\playwright-core
2026-05-05 10:34:44 - [34mdebug[39m: requireModuleV2 :: module - D:\CODES\CSI-QA-testing\node_modules\playwright-core\lib\client\page.js, package - null
2026-05-05 10:34:44 - [34mdebug[39m: requireModuleV3 :: module - @playwright\test\node_modules\playwright-core, package - @playwright/test
2026-05-05 10:34:44 - [34mdebug[39m: requireModuleV2 :: module - @playwright\test\node_modules\playwright-core, package - @playwright/test
2026-05-05 10:34:44 - [34mdebug[39m: Getting @playwright\test\node_modules\playwright-core from D:\CODES\CSI-QA-testing
2026-05-05 10:34:44 - [34mdebug[39m: @playwright\test\node_modules\playwright-core doesn't exist at D:\CODES\CSI-QA-testing
2026-05-05 10:34:44 - [34mdebug[39m: Getting @playwright\test\node_modules\playwright-core from null
2026-05-05 10:34:44 - [34mdebug[39m: requireModuleV3 :: module - playwright\node_modules\playwright-core, package - playwright
2026-05-05 10:34:44 - [34mdebug[39m: requireModuleV2 :: module - playwright\node_modules\playwright-core, package - playwright
2026-05-05 10:34:44 - [34mdebug[39m: Getting playwright\node_modules\playwright-core from D:\CODES\CSI-QA-testing
2026-05-05 10:34:44 - [34mdebug[39m: playwright\node_modules\playwright-core doesn't exist at D:\CODES\CSI-QA-testing
2026-05-05 10:34:44 - [34mdebug[39m: Getting playwright\node_modules\playwright-core from null
2026-05-05 10:34:44 - [34mdebug[39m: requireModuleV2 :: module - playwright-core, package - null
2026-05-05 10:34:44 - [34mdebug[39m: Resolved path for playwright-core is D:\CODES\CSI-QA-testing\node_modules\playwright-core
2026-05-05 10:34:44 - [34mdebug[39m: requireModuleV2 :: module - D:\CODES\CSI-QA-testing\node_modules\playwright-core\lib\client\page.js, package - null
[35msilly[39m: [2026-05-05T16:34:44.829Z][ TEST REPORTING AND ANALYTICS ] Finished :: beforeWorkerHook, PID - 18712, Argument - 5
[34mdebug[39m: [2026-05-05T16:34:44.829Z][ TEST REPORTING AND ANALYTICS ] Worker Hook started, PID 18712
[34mdebug[39m: [2026-05-05T16:34:44.839Z][ TEST REPORTING AND ANALYTICS ] Test Hook started, PID 18712
[35msilly[39m: [2026-05-05T16:34:44.839Z][ TEST REPORTING AND ANALYTICS ] Started :: beforeTestHook, PID - 18712, Argument - Create course distribution from Course Distribution
[35msilly[39m: [2026-05-05T16:34:44.840Z][ TEST REPORTING AND ANALYTICS ] Sending session details at beforeTestHook
[35msilly[39m: [2026-05-05T16:34:44.840Z][ TEST REPORTING AND ANALYTICS ] Finished :: beforeTestHook, PID - 18712, Argument - Create course distribution from Course Distribution
2026-05-05 10:34:44 - [34mdebug[39m: [Accessibility] Initialized for test: autoScanning=true, bstackA11yShouldScan=true
2026-05-05 10:34:44 - [34mdebug[39m: Processed accessibility caps false {"useW3C":false,"browserstack.user":"[REDACTED]","browserstack.key":"[REDACTED]","browserstack.local":true,"browserstack.localIdentifier":"5_May_1027_DESKTOP-B1PF2KP_dlxa","browserstack.buildIdentifier":"#25","build":"Avotech-Regression-TestSuite","browserstack.video":true,"interactiveDebugging":true,"os":"Windows","os_version":"11","browserName":"chrome","browser_version":"latest","browserstack.browserstackSDK":"playwright-nodeagent/1.52.2","browserstack.hostName":"DESKTOP-B1PF2KP","browserstack.buildProductMap":{"observability":true,"accessibility":false,"percy":false,"automate":true,"app_automate":false,"lts":false,"central_scanner":false,"lcnc":false},"browserstack.testhubBuildUuid":"1gdastcn8kq9sxsko6uvecgoi3hmpl1o1ghvf2we"}
[35msilly[39m: [2026-05-05T16:34:45.669Z][ TEST REPORTING AND ANALYTICS ] Processing events. Queue Length - 2
[34mdebug[39m: [2026-05-05T16:34:45.669Z][ TEST REPORTING AND ANALYTICS ] Processing batch events for Interval-Queue. Request Size - 2650 bytes. Events are 'TestRunStarted':646da466-7df5-4000-bec3-312ea35e5b51,'HookRunStarted':25cb1ce8-eed8-44d9-8cf9-050cad1228fd
2026-05-05 10:34:45 - [34mdebug[39m: Sending request to https://collector-observability.browserstack.com/api/v1/batch
2026-05-05 10:34:46 - [34mdebug[39m: Response from https://collector-observability.browserstack.com/api/v1/batch: 200 OK
[34mdebug[39m: [2026-05-05T16:34:46.051Z][ TEST REPORTING AND ANALYTICS ] Interval-Queue event successful for events 'TestRunStarted':646da466-7df5-4000-bec3-312ea35e5b51,'HookRunStarted':25cb1ce8-eed8-44d9-8cf9-050cad1228fd -- {"success":true}
[35msilly[39m: [2026-05-05T16:34:46.052Z][ TEST REPORTING AND ANALYTICS ] Remaining Queue Length - 0
[34mdebug[39m: [2026-05-05T16:34:51.488Z][ TEST REPORTING AND ANALYTICS ] Setting platform details received from BS: [object Object]
[34mdebug[39m: [2026-05-05T16:34:51.488Z][ TEST REPORTING AND ANALYTICS ] Setting session id received from BS 1b2d48846a77d374c17833d921dd0a8fe3b966d5
2026-05-05 10:34:51 - [34mdebug[39m: Device Model is not available
[35msilly[39m: [2026-05-05T16:34:51.493Z][ TEST REPORTING AND ANALYTICS ] Sending session details at connect
[34mdebug[39m: [2026-05-05T16:34:51.496Z][ TEST REPORTING AND ANALYTICS ] Sending session details for chrome-latest:Windows 11-browserstack4-26fe6ec0a7f114ec92af-0f239fe63bbaf58a7d2f-0, {
  browserstack: {
    browser: 'chrome',
    browser_version: '147.0.7727.56',
    capabilities: {},
    platform: 'Windows',
    platform_version: '11',
    product: 'automate',
    session_id: '1b2d48846a77d374c17833d921dd0a8fe3b966d5'
  }
}
[35msilly[39m: [2026-05-05T16:34:51.497Z][ TEST REPORTING AND ANALYTICS ] Processing event - 'CBTSessionCreated' 1f8ef215-ac8d-4ab9-b9fd-b0f9a9236514
2026-05-05 10:34:51 - [34mdebug[39m: Device Model is not available
[35msilly[39m: [2026-05-05T16:34:51.501Z][ TEST REPORTING AND ANALYTICS ] Sending session details at browser fixture
[34mdebug[39m: [2026-05-05T16:34:51.501Z][ TEST REPORTING AND ANALYTICS ] Sending session details for chrome-latest:Windows 11-browserstack4-26fe6ec0a7f114ec92af-0f239fe63bbaf58a7d2f-0, {
  browserstack: {
    browser: 'chrome',
    browser_version: '147.0.7727.56',
    capabilities: {},
    platform: 'Windows',
    platform_version: '11',
    product: 'automate',
    session_id: '1b2d48846a77d374c17833d921dd0a8fe3b966d5'
  }
}
[35msilly[39m: [2026-05-05T16:34:51.501Z][ TEST REPORTING AND ANALYTICS ] Processing event - 'CBTSessionCreated' 1f8ef215-ac8d-4ab9-b9fd-b0f9a9236514
[35msilly[39m: [2026-05-05T16:34:53.502Z][ TEST REPORTING AND ANALYTICS ] Processing events. Queue Length - 2
[34mdebug[39m: [2026-05-05T16:34:53.503Z][ TEST REPORTING AND ANALYTICS ] Processing batch events for Interval-Queue. Request Size - 643 bytes. Events are 'CBTSessionCreated':1f8ef215-ac8d-4ab9-b9fd-b0f9a9236514,'CBTSessionCreated':1f8ef215-ac8d-4ab9-b9fd-b0f9a9236514
2026-05-05 10:34:53 - [34mdebug[39m: Sending request to https://collector-observability.browserstack.com/api/v1/batch
[35msilly[39m: [2026-05-05T16:34:55.291Z][ TEST REPORTING AND ANALYTICS ] Processing event - 'LogCreated' undefined
2026-05-05 10:34:55 - [34mdebug[39m: Response from https://collector-observability.browserstack.com/api/v1/batch: 200 OK
[34mdebug[39m: [2026-05-05T16:34:55.295Z][ TEST REPORTING AND ANALYTICS ] Interval-Queue event successful for events 'CBTSessionCreated':1f8ef215-ac8d-4ab9-b9fd-b0f9a9236514,'CBTSessionCreated':1f8ef215-ac8d-4ab9-b9fd-b0f9a9236514 -- {"success":true}
[35msilly[39m: [2026-05-05T16:34:55.296Z][ TEST REPORTING AND ANALYTICS ] Remaining Queue Length - 1
[35msilly[39m: [2026-05-05T16:34:55.515Z][ TEST REPORTING AND ANALYTICS ] Processing events. Queue Length - 1
[34mdebug[39m: [2026-05-05T16:34:55.516Z][ TEST REPORTING AND ANALYTICS ] Processing batch events for Interval-Queue. Request Size - 1416 bytes. Events are 'LogCreated':undefined
2026-05-05 10:34:55 - [34mdebug[39m: Sending request to https://collector-observability.browserstack.com/api/v1/batch
[35msilly[39m: [2026-05-05T16:34:55.908Z][ TEST REPORTING AND ANALYTICS ] Processing event - 'LogCreated' undefined
2026-05-05 10:34:55 - [34mdebug[39m: Response from https://collector-observability.browserstack.com/api/v1/batch: 200 OK
[34mdebug[39m: [2026-05-05T16:34:55.911Z][ TEST REPORTING AND ANALYTICS ] Interval-Queue event successful for events 'LogCreated':undefined -- {"success":true}
[35msilly[39m: [2026-05-05T16:34:55.911Z][ TEST REPORTING AND ANALYTICS ] Remaining Queue Length - 1
[35msilly[39m: [2026-05-05T16:34:57.517Z][ TEST REPORTING AND ANALYTICS ] Processing events. Queue Length - 1
[34mdebug[39m: [2026-05-05T16:34:57.518Z][ TEST REPORTING AND ANALYTICS ] Processing batch events for Interval-Queue. Request Size - 1416 bytes. Events are 'LogCreated':undefined
2026-05-05 10:34:57 - [34mdebug[39m: Sending request to https://collector-observability.browserstack.com/api/v1/batch
[35msilly[39m: [2026-05-05T16:34:57.930Z][ TEST REPORTING AND ANALYTICS ] Processing event - 'LogCreated' undefined
2026-05-05 10:34:57 - [34mdebug[39m: Response from https://collector-observability.browserstack.com/api/v1/batch: 200 OK
[34mdebug[39m: [2026-05-05T16:34:57.934Z][ TEST REPORTING AND ANALYTICS ] Interval-Queue event successful for events 'LogCreated':undefined -- {"success":true}
[35msilly[39m: [2026-05-05T16:34:57.935Z][ TEST REPORTING AND ANALYTICS ] Remaining Queue Length - 1
[35msilly[39m: [2026-05-05T16:34:59.521Z][ TEST REPORTING AND ANALYTICS ] Processing events. Queue Length - 1
[34mdebug[39m: [2026-05-05T16:34:59.521Z][ TEST REPORTING AND ANALYTICS ] Processing batch events for Interval-Queue. Request Size - 1416 bytes. Events are 'LogCreated':undefined
2026-05-05 10:34:59 - [34mdebug[39m: Sending request to https://collector-observability.browserstack.com/api/v1/batch
[35msilly[39m: [2026-05-05T16:34:59.886Z][ TEST REPORTING AND ANALYTICS ] Processing event - 'LogCreated' undefined
2026-05-05 10:34:59 - [34mdebug[39m: Response from https://collector-observability.browserstack.com/api/v1/batch: 200 OK
[34mdebug[39m: [2026-05-05T16:34:59.887Z][ TEST REPORTING AND ANALYTICS ] Interval-Queue event successful for events 'LogCreated':undefined -- {"success":true}
[35msilly[39m: [2026-05-05T16:34:59.888Z][ TEST REPORTING AND ANALYTICS ] Remaining Queue Length - 1
[35msilly[39m: [2026-05-05T16:35:01.529Z][ TEST REPORTING AND ANALYTICS ] Processing events. Queue Length - 1
[34mdebug[39m: [2026-05-05T16:35:01.529Z][ TEST REPORTING AND ANALYTICS ] Processing batch events for Interval-Queue. Request Size - 1416 bytes. Events are 'LogCreated':undefined
2026-05-05 10:35:01 - [34mdebug[39m: Sending request to https://collector-observability.browserstack.com/api/v1/batch
[35msilly[39m: [2026-05-05T16:35:01.886Z][ TEST REPORTING AND ANALYTICS ] Processing event - 'LogCreated' undefined
2026-05-05 10:35:01 - [34mdebug[39m: Response from https://collector-observability.browserstack.com/api/v1/batch: 200 OK
[34mdebug[39m: [2026-05-05T16:35:01.888Z][ TEST REPORTING AND ANALYTICS ] Interval-Queue event successful for events 'LogCreated':undefined -- {"success":true}
[35msilly[39m: [2026-05-05T16:35:01.888Z][ TEST REPORTING AND ANALYTICS ] Remaining Queue Length - 1
[35msilly[39m: [2026-05-05T16:35:03.539Z][ TEST REPORTING AND ANALYTICS ] Processing events. Queue Length - 1
[34mdebug[39m: [2026-05-05T16:35:03.539Z][ TEST REPORTING AND ANALYTICS ] Processing batch events for Interval-Queue. Request Size - 1416 bytes. Events are 'LogCreated':undefined
2026-05-05 10:35:03 - [34mdebug[39m: Sending request to https://collector-observability.browserstack.com/api/v1/batch
[35msilly[39m: [2026-05-05T16:35:03.900Z][ TEST REPORTING AND ANALYTICS ] Processing event - 'LogCreated' undefined
2026-05-05 10:35:03 - [34mdebug[39m: Response from https://collector-observability.browserstack.com/api/v1/batch: 200 OK
[34mdebug[39m: [2026-05-05T16:35:03.901Z][ TEST REPORTING AND ANALYTICS ] Interval-Queue event successful for events 'LogCreated':undefined -- {"success":true}
[35msilly[39m: [2026-05-05T16:35:03.902Z][ TEST REPORTING AND ANALYTICS ] Remaining Queue Length - 1
[35msilly[39m: [2026-05-05T16:35:05.550Z][ TEST REPORTING AND ANALYTICS ] Processing events. Queue Length - 1
[34mdebug[39m: [2026-05-05T16:35:05.551Z][ TEST REPORTING AND ANALYTICS ] Processing batch events for Interval-Queue. Request Size - 1416 bytes. Events are 'LogCreated':undefined
2026-05-05 10:35:05 - [34mdebug[39m: Sending request to https://collector-observability.browserstack.com/api/v1/batch
[35msilly[39m: [2026-05-05T16:35:05.915Z][ TEST REPORTING AND ANALYTICS ] Processing event - 'LogCreated' undefined
2026-05-05 10:35:05 - [34mdebug[39m: Response from https://collector-observability.browserstack.com/api/v1/batch: 200 OK
[34mdebug[39m: [2026-05-05T16:35:05.916Z][ TEST REPORTING AND ANALYTICS ] Interval-Queue event successful for events 'LogCreated':undefined -- {"success":true}
[35msilly[39m: [2026-05-05T16:35:05.916Z][ TEST REPORTING AND ANALYTICS ] Remaining Queue Length - 1
[35msilly[39m: [2026-05-05T16:35:07.551Z][ TEST REPORTING AND ANALYTICS ] Processing events. Queue Length - 1
[34mdebug[39m: [2026-05-05T16:35:07.552Z][ TEST REPORTING AND ANALYTICS ] Processing batch events for Interval-Queue. Request Size - 1416 bytes. Events are 'LogCreated':undefined
2026-05-05 10:35:07 - [34mdebug[39m: Sending request to https://collector-observability.browserstack.com/api/v1/batch
[35msilly[39m: [2026-05-05T16:35:07.915Z][ TEST REPORTING AND ANALYTICS ] Processing event - 'LogCreated' undefined
2026-05-05 10:35:07 - [34mdebug[39m: Response from https://collector-observability.browserstack.com/api/v1/batch: 200 OK
[34mdebug[39m: [2026-05-05T16:35:07.917Z][ TEST REPORTING AND ANALYTICS ] Interval-Queue event successful for events 'LogCreated':undefined -- {"success":true}
[35msilly[39m: [2026-05-05T16:35:07.917Z][ TEST REPORTING AND ANALYTICS ] Remaining Queue Length - 1
[35msilly[39m: [2026-05-05T16:35:09.564Z][ TEST REPORTING AND ANALYTICS ] Processing events. Queue Length - 1
[34mdebug[39m: [2026-05-05T16:35:09.564Z][ TEST REPORTING AND ANALYTICS ] Processing batch events for Interval-Queue. Request Size - 1416 bytes. Events are 'LogCreated':undefined
2026-05-05 10:35:09 - [34mdebug[39m: Sending request to https://collector-observability.browserstack.com/api/v1/batch
[35msilly[39m: [2026-05-05T16:35:09.936Z][ TEST REPORTING AND ANALYTICS ] Processing event - 'LogCreated' undefined
2026-05-05 10:35:09 - [34mdebug[39m: Response from https://collector-observability.browserstack.com/api/v1/batch: 200 OK
[34mdebug[39m: [2026-05-05T16:35:09.937Z][ TEST REPORTING AND ANALYTICS ] Interval-Queue event successful for events 'LogCreated':undefined -- {"success":true}
[35msilly[39m: [2026-05-05T16:35:09.937Z][ TEST REPORTING AND ANALYTICS ] Remaining Queue Length - 1
[35msilly[39m: [2026-05-05T16:35:11.580Z][ TEST REPORTING AND ANALYTICS ] Processing events. Queue Length - 1
[34mdebug[39m: [2026-05-05T16:35:11.581Z][ TEST REPORTING AND ANALYTICS ] Processing batch events for Interval-Queue. Request Size - 1416 bytes. Events are 'LogCreated':undefined
2026-05-05 10:35:11 - [34mdebug[39m: Sending request to https://collector-observability.browserstack.com/api/v1/batch
[35msilly[39m: [2026-05-05T16:35:11.948Z][ TEST REPORTING AND ANALYTICS ] Processing event - 'LogCreated' undefined
2026-05-05 10:35:11 - [34mdebug[39m: Response from https://collector-observability.browserstack.com/api/v1/batch: 200 OK
[34mdebug[39m: [2026-05-05T16:35:11.952Z][ TEST REPORTING AND ANALYTICS ] Interval-Queue event successful for events 'LogCreated':undefined -- {"success":true}
[35msilly[39m: [2026-05-05T16:35:11.952Z][ TEST REPORTING AND ANALYTICS ] Remaining Queue Length - 1
[35msilly[39m: [2026-05-05T16:35:13.584Z][ TEST REPORTING AND ANALYTICS ] Processing events. Queue Length - 1
[34mdebug[39m: [2026-05-05T16:35:13.584Z][ TEST REPORTING AND ANALYTICS ] Processing batch events for Interval-Queue. Request Size - 1416 bytes. Events are 'LogCreated':undefined
2026-05-05 10:35:13 - [34mdebug[39m: Sending request to https://collector-observability.browserstack.com/api/v1/batch
[35msilly[39m: [2026-05-05T16:35:13.831Z][ TEST REPORTING AND ANALYTICS ] Hook Finished with unique id beforeEach hook for chrome-latest:Windows 11-browserstack4-26fe6ec0a7f114ec92af-0f239fe63bbaf58a7d2f is triggered
[35msilly[39m: [2026-05-05T16:35:13.832Z][ TEST REPORTING AND ANALYTICS ] Processing event - 'LogCreated' undefined
[35msilly[39m: [2026-05-05T16:35:13.832Z][ TEST REPORTING AND ANALYTICS ] Processing event - 'HookRunFinished' 25cb1ce8-eed8-44d9-8cf9-050cad1228fd
[35msilly[39m: [2026-05-05T16:35:13.964Z][ TEST REPORTING AND ANALYTICS ] Processing event - 'LogCreated' undefined
2026-05-05 10:35:13 - [34mdebug[39m: Response from https://collector-observability.browserstack.com/api/v1/batch: 200 OK
[34mdebug[39m: [2026-05-05T16:35:13.966Z][ TEST REPORTING AND ANALYTICS ] Interval-Queue event successful for events 'LogCreated':undefined -- {"success":true}
[35msilly[39m: [2026-05-05T16:35:13.966Z][ TEST REPORTING AND ANALYTICS ] Remaining Queue Length - 1
[35msilly[39m: [2026-05-05T16:35:15.598Z][ TEST REPORTING AND ANALYTICS ] Processing events. Queue Length - 1
[34mdebug[39m: [2026-05-05T16:35:15.599Z][ TEST REPORTING AND ANALYTICS ] Processing batch events for Interval-Queue. Request Size - 1416 bytes. Events are 'LogCreated':undefined
2026-05-05 10:35:15 - [34mdebug[39m: Sending request to https://collector-observability.browserstack.com/api/v1/batch
[35msilly[39m: [2026-05-05T16:35:15.796Z][ TEST REPORTING AND ANALYTICS ] Processing events. Queue Length - 2
[34mdebug[39m: [2026-05-05T16:35:15.797Z][ TEST REPORTING AND ANALYTICS ] Processing batch events for Interval-Queue. Request Size - 5635 bytes. Events are 'LogCreated':undefined,'HookRunFinished':25cb1ce8-eed8-44d9-8cf9-050cad1228fd
2026-05-05 10:35:15 - [34mdebug[39m: Sending request to https://collector-observability.browserstack.com/api/v1/batch
[35msilly[39m: [2026-05-05T16:35:15.978Z][ TEST REPORTING AND ANALYTICS ] Processing event - 'LogCreated' undefined
2026-05-05 10:35:15 - [34mdebug[39m: Response from https://collector-observability.browserstack.com/api/v1/batch: 200 OK
[34mdebug[39m: [2026-05-05T16:35:15.979Z][ TEST REPORTING AND ANALYTICS ] Interval-Queue event successful for events 'LogCreated':undefined -- {"success":true}
[35msilly[39m: [2026-05-05T16:35:15.979Z][ TEST REPORTING AND ANALYTICS ] Remaining Queue Length - 1
2026-05-05 10:35:16 - [34mdebug[39m: Response from https://collector-observability.browserstack.com/api/v1/batch: 200 OK
[34mdebug[39m: [2026-05-05T16:35:16.159Z][ TEST REPORTING AND ANALYTICS ] Interval-Queue event successful for events 'LogCreated':undefined,'HookRunFinished':25cb1ce8-eed8-44d9-8cf9-050cad1228fd -- {"success":true}
[35msilly[39m: [2026-05-05T16:35:16.160Z][ TEST REPORTING AND ANALYTICS ] Remaining Queue Length - 0
[35msilly[39m: [2026-05-05T16:35:17.608Z][ TEST REPORTING AND ANALYTICS ] Processing events. Queue Length - 1
[34mdebug[39m: [2026-05-05T16:35:17.609Z][ TEST REPORTING AND ANALYTICS ] Processing batch events for Interval-Queue. Request Size - 1416 bytes. Events are 'LogCreated':undefined
2026-05-05 10:35:17 - [34mdebug[39m: Sending request to https://collector-observability.browserstack.com/api/v1/batch
[35msilly[39m: [2026-05-05T16:35:17.986Z][ TEST REPORTING AND ANALYTICS ] Processing event - 'LogCreated' undefined
2026-05-05 10:35:17 - [34mdebug[39m: Response from https://collector-observability.browserstack.com/api/v1/batch: 200 OK
[34mdebug[39m: [2026-05-05T16:35:17.989Z][ TEST REPORTING AND ANALYTICS ] Interval-Queue event successful for events 'LogCreated':undefined -- {"success":true}
[35msilly[39m: [2026-05-05T16:35:17.989Z][ TEST REPORTING AND ANALYTICS ] Remaining Queue Length - 1
[35msilly[39m: [2026-05-05T16:35:19.618Z][ TEST REPORTING AND ANALYTICS ] Processing events. Queue Length - 1
[34mdebug[39m: [2026-05-05T16:35:19.619Z][ TEST REPORTING AND ANALYTICS ] Processing batch events for Interval-Queue. Request Size - 1416 bytes. Events are 'LogCreated':undefined
2026-05-05 10:35:19 - [34mdebug[39m: Sending request to https://collector-observability.browserstack.com/api/v1/batch
[35msilly[39m: [2026-05-05T16:35:19.978Z][ TEST REPORTING AND ANALYTICS ] Processing event - 'LogCreated' undefined
2026-05-05 10:35:19 - [34mdebug[39m: Response from https://collector-observability.browserstack.com/api/v1/batch: 200 OK
[34mdebug[39m: [2026-05-05T16:35:19.979Z][ TEST REPORTING AND ANALYTICS ] Interval-Queue event successful for events 'LogCreated':undefined -- {"success":true}
[35msilly[39m: [2026-05-05T16:35:19.979Z][ TEST REPORTING AND ANALYTICS ] Remaining Queue Length - 1
[35msilly[39m: [2026-05-05T16:35:21.628Z][ TEST REPORTING AND ANALYTICS ] Processing events. Queue Length - 1
[34mdebug[39m: [2026-05-05T16:35:21.629Z][ TEST REPORTING AND ANALYTICS ] Processing batch events for Interval-Queue. Request Size - 1416 bytes. Events are 'LogCreated':undefined
2026-05-05 10:35:21 - [34mdebug[39m: Sending request to https://collector-observability.browserstack.com/api/v1/batch
[35msilly[39m: [2026-05-05T16:35:22.009Z][ TEST REPORTING AND ANALYTICS ] Processing event - 'LogCreated' undefined
2026-05-05 10:35:22 - [34mdebug[39m: Response from https://collector-observability.browserstack.com/api/v1/batch: 200 OK
[34mdebug[39m: [2026-05-05T16:35:22.011Z][ TEST REPORTING AND ANALYTICS ] Interval-Queue event successful for events 'LogCreated':undefined -- {"success":true}
[35msilly[39m: [2026-05-05T16:35:22.012Z][ TEST REPORTING AND ANALYTICS ] Remaining Queue Length - 1
[35msilly[39m: [2026-05-05T16:35:23.630Z][ TEST REPORTING AND ANALYTICS ] Processing events. Queue Length - 1
[34mdebug[39m: [2026-05-05T16:35:23.631Z][ TEST REPORTING AND ANALYTICS ] Processing batch events for Interval-Queue. Request Size - 1416 bytes. Events are 'LogCreated':undefined
2026-05-05 10:35:23 - [34mdebug[39m: Sending request to https://collector-observability.browserstack.com/api/v1/batch
[35msilly[39m: [2026-05-05T16:35:23.995Z][ TEST REPORTING AND ANALYTICS ] Processing event - 'LogCreated' undefined
2026-05-05 10:35:23 - [34mdebug[39m: Response from https://collector-observability.browserstack.com/api/v1/batch: 200 OK
[34mdebug[39m: [2026-05-05T16:35:23.997Z][ TEST REPORTING AND ANALYTICS ] Interval-Queue event successful for events 'LogCreated':undefined -- {"success":true}
[35msilly[39m: [2026-05-05T16:35:23.997Z][ TEST REPORTING AND ANALYTICS ] Remaining Queue Length - 1
[35msilly[39m: [2026-05-05T16:35:25.632Z][ TEST REPORTING AND ANALYTICS ] Processing events. Queue Length - 1
[34mdebug[39m: [2026-05-05T16:35:25.632Z][ TEST REPORTING AND ANALYTICS ] Processing batch events for Interval-Queue. Request Size - 1416 bytes. Events are 'LogCreated':undefined
2026-05-05 10:35:25 - [34mdebug[39m: Sending request to https://collector-observability.browserstack.com/api/v1/batch
[35msilly[39m: [2026-05-05T16:35:26.011Z][ TEST REPORTING AND ANALYTICS ] Processing event - 'LogCreated' undefined
2026-05-05 10:35:26 - [34mdebug[39m: Response from https://collector-observability.browserstack.com/api/v1/batch: 200 OK
[34mdebug[39m: [2026-05-05T16:35:26.013Z][ TEST REPORTING AND ANALYTICS ] Interval-Queue event successful for events 'LogCreated':undefined -- {"success":true}
[35msilly[39m: [2026-05-05T16:35:26.013Z][ TEST REPORTING AND ANALYTICS ] Remaining Queue Length - 1
[35msilly[39m: [2026-05-05T16:35:27.645Z][ TEST REPORTING AND ANALYTICS ] Processing events. Queue Length - 1
[34mdebug[39m: [2026-05-05T16:35:27.645Z][ TEST REPORTING AND ANALYTICS ] Processing batch events for Interval-Queue. Request Size - 1416 bytes. Events are 'LogCreated':undefined
2026-05-05 10:35:27 - [34mdebug[39m: Sending request to https://collector-observability.browserstack.com/api/v1/batch
[35msilly[39m: [2026-05-05T16:35:28.031Z][ TEST REPORTING AND ANALYTICS ] Processing event - 'LogCreated' undefined
2026-05-05 10:35:28 - [34mdebug[39m: Response from https://collector-observability.browserstack.com/api/v1/batch: 200 OK
[34mdebug[39m: [2026-05-05T16:35:28.032Z][ TEST REPORTING AND ANALYTICS ] Interval-Queue event successful for events 'LogCreated':undefined -- {"success":true}
[35msilly[39m: [2026-05-05T16:35:28.033Z][ TEST REPORTING AND ANALYTICS ] Remaining Queue Length - 1
2026-05-05 10:35:29 - [34mdebug[39m: Accessibility extension data for current test: {"thTestRunUuid":"1f8ef215-ac8d-4ab9-b9fd-b0f9a9236514","thBuildUuid":"1gdastcn8kq9sxsko6uvecgoi3hmpl1o1ghvf2we","thJwtToken":"eyJhbGciOiJIUzI1NiJ9.eyJpc3MiOiJicm93c2Vyc3RhY2tfb2IiLCJzdWIiOiIxMDkzMzE0NCIsImdyb3VwX2lkIjoxMDg0OTc3MywidXNlcl9pZCI6MTA5MzMxNDQsImJ1aWxkX2hhc2hlZF9pZCI6IjFnZGFzdGNuOGtxOXN4c2tvNnV2ZWNnb2kzaG1wbDFvMWdodmYyd2UiLCJwcm9qZWN0X25hbWUiOiIiLCJob29rX2FzX3Rlc3QiOiIxIiwiYnVpbGRfbmFtZSI6IkF2b3RlY2gtUmVncmVzc2lvbi1UZXN0U3VpdGUiLCJwcm9kdWN0X21hcCI6IntcIm9ic2VydmFiaWxpdHlcIjp0cnVlLFwiYXV0b21hdGVcIjp0cnVlLFwiY2FkXCI6dHJ1ZSxcImFjY2Vzc2liaWxpdHlBdXRvRW5hYmxlZFwiOnRydWUsXCJub25TREtcIjpmYWxzZSxcIm9yaWdpbkZyb21Qcm9kdWN0TWFwXCI6XCJBdXRvbWF0ZVwiLFwiYnN0YWNrQXV0b21hdGlvblwiOnRydWV9IiwiZ3JyX3JlZ2lvbiI6IiIsImlzX2xvd192b2x1bWUiOmZhbHNlLCJpc19sY25jX2V2ZW50IjpmYWxzZSwiaXNfbHRzX2V2ZW50IjpmYWxzZSwic2lnbmluZ19rZXlfaGFzaCI6IjM3YzExMzFlNGIyZTc0M2M3NjZlMWQ3MGJmNWYyYjU3ZGM2OWIxOTVkMzAwZTMyYWU4ZDAyMzEyMGE0YTZkOTciLCJpYXQiOjE3Nzc5OTg0NzMsImV4cCI6MTc3ODM0NDA3M30.Gp72MtFIYMISvs78WJF6exDqEAuDQ-wAShJ3z3IxYOs"}
2026-05-05 10:35:29 - [32minfo[39m: Automate test case execution has ended. Processing for accessibility testing is underway. 
2026-05-05 10:35:29 - [34mdebug[39m: Performing scan before saving results.
2026-05-05 10:35:29 - [33mwarn[39m: Not a valid Accessibility Automation session for playwright-page, cannot perform scan with retry.
2026-05-05 10:35:29 - [34mdebug[39m: result=false
2026-05-05 10:35:29 - [33mwarn[39m: Not a valid Accessibility Automation session for playwright-page, cannot save accessibility results with retry.
2026-05-05 10:35:29 - [34mdebug[39m: saved Result scan=false
2026-05-05 10:35:29 - [32minfo[39m: Accessibility testing for this test case has ended.
[35msilly[39m: [2026-05-05T16:35:29.656Z][ TEST REPORTING AND ANALYTICS ] Processing events. Queue Length - 1
[34mdebug[39m: [2026-05-05T16:35:29.656Z][ TEST REPORTING AND ANALYTICS ] Processing batch events for Interval-Queue. Request Size - 1416 bytes. Events are 'LogCreated':undefined
2026-05-05 10:35:29 - [34mdebug[39m: Sending request to https://collector-observability.browserstack.com/api/v1/batch
[35msilly[39m: [2026-05-05T16:35:29.807Z][ TEST REPORTING AND ANALYTICS ] Started :: afterTestHook, PID - 18712, Argument - Create course distribution from Course Distribution
[34mdebug[39m: [2026-05-05T16:35:29.808Z][ TEST REPORTING AND ANALYTICS ] Started :: Executing After Test Hook, PID - 18712, Test Title - Create course distribution from Course Distribution, Test File - D:\CODES\CSI-QA-testing\tests\csi\training\Training.spec.ts
2026-05-05 10:35:29 - [32minfo[39m: [Accessibility] afterTestHook state: accessibilityPlatform=false, bstackA11yShouldScan=true
[34mdebug[39m: [2026-05-05T16:35:29.808Z][ TEST REPORTING AND ANALYTICS ] Sending session details for chrome-latest:Windows 11-browserstack4-26fe6ec0a7f114ec92af-0f239fe63bbaf58a7d2f-0, {
  browserstack: {
    browser: 'chrome',
    browser_version: '147.0.7727.56',
    capabilities: {},
    platform: 'Windows',
    platform_version: '11',
    product: 'automate',
    session_id: '1b2d48846a77d374c17833d921dd0a8fe3b966d5'
  }
}
[35msilly[39m: [2026-05-05T16:35:29.809Z][ TEST REPORTING AND ANALYTICS ] Processing event - 'CBTSessionCreated' 1f8ef215-ac8d-4ab9-b9fd-b0f9a9236514
[35msilly[39m: [2026-05-05T16:35:29.809Z][ TEST REPORTING AND ANALYTICS ] Finished :: afterTestHook, PID - 18712, Argument - Create course distribution from Course Distribution
[35msilly[39m: [2026-05-05T16:35:30.017Z][ TEST REPORTING AND ANALYTICS ] Processing event - 'LogCreated' undefined
2026-05-05 10:35:30 - [34mdebug[39m: Response from https://collector-observability.browserstack.com/api/v1/batch: 200 OK
[34mdebug[39m: [2026-05-05T16:35:30.019Z][ TEST REPORTING AND ANALYTICS ] Interval-Queue event successful for events 'LogCreated':undefined -- {"success":true}
[35msilly[39m: [2026-05-05T16:35:30.020Z][ TEST REPORTING AND ANALYTICS ] Remaining Queue Length - 2
[34mdebug[39m: [2026-05-05T16:35:30.234Z][ TEST REPORTING AND ANALYTICS ] Finished :: Executing After Test Hook, PID - 18712, Test Title - Create course distribution from Course Distribution, Test File - D:\CODES\CSI-QA-testing\tests\csi\training\Training.spec.ts
[34mdebug[39m: [2026-05-05T16:35:30.234Z][ TEST REPORTING AND ANALYTICS ] Test Hook ended, PID 18712
[35msilly[39m: [2026-05-05T16:35:30.255Z][ TEST REPORTING AND ANALYTICS ] Started :: afterWorkerHook, PID - 18712, Argument - 5
[35msilly[39m: [2026-05-05T16:35:30.256Z][ TEST REPORTING AND ANALYTICS ] Finished :: afterWorkerHook, PID - 18712, Argument - 5
[35msilly[39m: [2026-05-05T16:35:31.666Z][ TEST REPORTING AND ANALYTICS ] Processing events. Queue Length - 2
[34mdebug[39m: [2026-05-05T16:35:31.667Z][ TEST REPORTING AND ANALYTICS ] Processing batch events for Interval-Queue. Request Size - 1737 bytes. Events are 'CBTSessionCreated':1f8ef215-ac8d-4ab9-b9fd-b0f9a9236514,'LogCreated':undefined
2026-05-05 10:35:31 - [34mdebug[39m: Sending request to https://collector-observability.browserstack.com/api/v1/batch
2026-05-05 10:35:32 - [34mdebug[39m: Response from https://collector-observability.browserstack.com/api/v1/batch: 200 OK
[34mdebug[39m: [2026-05-05T16:35:32.025Z][ TEST REPORTING AND ANALYTICS ] Interval-Queue event successful for events 'CBTSessionCreated':1f8ef215-ac8d-4ab9-b9fd-b0f9a9236514,'LogCreated':undefined -- {"success":true}
[35msilly[39m: [2026-05-05T16:35:32.026Z][ TEST REPORTING AND ANALYTICS ] Remaining Queue Length - 0
[34mdebug[39m: [2026-05-05T16:35:32.105Z][ TEST REPORTING AND ANALYTICS ] Finished :: Exiting Playwright worker, PID - 18712, WorkerIndex - 5
[34mdebug[39m: [2026-05-05T16:35:32.121Z][ TEST REPORTING AND ANALYTICS ] Test Finished with unique id chrome-latest:Windows 11-browserstack4-26fe6ec0a7f114ec92af-0f239fe63bbaf58a7d2f
[35msilly[39m: [2026-05-05T16:35:32.121Z][ TEST REPORTING AND ANALYTICS ] Processing event - 'LogCreated' undefined
2026-05-05 10:35:32 - [34mdebug[39m: Searching for key: path
[35msilly[39m: [2026-05-05T16:35:32.122Z][ TEST REPORTING AND ANALYTICS ] Processing event - 'TestRunFinished' 646da466-7df5-4000-bec3-312ea35e5b51
[34mdebug[39m: [2026-05-05T16:35:32.122Z][ TEST REPORTING AND ANALYTICS ] Starting sending trace zip for test: 646da466-7df5-4000-bec3-312ea35e5b51
2026-05-05 10:35:32 - [34mdebug[39m: Checking if trace is enabled for test: 646da466-7df5-4000-bec3-312ea35e5b51
2026-05-05 10:35:32 - [34mdebug[39m: Searching for key: path
[35msilly[39m: [2026-05-05T16:35:33.868Z][ TEST REPORTING AND ANALYTICS ] Processing events. Queue Length - 2
[34mdebug[39m: [2026-05-05T16:35:33.868Z][ TEST REPORTING AND ANALYTICS ] Processing batch events for Interval-Queue. Request Size - 7738 bytes. Events are 'LogCreated':undefined,'TestRunFinished':646da466-7df5-4000-bec3-312ea35e5b51
2026-05-05 10:35:33 - [34mdebug[39m: Sending request to https://collector-observability.browserstack.com/api/v1/batch
2026-05-05 10:35:34 - [34mdebug[39m: Response from https://collector-observability.browserstack.com/api/v1/batch: 200 OK
[34mdebug[39m: [2026-05-05T16:35:34.229Z][ TEST REPORTING AND ANALYTICS ] Interval-Queue event successful for events 'LogCreated':undefined,'TestRunFinished':646da466-7df5-4000-bec3-312ea35e5b51 -- {"success":true}
[35msilly[39m: [2026-05-05T16:35:34.229Z][ TEST REPORTING AND ANALYTICS ] Remaining Queue Length - 0
